call_id,age,job,marital,education,default,housing,loan,contact,month,day_of_week,campaign,pdays,previous,poutcome,emp.var.rate,cons.price.idx,cons.conf.idx,euribor3m,nr.employed
4,40,admin.,married,basic.6y,no,no,no,telephone,may,mon,1,999,0,nonexistent,1.1,93.994,-36.4,4.857,5191.0
5,56,services,married,high.school,no,no,yes,telephone,may,mon,1,999,0,nonexistent,1.1,93.994,-36.4,4.857,5191.0
11,41,blue-collar,married,unknown,unknown,no,no,telephone,may,mon,1,999,0,nonexistent,1.1,93.994,-36.4,4.857,5191.0
39,41,admin.,married,university.degree,no,yes,no,telephone,may,mon,1,999,0,nonexistent,1.1,93.994,-36.4,4.857,5191.0
43,38,admin.,single,professional.course,no,no,no,telephone,may,mon,1,999,0,nonexistent,1.1,93.994,-36.4,4.857,5191.0
52,39,housemaid,married,basic.4y,no,no,yes,telephone,may,mon,1,999,0,nonexistent,1.1,93.994,-36.4,4.857,5191.0
55,55,blue-collar,married,basic.4y,unknown,no,no,telephone,may,mon,2,999,0,nonexistent,1.1,93.994,-36.4,4.857,5191.0
58,45,services,married,high.school,unknown,yes,no,telephone,may,mon,1,999,0,nonexistent,1.1,93.994,-36.4,4.857,5191.0
64,42,blue-collar,married,basic.6y,unknown,no,no,telephone,may,mon,1,999,0,nonexistent,1.1,93.994,-36.4,4.857,5191.0
66,37,admin.,married,university.degree,no,no,no,telephone,may,mon,1,999,0,nonexistent,1.1,93.994,-36.4,4.857,5191.0
76,41,blue-collar,divorced,basic.4y,unknown,yes,no,telephone,may,mon,1,999,0,nonexistent,1.1,93.994,-36.4,4.857,5191.0
79,55,management,married,unknown,unknown,yes,no,telephone,may,mon,1,999,0,nonexistent,1.1,93.994,-36.4,4.857,5191.0
84,49,entrepreneur,married,university.degree,unknown,yes,no,telephone,may,mon,1,999,0,nonexistent,1.1,93.994,-36.4,4.857,5191.0
97,42,management,married,university.degree,no,no,no,telephone,may,mon,1,999,0,nonexistent,1.1,93.994,-36.4,4.857,5191.0
105,52,admin.,divorced,university.degree,no,no,no,telephone,may,mon,1,999,0,nonexistent,1.1,93.994,-36.4,4.857,5191.0
113,35,services,divorced,high.school,no,yes,no,telephone,may,mon,1,999,0,nonexistent,1.1,93.994,-36.4,4.857,5191.0
115,37,management,married,university.degree,no,no,no,telephone,may,mon,2,999,0,nonexistent,1.1,93.994,-36.4,4.857,5191.0
120,48,blue-collar,divorced,basic.4y,unknown,yes,no,telephone,may,mon,1,999,0,nonexistent,1.1,93.994,-36.4,4.857,5191.0
121,40,blue-collar,married,high.school,unknown,yes,no,telephone,may,mon,1,999,0,nonexistent,1.1,93.994,-36.4,4.857,5191.0
151,60,blue-collar,married,basic.9y,unknown,no,no,telephone,may,mon,1,999,0,nonexistent,1.1,93.994,-36.4,4.857,5191.0
172,36,services,married,high.school,unknown,no,no,telephone,may,mon,1,999,0,nonexistent,1.1,93.994,-36.4,4.857,5191.0
175,43,services,married,high.school,no,no,no,telephone,may,mon,3,999,0,nonexistent,1.1,93.994,-36.4,4.857,5191.0
177,44,services,married,high.school,no,yes,yes,telephone,may,mon,1,999,0,nonexistent,1.1,93.994,-36.4,4.857,5191.0
184,36,admin.,married,university.degree,no,yes,no,telephone,may,mon,3,999,0,nonexistent,1.1,93.994,-36.4,4.857,5191.0
190,34,admin.,married,university.degree,no,yes,no,telephone,may,mon,1,999,0,nonexistent,1.1,93.994,-36.4,4.857,5191.0
199,40,admin.,married,basic.9y,unknown,yes,no,telephone,may,mon,2,999,0,nonexistent,1.1,93.994,-36.4,4.857,5191.0
208,35,unemployed,married,professional.course,no,no,no,telephone,may,mon,1,999,0,nonexistent,1.1,93.994,-36.4,4.857,5191.0
213,59,admin.,married,university.degree,no,no,no,telephone,may,mon,1,999,0,nonexistent,1.1,93.994,-36.4,4.857,5191.0
218,30,blue-collar,single,unknown,no,yes,yes,telephone,may,mon,1,999,0,nonexistent,1.1,93.994,-36.4,4.857,5191.0
224,46,technician,married,basic.4y,unknown,yes,no,telephone,may,mon,1,999,0,nonexistent,1.1,93.994,-36.4,4.857,5191.0
230,45,blue-collar,married,basic.4y,no,yes,yes,telephone,may,mon,1,999,0,nonexistent,1.1,93.994,-36.4,4.857,5191.0
246,33,services,divorced,unknown,no,no,no,telephone,may,mon,2,999,0,nonexistent,1.1,93.994,-36.4,4.857,5191.0
248,36,technician,single,high.school,no,yes,no,telephone,may,mon,2,999,0,nonexistent,1.1,93.994,-36.4,4.857,5191.0
250,33,services,single,high.school,no,no,no,telephone,may,mon,1,999,0,nonexistent,1.1,93.994,-36.4,4.857,5191.0
270,40,self-employed,married,basic.4y,unknown,no,no,telephone,may,mon,3,999,0,nonexistent,1.1,93.994,-36.4,4.857,5191.0
282,56,technician,married,basic.4y,no,yes,no,telephone,may,mon,3,999,0,nonexistent,1.1,93.994,-36.4,4.857,5191.0
288,37,admin.,single,high.school,no,yes,yes,telephone,may,mon,2,999,0,nonexistent,1.1,93.994,-36.4,4.857,5191.0
291,42,management,divorced,university.degree,no,yes,no,telephone,may,mon,2,999,0,nonexistent,1.1,93.994,-36.4,4.857,5191.0
296,47,self-employed,married,professional.course,no,no,no,telephone,may,mon,2,999,0,nonexistent,1.1,93.994,-36.4,4.857,5191.0
315,40,management,married,university.degree,unknown,yes,no,telephone,may,mon,2,999,0,nonexistent,1.1,93.994,-36.4,4.857,5191.0
337,42,technician,single,professional.course,unknown,yes,no,telephone,may,mon,2,999,0,nonexistent,1.1,93.994,-36.4,4.857,5191.0
338,36,blue-collar,single,high.school,no,yes,yes,telephone,may,mon,3,999,0,nonexistent,1.1,93.994,-36.4,4.857,5191.0
364,42,blue-collar,married,basic.4y,unknown,yes,no,telephone,may,tue,3,999,0,nonexistent,1.1,93.994,-36.4,4.857,5191.0
376,49,blue-collar,married,unknown,no,no,no,telephone,may,tue,1,999,0,nonexistent,1.1,93.994,-36.4,4.857,5191.0
398,29,blue-collar,divorced,basic.4y,no,no,no,telephone,may,tue,1,999,0,nonexistent,1.1,93.994,-36.4,4.857,5191.0
399,41,self-employed,married,university.degree,no,yes,yes,telephone,may,tue,2,999,0,nonexistent,1.1,93.994,-36.4,4.857,5191.0
408,39,admin.,married,high.school,no,yes,no,telephone,may,tue,2,999,0,nonexistent,1.1,93.994,-36.4,4.857,5191.0
414,57,retired,unknown,basic.4y,no,no,no,telephone,may,tue,1,999,0,nonexistent,1.1,93.994,-36.4,4.857,5191.0
430,31,services,married,high.school,unknown,no,no,telephone,may,tue,1,999,0,nonexistent,1.1,93.994,-36.4,4.857,5191.0
445,34,admin.,married,basic.9y,no,no,no,telephone,may,tue,1,999,0,nonexistent,1.1,93.994,-36.4,4.857,5191.0
448,57,technician,married,basic.4y,unknown,no,yes,telephone,may,tue,1,999,0,nonexistent,1.1,93.994,-36.4,4.857,5191.0
472,43,management,married,professional.course,no,yes,no,telephone,may,tue,1,999,0,nonexistent,1.1,93.994,-36.4,4.857,5191.0
473,31,admin.,divorced,high.school,no,no,no,telephone,may,tue,1,999,0,nonexistent,1.1,93.994,-36.4,4.857,5191.0
481,37,technician,single,high.school,unknown,no,yes,telephone,may,tue,1,999,0,nonexistent,1.1,93.994,-36.4,4.857,5191.0
490,56,technician,married,unknown,no,yes,no,telephone,may,tue,2,999,0,nonexistent,1.1,93.994,-36.4,4.857,5191.0
497,38,technician,married,professional.course,no,yes,no,telephone,may,tue,1,999,0,nonexistent,1.1,93.994,-36.4,4.857,5191.0
498,35,admin.,divorced,university.degree,unknown,yes,no,telephone,may,tue,1,999,0,nonexistent,1.1,93.994,-36.4,4.857,5191.0
516,32,technician,married,unknown,unknown,yes,no,telephone,may,tue,2,999,0,nonexistent,1.1,93.994,-36.4,4.857,5191.0
519,42,blue-collar,married,unknown,unknown,no,no,telephone,may,tue,2,999,0,nonexistent,1.1,93.994,-36.4,4.857,5191.0
526,47,admin.,single,unknown,unknown,yes,no,telephone,may,tue,1,999,0,nonexistent,1.1,93.994,-36.4,4.857,5191.0
538,33,blue-collar,single,basic.4y,unknown,no,no,telephone,may,tue,1,999,0,nonexistent,1.1,93.994,-36.4,4.857,5191.0
552,39,blue-collar,married,basic.9y,unknown,no,no,telephone,may,tue,1,999,0,nonexistent,1.1,93.994,-36.4,4.857,5191.0
553,42,entrepreneur,married,basic.6y,no,no,no,telephone,may,tue,2,999,0,nonexistent,1.1,93.994,-36.4,4.857,5191.0
574,56,retired,married,basic.4y,unknown,yes,yes,telephone,may,tue,4,999,0,nonexistent,1.1,93.994,-36.4,4.857,5191.0
592,33,technician,married,professional.course,no,yes,no,telephone,may,tue,2,999,0,nonexistent,1.1,93.994,-36.4,4.857,5191.0
603,47,blue-collar,married,basic.9y,no,no,no,telephone,may,tue,1,999,0,nonexistent,1.1,93.994,-36.4,4.857,5191.0
607,36,services,married,high.school,no,no,no,telephone,may,tue,1,999,0,nonexistent,1.1,93.994,-36.4,4.857,5191.0
644,54,retired,married,high.school,unknown,yes,no,telephone,may,tue,1,999,0,nonexistent,1.1,93.994,-36.4,4.857,5191.0
650,33,blue-collar,married,high.school,no,no,no,telephone,may,tue,1,999,0,nonexistent,1.1,93.994,-36.4,4.857,5191.0
658,56,management,married,university.degree,unknown,no,yes,telephone,may,tue,2,999,0,nonexistent,1.1,93.994,-36.4,4.857,5191.0
667,47,admin.,divorced,university.degree,no,yes,no,telephone,may,tue,3,999,0,nonexistent,1.1,93.994,-36.4,4.857,5191.0
697,42,blue-collar,married,basic.4y,unknown,no,no,telephone,may,tue,2,999,0,nonexistent,1.1,93.994,-36.4,4.857,5191.0
703,38,self-employed,divorced,basic.9y,no,yes,no,telephone,may,tue,3,999,0,nonexistent,1.1,93.994,-36.4,4.857,5191.0
705,26,unemployed,single,basic.9y,no,yes,no,telephone,may,tue,3,999,0,nonexistent,1.1,93.994,-36.4,4.857,5191.0
709,42,admin.,married,high.school,unknown,yes,no,telephone,may,tue,2,999,0,nonexistent,1.1,93.994,-36.4,4.857,5191.0
710,60,retired,divorced,university.degree,unknown,yes,no,telephone,may,tue,2,999,0,nonexistent,1.1,93.994,-36.4,4.857,5191.0
716,40,technician,married,basic.9y,no,no,no,telephone,may,tue,2,999,0,nonexistent,1.1,93.994,-36.4,4.857,5191.0
717,45,technician,married,university.degree,no,no,no,telephone,may,tue,3,999,0,nonexistent,1.1,93.994,-36.4,4.857,5191.0
721,42,admin.,married,university.degree,no,yes,no,telephone,may,tue,2,999,0,nonexistent,1.1,93.994,-36.4,4.857,5191.0
727,38,admin.,married,high.school,no,no,no,telephone,may,tue,4,999,0,nonexistent,1.1,93.994,-36.4,4.857,5191.0
749,29,admin.,single,university.degree,no,no,no,telephone,may,tue,3,999,0,nonexistent,1.1,93.994,-36.4,4.857,5191.0
754,36,admin.,married,university.degree,no,yes,no,telephone,may,tue,3,999,0,nonexistent,1.1,93.994,-36.4,4.857,5191.0
769,38,technician,married,unknown,unknown,unknown,unknown,telephone,may,wed,2,999,0,nonexistent,1.1,93.994,-36.4,4.856,5191.0
770,30,student,single,high.school,unknown,no,no,telephone,may,wed,3,999,0,nonexistent,1.1,93.994,-36.4,4.856,5191.0
771,37,blue-collar,married,basic.4y,unknown,unknown,unknown,telephone,may,wed,2,999,0,nonexistent,1.1,93.994,-36.4,4.856,5191.0
808,56,entrepreneur,married,university.degree,unknown,yes,no,telephone,may,wed,2,999,0,nonexistent,1.1,93.994,-36.4,4.856,5191.0
814,50,admin.,married,university.degree,no,no,no,telephone,may,wed,1,999,0,nonexistent,1.1,93.994,-36.4,4.856,5191.0
816,39,blue-collar,divorced,basic.9y,no,no,no,telephone,may,wed,1,999,0,nonexistent,1.1,93.994,-36.4,4.856,5191.0
839,43,technician,married,professional.course,no,yes,no,telephone,may,wed,4,999,0,nonexistent,1.1,93.994,-36.4,4.856,5191.0
854,31,blue-collar,married,basic.6y,unknown,yes,no,telephone,may,wed,1,999,0,nonexistent,1.1,93.994,-36.4,4.856,5191.0
868,43,technician,married,professional.course,no,yes,no,telephone,may,wed,1,999,0,nonexistent,1.1,93.994,-36.4,4.856,5191.0
871,37,blue-collar,single,basic.9y,unknown,yes,no,telephone,may,wed,1,999,0,nonexistent,1.1,93.994,-36.4,4.856,5191.0
875,43,technician,single,university.degree,no,no,no,telephone,may,wed,1,999,0,nonexistent,1.1,93.994,-36.4,4.856,5191.0
885,40,blue-collar,divorced,unknown,no,yes,no,telephone,may,wed,2,999,0,nonexistent,1.1,93.994,-36.4,4.856,5191.0
899,32,management,married,basic.6y,no,no,no,telephone,may,wed,1,999,0,nonexistent,1.1,93.994,-36.4,4.856,5191.0
919,40,blue-collar,married,basic.6y,unknown,yes,no,telephone,may,wed,3,999,0,nonexistent,1.1,93.994,-36.4,4.856,5191.0
938,48,management,divorced,university.degree,no,yes,no,telephone,may,wed,2,999,0,nonexistent,1.1,93.994,-36.4,4.856,5191.0
954,46,management,married,basic.9y,no,no,no,telephone,may,wed,1,999,0,nonexistent,1.1,93.994,-36.4,4.856,5191.0
956,29,technician,married,professional.course,no,no,no,telephone,may,wed,2,999,0,nonexistent,1.1,93.994,-36.4,4.856,5191.0
982,55,blue-collar,married,basic.4y,no,yes,yes,telephone,may,wed,1,999,0,nonexistent,1.1,93.994,-36.4,4.856,5191.0
986,46,admin.,divorced,university.degree,unknown,no,no,telephone,may,wed,1,999,0,nonexistent,1.1,93.994,-36.4,4.856,5191.0
992,39,services,single,high.school,no,unknown,unknown,telephone,may,wed,2,999,0,nonexistent,1.1,93.994,-36.4,4.856,5191.0
1002,34,technician,married,high.school,no,no,no,telephone,may,wed,1,999,0,nonexistent,1.1,93.994,-36.4,4.856,5191.0
1012,28,admin.,single,university.degree,no,no,no,telephone,may,wed,1,999,0,nonexistent,1.1,93.994,-36.4,4.856,5191.0
1036,30,services,married,professional.course,unknown,yes,no,telephone,may,wed,1,999,0,nonexistent,1.1,93.994,-36.4,4.856,5191.0
1040,45,blue-collar,single,high.school,unknown,no,yes,telephone,may,wed,6,999,0,nonexistent,1.1,93.994,-36.4,4.856,5191.0
1046,42,blue-collar,married,basic.4y,unknown,no,no,telephone,may,wed,2,999,0,nonexistent,1.1,93.994,-36.4,4.856,5191.0
1051,34,technician,single,professional.course,no,unknown,unknown,telephone,may,wed,3,999,0,nonexistent,1.1,93.994,-36.4,4.856,5191.0
1054,51,blue-collar,married,basic.4y,no,yes,no,telephone,may,wed,3,999,0,nonexistent,1.1,93.994,-36.4,4.856,5191.0
1088,51,technician,married,professional.course,no,yes,no,telephone,may,wed,2,999,0,nonexistent,1.1,93.994,-36.4,4.856,5191.0
1111,46,admin.,single,university.degree,no,unknown,unknown,telephone,may,wed,1,999,0,nonexistent,1.1,93.994,-36.4,4.856,5191.0
1114,34,management,married,university.degree,no,no,no,telephone,may,wed,1,999,0,nonexistent,1.1,93.994,-36.4,4.856,5191.0
1122,36,blue-collar,single,unknown,no,yes,no,telephone,may,wed,4,999,0,nonexistent,1.1,93.994,-36.4,4.856,5191.0
1138,35,blue-collar,married,basic.6y,no,no,no,telephone,may,wed,5,999,0,nonexistent,1.1,93.994,-36.4,4.856,5191.0
1140,56,retired,married,basic.9y,no,yes,yes,telephone,may,wed,4,999,0,nonexistent,1.1,93.994,-36.4,4.856,5191.0
1143,38,entrepreneur,married,basic.9y,no,no,no,telephone,may,wed,3,999,0,nonexistent,1.1,93.994,-36.4,4.856,5191.0
1156,28,services,single,high.school,no,no,no,telephone,may,thu,2,999,0,nonexistent,1.1,93.994,-36.4,4.855,5191.0
1164,43,admin.,married,high.school,no,no,no,telephone,may,thu,1,999,0,nonexistent,1.1,93.994,-36.4,4.855,5191.0
1165,33,admin.,single,university.degree,no,no,no,telephone,may,thu,1,999,0,nonexistent,1.1,93.994,-36.4,4.855,5191.0
1170,48,blue-collar,married,professional.course,no,yes,no,telephone,may,thu,1,999,0,nonexistent,1.1,93.994,-36.4,4.855,5191.0
1176,35,blue-collar,married,basic.9y,no,no,yes,telephone,may,thu,1,999,0,nonexistent,1.1,93.994,-36.4,4.855,5191.0
1177,50,housemaid,divorced,basic.4y,unknown,no,no,telephone,may,thu,1,999,0,nonexistent,1.1,93.994,-36.4,4.855,5191.0
1212,28,admin.,single,professional.course,no,no,no,telephone,may,thu,1,999,0,nonexistent,1.1,93.994,-36.4,4.855,5191.0
1215,53,blue-collar,married,professional.course,no,yes,yes,telephone,may,thu,1,999,0,nonexistent,1.1,93.994,-36.4,4.855,5191.0
1228,43,blue-collar,married,basic.9y,no,no,no,telephone,may,thu,1,999,0,nonexistent,1.1,93.994,-36.4,4.855,5191.0
1248,50,technician,married,professional.course,no,no,no,telephone,may,thu,3,999,0,nonexistent,1.1,93.994,-36.4,4.855,5191.0
1249,32,student,single,university.degree,no,no,no,telephone,may,thu,1,999,0,nonexistent,1.1,93.994,-36.4,4.855,5191.0
1256,43,blue-collar,married,basic.4y,unknown,yes,yes,telephone,may,thu,1,999,0,nonexistent,1.1,93.994,-36.4,4.855,5191.0
1297,35,services,married,professional.course,unknown,yes,no,telephone,may,thu,1,999,0,nonexistent,1.1,93.994,-36.4,4.855,5191.0
1299,31,blue-collar,married,basic.9y,no,no,no,telephone,may,thu,1,999,0,nonexistent,1.1,93.994,-36.4,4.855,5191.0
1334,43,blue-collar,married,basic.6y,unknown,no,no,telephone,may,thu,1,999,0,nonexistent,1.1,93.994,-36.4,4.855,5191.0
1339,37,admin.,divorced,university.degree,no,yes,no,telephone,may,thu,2,999,0,nonexistent,1.1,93.994,-36.4,4.855,5191.0
1344,28,blue-collar,married,basic.6y,no,no,no,telephone,may,thu,1,999,0,nonexistent,1.1,93.994,-36.4,4.855,5191.0
1356,28,management,single,unknown,no,yes,no,telephone,may,thu,1,999,0,nonexistent,1.1,93.994,-36.4,4.855,5191.0
1377,35,unknown,married,basic.9y,no,no,no,telephone,may,thu,3,999,0,nonexistent,1.1,93.994,-36.4,4.855,5191.0
1392,29,admin.,single,high.school,no,no,no,telephone,may,thu,1,999,0,nonexistent,1.1,93.994,-36.4,4.855,5191.0
1394,36,self-employed,single,basic.6y,no,no,no,telephone,may,thu,2,999,0,nonexistent,1.1,93.994,-36.4,4.855,5191.0
1441,53,retired,married,high.school,unknown,yes,no,telephone,may,thu,5,999,0,nonexistent,1.1,93.994,-36.4,4.855,5191.0
1465,57,services,divorced,high.school,unknown,no,yes,telephone,may,thu,2,999,0,nonexistent,1.1,93.994,-36.4,4.855,5191.0
1484,35,admin.,single,basic.6y,no,yes,no,telephone,may,thu,2,999,0,nonexistent,1.1,93.994,-36.4,4.855,5191.0
1492,37,blue-collar,married,professional.course,no,yes,no,telephone,may,thu,3,999,0,nonexistent,1.1,93.994,-36.4,4.855,5191.0
1504,44,blue-collar,single,basic.9y,unknown,no,no,telephone,may,thu,2,999,0,nonexistent,1.1,93.994,-36.4,4.855,5191.0
1505,36,blue-collar,married,basic.9y,unknown,no,no,telephone,may,thu,2,999,0,nonexistent,1.1,93.994,-36.4,4.855,5191.0
1518,36,services,married,high.school,no,yes,no,telephone,may,thu,2,999,0,nonexistent,1.1,93.994,-36.4,4.855,5191.0
1539,37,services,married,high.school,no,no,no,telephone,may,thu,2,999,0,nonexistent,1.1,93.994,-36.4,4.855,5191.0
1552,51,self-employed,married,university.degree,unknown,no,no,telephone,may,thu,3,999,0,nonexistent,1.1,93.994,-36.4,4.855,5191.0
1556,48,technician,married,professional.course,no,yes,no,telephone,may,thu,2,999,0,nonexistent,1.1,93.994,-36.4,4.855,5191.0
1566,36,admin.,married,high.school,no,yes,no,telephone,may,thu,3,999,0,nonexistent,1.1,93.994,-36.4,4.855,5191.0
1570,30,blue-collar,married,basic.6y,no,no,no,telephone,may,thu,3,999,0,nonexistent,1.1,93.994,-36.4,4.855,5191.0
1595,38,services,married,high.school,no,no,no,telephone,may,fri,1,999,0,nonexistent,1.1,93.994,-36.4,4.855,5191.0
1613,38,blue-collar,married,basic.4y,unknown,yes,yes,telephone,may,fri,3,999,0,nonexistent,1.1,93.994,-36.4,4.855,5191.0
1615,54,admin.,married,university.degree,no,no,no,telephone,may,fri,1,999,0,nonexistent,1.1,93.994,-36.4,4.855,5191.0
1625,59,management,married,university.degree,no,no,no,telephone,may,fri,2,999,0,nonexistent,1.1,93.994,-36.4,4.855,5191.0
1628,36,services,married,basic.6y,no,no,no,telephone,may,fri,3,999,0,nonexistent,1.1,93.994,-36.4,4.855,5191.0
1635,30,blue-collar,married,basic.9y,no,yes,no,telephone,may,fri,1,999,0,nonexistent,1.1,93.994,-36.4,4.855,5191.0
1644,46,admin.,married,university.degree,no,yes,yes,telephone,may,fri,2,999,0,nonexistent,1.1,93.994,-36.4,4.855,5191.0
1652,31,blue-collar,married,basic.4y,no,no,no,telephone,may,fri,1,999,0,nonexistent,1.1,93.994,-36.4,4.855,5191.0
1672,46,unknown,married,basic.4y,unknown,no,no,telephone,may,fri,1,999,0,nonexistent,1.1,93.994,-36.4,4.855,5191.0
1674,33,technician,divorced,professional.course,no,yes,no,telephone,may,fri,1,999,0,nonexistent,1.1,93.994,-36.4,4.855,5191.0
1695,31,admin.,married,high.school,no,no,no,telephone,may,fri,1,999,0,nonexistent,1.1,93.994,-36.4,4.855,5191.0
1718,41,technician,married,high.school,no,no,no,telephone,may,fri,6,999,0,nonexistent,1.1,93.994,-36.4,4.855,5191.0
1723,50,services,single,high.school,no,no,no,telephone,may,fri,1,999,0,nonexistent,1.1,93.994,-36.4,4.855,5191.0
1732,49,admin.,married,university.degree,unknown,no,no,telephone,may,fri,3,999,0,nonexistent,1.1,93.994,-36.4,4.855,5191.0
1738,36,unemployed,single,basic.4y,unknown,no,no,telephone,may,fri,1,999,0,nonexistent,1.1,93.994,-36.4,4.855,5191.0
1739,36,unemployed,single,basic.4y,unknown,no,no,telephone,may,fri,1,999,0,nonexistent,1.1,93.994,-36.4,4.855,5191.0
1740,37,technician,married,professional.course,unknown,yes,no,telephone,may,fri,3,999,0,nonexistent,1.1,93.994,-36.4,4.855,5191.0
1775,34,technician,married,professional.course,no,no,yes,telephone,may,fri,2,999,0,nonexistent,1.1,93.994,-36.4,4.855,5191.0
1784,36,technician,married,professional.course,no,no,yes,telephone,may,fri,1,999,0,nonexistent,1.1,93.994,-36.4,4.855,5191.0
1800,45,blue-collar,married,basic.9y,unknown,no,no,telephone,may,fri,1,999,0,nonexistent,1.1,93.994,-36.4,4.855,5191.0
1802,51,technician,married,professional.course,no,no,no,telephone,may,fri,1,999,0,nonexistent,1.1,93.994,-36.4,4.855,5191.0
1805,43,admin.,married,high.school,no,yes,no,telephone,may,fri,3,999,0,nonexistent,1.1,93.994,-36.4,4.855,5191.0
1807,25,blue-collar,single,basic.4y,no,yes,no,telephone,may,fri,1,999,0,nonexistent,1.1,93.994,-36.4,4.855,5191.0
1824,27,admin.,single,high.school,no,yes,no,telephone,may,fri,2,999,0,nonexistent,1.1,93.994,-36.4,4.855,5191.0
1840,50,unemployed,married,basic.9y,no,yes,no,telephone,may,fri,1,999,0,nonexistent,1.1,93.994,-36.4,4.855,5191.0
1848,28,blue-collar,single,basic.9y,no,yes,no,telephone,may,fri,3,999,0,nonexistent,1.1,93.994,-36.4,4.855,5191.0
1854,56,admin.,married,university.degree,no,no,no,telephone,may,fri,2,999,0,nonexistent,1.1,93.994,-36.4,4.855,5191.0
1857,43,technician,single,professional.course,no,no,no,telephone,may,fri,3,999,0,nonexistent,1.1,93.994,-36.4,4.855,5191.0
1859,55,unemployed,single,basic.4y,unknown,unknown,unknown,telephone,may,fri,7,999,0,nonexistent,1.1,93.994,-36.4,4.855,5191.0
1882,37,self-employed,single,university.degree,unknown,yes,no,telephone,may,fri,2,999,0,nonexistent,1.1,93.994,-36.4,4.855,5191.0
1895,42,admin.,married,university.degree,no,no,no,telephone,may,fri,2,999,0,nonexistent,1.1,93.994,-36.4,4.855,5191.0
1912,48,blue-collar,married,professional.course,no,no,no,telephone,may,fri,4,999,0,nonexistent,1.1,93.994,-36.4,4.855,5191.0
1946,38,blue-collar,married,high.school,no,no,no,telephone,may,fri,7,999,0,nonexistent,1.1,93.994,-36.4,4.855,5191.0
1954,26,entrepreneur,married,unknown,no,no,no,telephone,may,fri,3,999,0,nonexistent,1.1,93.994,-36.4,4.855,5191.0
1966,52,blue-collar,single,basic.9y,unknown,yes,no,telephone,may,fri,3,999,0,nonexistent,1.1,93.994,-36.4,4.855,5191.0
1969,42,admin.,married,basic.9y,no,yes,no,telephone,may,fri,8,999,0,nonexistent,1.1,93.994,-36.4,4.855,5191.0
1973,54,technician,married,unknown,unknown,no,no,telephone,may,fri,2,999,0,nonexistent,1.1,93.994,-36.4,4.855,5191.0
1975,26,blue-collar,single,high.school,no,no,no,telephone,may,fri,4,999,0,nonexistent,1.1,93.994,-36.4,4.855,5191.0
1977,28,technician,single,professional.course,no,yes,no,telephone,may,fri,4,999,0,nonexistent,1.1,93.994,-36.4,4.855,5191.0
1981,37,technician,married,professional.course,no,yes,no,telephone,may,fri,9,999,0,nonexistent,1.1,93.994,-36.4,4.855,5191.0
1987,36,blue-collar,single,high.school,no,no,yes,telephone,may,mon,2,999,0,nonexistent,1.1,93.994,-36.4,4.857,5191.0
1993,29,blue-collar,married,professional.course,unknown,yes,no,telephone,may,mon,6,999,0,nonexistent,1.1,93.994,-36.4,4.857,5191.0
2016,44,admin.,single,high.school,no,no,no,telephone,may,mon,2,999,0,nonexistent,1.1,93.994,-36.4,4.857,5191.0
2019,53,self-employed,married,university.degree,no,no,no,telephone,may,mon,2,999,0,nonexistent,1.1,93.994,-36.4,4.857,5191.0
2027,32,admin.,married,high.school,no,yes,no,telephone,may,mon,3,999,0,nonexistent,1.1,93.994,-36.4,4.857,5191.0
2028,43,blue-collar,married,basic.6y,unknown,yes,no,telephone,may,mon,4,999,0,nonexistent,1.1,93.994,-36.4,4.857,5191.0
2038,57,management,divorced,university.degree,no,yes,no,telephone,may,mon,2,999,0,nonexistent,1.1,93.994,-36.4,4.857,5191.0
2044,44,blue-collar,married,professional.course,no,no,no,telephone,may,mon,2,999,0,nonexistent,1.1,93.994,-36.4,4.857,5191.0
2050,39,entrepreneur,divorced,high.school,no,no,no,telephone,may,mon,1,999,0,nonexistent,1.1,93.994,-36.4,4.857,5191.0
2074,39,blue-collar,divorced,high.school,no,no,no,telephone,may,mon,1,999,0,nonexistent,1.1,93.994,-36.4,4.857,5191.0
2075,31,blue-collar,married,basic.4y,unknown,no,no,telephone,may,mon,2,999,0,nonexistent,1.1,93.994,-36.4,4.857,5191.0
2077,29,technician,single,university.degree,no,no,no,telephone,may,mon,2,999,0,nonexistent,1.1,93.994,-36.4,4.857,5191.0
2086,42,management,married,university.degree,no,yes,no,telephone,may,mon,1,999,0,nonexistent,1.1,93.994,-36.4,4.857,5191.0
2092,36,blue-collar,single,basic.9y,no,yes,no,telephone,may,mon,4,999,0,nonexistent,1.1,93.994,-36.4,4.857,5191.0
2108,30,technician,single,professional.course,no,no,no,telephone,may,mon,1,999,0,nonexistent,1.1,93.994,-36.4,4.857,5191.0
2122,32,management,married,high.school,no,yes,no,telephone,may,mon,1,999,0,nonexistent,1.1,93.994,-36.4,4.857,5191.0
2123,45,blue-collar,married,basic.4y,no,no,no,telephone,may,mon,1,999,0,nonexistent,1.1,93.994,-36.4,4.857,5191.0
2129,50,blue-collar,married,high.school,unknown,no,no,telephone,may,mon,1,999,0,nonexistent,1.1,93.994,-36.4,4.857,5191.0
2131,32,blue-collar,married,basic.4y,unknown,no,no,telephone,may,mon,2,999,0,nonexistent,1.1,93.994,-36.4,4.857,5191.0
2135,44,services,married,basic.4y,unknown,yes,no,telephone,may,mon,4,999,0,nonexistent,1.1,93.994,-36.4,4.857,5191.0
2144,39,blue-collar,married,basic.9y,no,no,no,telephone,may,mon,5,999,0,nonexistent,1.1,93.994,-36.4,4.857,5191.0
2162,44,blue-collar,married,basic.9y,unknown,yes,no,telephone,may,mon,4,999,0,nonexistent,1.1,93.994,-36.4,4.857,5191.0
2165,41,blue-collar,married,basic.4y,no,yes,no,telephone,may,mon,2,999,0,nonexistent,1.1,93.994,-36.4,4.857,5191.0
2190,56,admin.,married,basic.9y,unknown,no,no,telephone,may,mon,11,999,0,nonexistent,1.1,93.994,-36.4,4.857,5191.0
2195,34,management,single,university.degree,no,no,no,telephone,may,mon,2,999,0,nonexistent,1.1,93.994,-36.4,4.857,5191.0
2198,33,admin.,married,high.school,no,yes,yes,telephone,may,mon,4,999,0,nonexistent,1.1,93.994,-36.4,4.857,5191.0
2201,36,blue-collar,married,basic.6y,unknown,yes,no,telephone,may,mon,4,999,0,nonexistent,1.1,93.994,-36.4,4.857,5191.0
2204,40,admin.,married,basic.9y,unknown,yes,yes,telephone,may,mon,4,999,0,nonexistent,1.1,93.994,-36.4,4.857,5191.0
2210,47,blue-collar,married,basic.4y,no,unknown,unknown,telephone,may,mon,8,999,0,nonexistent,1.1,93.994,-36.4,4.857,5191.0
2222,57,services,divorced,high.school,no,no,no,telephone,may,mon,3,999,0,nonexistent,1.1,93.994,-36.4,4.857,5191.0
2226,35,services,married,high.school,no,no,no,telephone,may,mon,3,999,0,nonexistent,1.1,93.994,-36.4,4.857,5191.0
2241,38,management,married,university.degree,no,yes,no,telephone,may,mon,6,999,0,nonexistent,1.1,93.994,-36.4,4.857,5191.0
2244,39,blue-collar,married,basic.9y,no,no,no,telephone,may,mon,4,999,0,nonexistent,1.1,93.994,-36.4,4.857,5191.0
2253,40,housemaid,single,university.degree,no,no,no,telephone,may,tue,3,999,0,nonexistent,1.1,93.994,-36.4,4.856,5191.0
2259,60,technician,divorced,professional.course,unknown,yes,no,telephone,may,tue,3,999,0,nonexistent,1.1,93.994,-36.4,4.856,5191.0
2262,34,technician,married,university.degree,no,no,no,telephone,may,tue,1,999,0,nonexistent,1.1,93.994,-36.4,4.856,5191.0
2286,33,housemaid,married,basic.4y,no,no,no,telephone,may,tue,1,999,0,nonexistent,1.1,93.994,-36.4,4.856,5191.0
2290,36,admin.,single,university.degree,no,no,yes,telephone,may,tue,1,999,0,nonexistent,1.1,93.994,-36.4,4.856,5191.0
2302,51,blue-collar,divorced,basic.4y,no,no,no,telephone,may,tue,1,999,0,nonexistent,1.1,93.994,-36.4,4.856,5191.0
2314,39,self-employed,married,basic.4y,unknown,yes,no,telephone,may,tue,3,999,0,nonexistent,1.1,93.994,-36.4,4.856,5191.0
2327,47,blue-collar,married,basic.4y,unknown,no,yes,telephone,may,tue,1,999,0,nonexistent,1.1,93.994,-36.4,4.856,5191.0
2340,45,services,married,basic.9y,no,no,no,telephone,may,tue,1,999,0,nonexistent,1.1,93.994,-36.4,4.856,5191.0
2372,36,admin.,married,high.school,no,no,yes,telephone,may,tue,1,999,0,nonexistent,1.1,93.994,-36.4,4.856,5191.0
2374,56,entrepreneur,married,university.degree,no,no,no,telephone,may,tue,1,999,0,nonexistent,1.1,93.994,-36.4,4.856,5191.0
2376,37,technician,single,basic.9y,unknown,no,no,telephone,may,tue,1,999,0,nonexistent,1.1,93.994,-36.4,4.856,5191.0
2387,54,technician,married,professional.course,no,no,yes,telephone,may,tue,1,999,0,nonexistent,1.1,93.994,-36.4,4.856,5191.0
2433,48,blue-collar,married,basic.4y,no,yes,no,telephone,may,tue,1,999,0,nonexistent,1.1,93.994,-36.4,4.856,5191.0
2437,42,unemployed,single,university.degree,no,no,no,telephone,may,tue,1,999,0,nonexistent,1.1,93.994,-36.4,4.856,5191.0
2443,55,retired,married,basic.6y,unknown,no,no,telephone,may,tue,1,999,0,nonexistent,1.1,93.994,-36.4,4.856,5191.0
2448,33,self-employed,divorced,basic.9y,no,yes,no,telephone,may,tue,1,999,0,nonexistent,1.1,93.994,-36.4,4.856,5191.0
2449,27,admin.,single,university.degree,no,yes,yes,telephone,may,tue,2,999,0,nonexistent,1.1,93.994,-36.4,4.856,5191.0
2451,34,management,divorced,university.degree,no,yes,no,telephone,may,tue,1,999,0,nonexistent,1.1,93.994,-36.4,4.856,5191.0
2456,58,retired,married,professional.course,unknown,no,yes,telephone,may,tue,1,999,0,nonexistent,1.1,93.994,-36.4,4.856,5191.0
2470,37,blue-collar,married,high.school,no,yes,no,telephone,may,tue,2,999,0,nonexistent,1.1,93.994,-36.4,4.856,5191.0
2472,39,blue-collar,married,basic.9y,unknown,yes,yes,telephone,may,tue,2,999,0,nonexistent,1.1,93.994,-36.4,4.856,5191.0
2481,46,blue-collar,married,basic.6y,unknown,yes,no,telephone,may,tue,1,999,0,nonexistent,1.1,93.994,-36.4,4.856,5191.0
2492,54,admin.,married,university.degree,no,no,no,telephone,may,tue,2,999,0,nonexistent,1.1,93.994,-36.4,4.856,5191.0
2502,50,services,married,unknown,unknown,no,no,telephone,may,tue,1,999,0,nonexistent,1.1,93.994,-36.4,4.856,5191.0
2519,31,management,married,university.degree,no,no,no,telephone,may,tue,1,999,0,nonexistent,1.1,93.994,-36.4,4.856,5191.0
2520,29,blue-collar,married,basic.6y,no,no,yes,telephone,may,tue,1,999,0,nonexistent,1.1,93.994,-36.4,4.856,5191.0
2530,58,retired,married,professional.course,unknown,unknown,unknown,telephone,may,tue,1,999,0,nonexistent,1.1,93.994,-36.4,4.856,5191.0
2538,46,blue-collar,married,basic.4y,unknown,no,no,telephone,may,tue,1,999,0,nonexistent,1.1,93.994,-36.4,4.856,5191.0
2552,35,services,married,high.school,no,yes,no,telephone,may,tue,1,999,0,nonexistent,1.1,93.994,-36.4,4.856,5191.0
2560,51,entrepreneur,married,basic.9y,no,yes,no,telephone,may,tue,2,999,0,nonexistent,1.1,93.994,-36.4,4.856,5191.0
2567,44,blue-collar,married,unknown,no,no,yes,telephone,may,tue,1,999,0,nonexistent,1.1,93.994,-36.4,4.856,5191.0
2577,55,services,married,high.school,no,no,no,telephone,may,tue,2,999,0,nonexistent,1.1,93.994,-36.4,4.856,5191.0
2584,54,retired,divorced,basic.4y,no,yes,no,telephone,may,tue,2,999,0,nonexistent,1.1,93.994,-36.4,4.856,5191.0
2585,27,management,single,university.degree,no,yes,no,telephone,may,tue,2,999,0,nonexistent,1.1,93.994,-36.4,4.856,5191.0
2595,36,admin.,married,high.school,no,yes,no,telephone,may,tue,5,999,0,nonexistent,1.1,93.994,-36.4,4.856,5191.0
2599,47,management,divorced,university.degree,no,no,no,telephone,may,tue,2,999,0,nonexistent,1.1,93.994,-36.4,4.856,5191.0
2640,36,entrepreneur,married,basic.6y,no,yes,no,telephone,may,tue,2,999,0,nonexistent,1.1,93.994,-36.4,4.856,5191.0
2670,45,management,divorced,basic.9y,unknown,no,no,telephone,may,wed,3,999,0,nonexistent,1.1,93.994,-36.4,4.859,5191.0
2671,40,management,divorced,university.degree,unknown,no,no,telephone,may,wed,3,999,0,nonexistent,1.1,93.994,-36.4,4.859,5191.0
2677,36,admin.,married,high.school,no,no,no,telephone,may,wed,2,999,0,nonexistent,1.1,93.994,-36.4,4.859,5191.0
2694,58,housemaid,married,university.degree,unknown,no,no,telephone,may,wed,1,999,0,nonexistent,1.1,93.994,-36.4,4.859,5191.0
2697,38,blue-collar,single,university.degree,no,no,no,telephone,may,wed,1,999,0,nonexistent,1.1,93.994,-36.4,4.859,5191.0
2705,34,technician,single,professional.course,no,no,no,telephone,may,wed,1,999,0,nonexistent,1.1,93.994,-36.4,4.859,5191.0
2706,28,blue-collar,married,basic.9y,no,yes,no,telephone,may,wed,1,999,0,nonexistent,1.1,93.994,-36.4,4.859,5191.0
2736,39,blue-collar,married,basic.6y,no,no,no,telephone,may,wed,12,999,0,nonexistent,1.1,93.994,-36.4,4.859,5191.0
2749,41,admin.,married,high.school,no,yes,no,telephone,may,wed,1,999,0,nonexistent,1.1,93.994,-36.4,4.859,5191.0
2754,33,services,single,basic.6y,unknown,yes,no,telephone,may,wed,1,999,0,nonexistent,1.1,93.994,-36.4,4.859,5191.0
2770,40,services,single,high.school,no,yes,no,telephone,may,wed,1,999,0,nonexistent,1.1,93.994,-36.4,4.859,5191.0
2782,35,technician,divorced,professional.course,no,no,no,telephone,may,wed,1,999,0,nonexistent,1.1,93.994,-36.4,4.859,5191.0
2785,50,admin.,divorced,basic.9y,no,yes,no,telephone,may,wed,1,999,0,nonexistent,1.1,93.994,-36.4,4.859,5191.0
2794,52,blue-collar,married,basic.9y,no,no,no,telephone,may,wed,1,999,0,nonexistent,1.1,93.994,-36.4,4.859,5191.0
2797,55,blue-collar,married,basic.4y,unknown,yes,no,telephone,may,wed,1,999,0,nonexistent,1.1,93.994,-36.4,4.859,5191.0
2824,28,services,single,high.school,no,no,no,telephone,may,wed,1,999,0,nonexistent,1.1,93.994,-36.4,4.859,5191.0
2834,56,blue-collar,married,basic.9y,unknown,no,no,telephone,may,wed,2,999,0,nonexistent,1.1,93.994,-36.4,4.859,5191.0
2838,34,blue-collar,single,basic.9y,no,no,yes,telephone,may,wed,1,999,0,nonexistent,1.1,93.994,-36.4,4.859,5191.0
2839,29,blue-collar,married,high.school,no,no,yes,telephone,may,wed,1,999,0,nonexistent,1.1,93.994,-36.4,4.859,5191.0
2847,38,admin.,married,university.degree,no,no,no,telephone,may,wed,4,999,0,nonexistent,1.1,93.994,-36.4,4.859,5191.0
2864,41,blue-collar,married,basic.9y,no,no,no,telephone,may,wed,1,999,0,nonexistent,1.1,93.994,-36.4,4.859,5191.0
2868,45,admin.,married,university.degree,no,no,no,telephone,may,wed,2,999,0,nonexistent,1.1,93.994,-36.4,4.859,5191.0
2874,38,technician,married,professional.course,unknown,yes,no,telephone,may,wed,1,999,0,nonexistent,1.1,93.994,-36.4,4.859,5191.0
2880,25,blue-collar,single,basic.9y,no,yes,no,telephone,may,wed,1,999,0,nonexistent,1.1,93.994,-36.4,4.859,5191.0
2888,24,services,single,high.school,no,yes,no,telephone,may,wed,1,999,0,nonexistent,1.1,93.994,-36.4,4.859,5191.0
2897,29,technician,married,professional.course,no,yes,no,telephone,may,wed,1,999,0,nonexistent,1.1,93.994,-36.4,4.859,5191.0
2951,30,technician,married,professional.course,unknown,no,no,telephone,may,wed,1,999,0,nonexistent,1.1,93.994,-36.4,4.859,5191.0
2979,32,blue-collar,married,basic.9y,no,no,no,telephone,may,wed,1,999,0,nonexistent,1.1,93.994,-36.4,4.859,5191.0
2982,48,services,married,high.school,no,no,no,telephone,may,wed,18,999,0,nonexistent,1.1,93.994,-36.4,4.859,5191.0
2991,43,services,single,high.school,unknown,yes,no,telephone,may,wed,5,999,0,nonexistent,1.1,93.994,-36.4,4.859,5191.0
3013,29,admin.,single,high.school,no,yes,yes,telephone,may,wed,3,999,0,nonexistent,1.1,93.994,-36.4,4.859,5191.0
3020,30,admin.,married,university.degree,no,yes,no,telephone,may,wed,4,999,0,nonexistent,1.1,93.994,-36.4,4.859,5191.0
3036,31,blue-collar,married,basic.9y,no,no,yes,telephone,may,wed,2,999,0,nonexistent,1.1,93.994,-36.4,4.859,5191.0
3055,46,admin.,divorced,university.degree,no,yes,no,telephone,may,wed,4,999,0,nonexistent,1.1,93.994,-36.4,4.859,5191.0
3061,43,admin.,married,university.degree,no,yes,yes,telephone,may,wed,3,999,0,nonexistent,1.1,93.994,-36.4,4.859,5191.0
3081,30,services,married,high.school,no,no,no,telephone,may,thu,4,999,0,nonexistent,1.1,93.994,-36.4,4.86,5191.0
3098,60,unknown,married,university.degree,no,no,yes,telephone,may,thu,1,999,0,nonexistent,1.1,93.994,-36.4,4.86,5191.0
3111,52,entrepreneur,married,university.degree,unknown,no,no,telephone,may,thu,1,999,0,nonexistent,1.1,93.994,-36.4,4.86,5191.0
3115,26,technician,married,professional.course,no,no,no,telephone,may,thu,1,999,0,nonexistent,1.1,93.994,-36.4,4.86,5191.0
3136,31,admin.,married,high.school,no,no,no,telephone,may,thu,1,999,0,nonexistent,1.1,93.994,-36.4,4.86,5191.0
3152,44,blue-collar,single,basic.4y,no,yes,no,telephone,may,thu,1,999,0,nonexistent,1.1,93.994,-36.4,4.86,5191.0
3160,44,blue-collar,married,basic.4y,unknown,no,no,telephone,may,thu,2,999,0,nonexistent,1.1,93.994,-36.4,4.86,5191.0
3177,41,management,married,high.school,no,no,no,telephone,may,thu,1,999,0,nonexistent,1.1,93.994,-36.4,4.86,5191.0
3192,34,services,married,basic.6y,no,yes,yes,telephone,may,thu,1,999,0,nonexistent,1.1,93.994,-36.4,4.86,5191.0
3195,37,technician,single,university.degree,no,yes,no,telephone,may,thu,1,999,0,nonexistent,1.1,93.994,-36.4,4.86,5191.0
3205,48,admin.,married,high.school,no,no,yes,telephone,may,thu,1,999,0,nonexistent,1.1,93.994,-36.4,4.86,5191.0
3210,50,admin.,married,high.school,no,no,no,telephone,may,thu,3,999,0,nonexistent,1.1,93.994,-36.4,4.86,5191.0
3229,40,admin.,married,high.school,unknown,no,no,telephone,may,thu,1,999,0,nonexistent,1.1,93.994,-36.4,4.86,5191.0
3231,30,management,married,university.degree,no,no,no,telephone,may,thu,2,999,0,nonexistent,1.1,93.994,-36.4,4.86,5191.0
3266,55,retired,married,professional.course,no,yes,no,telephone,may,thu,1,999,0,nonexistent,1.1,93.994,-36.4,4.86,5191.0
3268,59,technician,married,unknown,no,yes,no,telephone,may,thu,1,999,0,nonexistent,1.1,93.994,-36.4,4.86,5191.0
3271,46,blue-collar,single,basic.4y,no,no,no,telephone,may,thu,2,999,0,nonexistent,1.1,93.994,-36.4,4.86,5191.0
3285,50,blue-collar,single,basic.9y,unknown,yes,no,telephone,may,thu,3,999,0,nonexistent,1.1,93.994,-36.4,4.86,5191.0
3288,37,admin.,divorced,high.school,no,no,no,telephone,may,thu,10,999,0,nonexistent,1.1,93.994,-36.4,4.86,5191.0
3325,35,technician,married,university.degree,unknown,yes,no,telephone,may,thu,2,999,0,nonexistent,1.1,93.994,-36.4,4.86,5191.0
3326,53,retired,divorced,high.school,no,no,yes,telephone,may,thu,5,999,0,nonexistent,1.1,93.994,-36.4,4.86,5191.0
3328,36,services,single,basic.6y,unknown,yes,no,telephone,may,thu,2,999,0,nonexistent,1.1,93.994,-36.4,4.86,5191.0
3336,38,admin.,divorced,high.school,no,no,no,telephone,may,thu,1,999,0,nonexistent,1.1,93.994,-36.4,4.86,5191.0
3343,51,admin.,married,high.school,no,unknown,unknown,telephone,may,thu,1,999,0,nonexistent,1.1,93.994,-36.4,4.86,5191.0
3344,47,blue-collar,married,basic.4y,no,no,yes,telephone,may,thu,1,999,0,nonexistent,1.1,93.994,-36.4,4.86,5191.0
3346,29,services,married,high.school,no,yes,yes,telephone,may,thu,2,999,0,nonexistent,1.1,93.994,-36.4,4.86,5191.0
3369,31,blue-collar,married,basic.6y,no,yes,yes,telephone,may,thu,2,999,0,nonexistent,1.1,93.994,-36.4,4.86,5191.0
3370,30,blue-collar,single,high.school,no,yes,no,telephone,may,thu,1,999,0,nonexistent,1.1,93.994,-36.4,4.86,5191.0
3371,31,admin.,single,high.school,no,no,no,telephone,may,thu,22,999,0,nonexistent,1.1,93.994,-36.4,4.86,5191.0
3376,28,student,single,basic.4y,no,no,no,telephone,may,thu,8,999,0,nonexistent,1.1,93.994,-36.4,4.86,5191.0
3403,46,blue-collar,married,basic.4y,unknown,no,no,telephone,may,thu,2,999,0,nonexistent,1.1,93.994,-36.4,4.86,5191.0
3408,46,blue-collar,married,basic.6y,unknown,no,yes,telephone,may,thu,2,999,0,nonexistent,1.1,93.994,-36.4,4.86,5191.0
3409,38,student,single,university.degree,no,no,no,telephone,may,thu,4,999,0,nonexistent,1.1,93.994,-36.4,4.86,5191.0
3419,57,blue-collar,married,basic.4y,unknown,yes,no,telephone,may,thu,3,999,0,nonexistent,1.1,93.994,-36.4,4.86,5191.0
3420,45,blue-collar,married,basic.4y,no,yes,no,telephone,may,thu,3,999,0,nonexistent,1.1,93.994,-36.4,4.86,5191.0
3441,43,admin.,married,university.degree,unknown,yes,no,telephone,may,thu,10,999,0,nonexistent,1.1,93.994,-36.4,4.86,5191.0
3443,31,student,single,unknown,unknown,yes,no,telephone,may,thu,5,999,0,nonexistent,1.1,93.994,-36.4,4.86,5191.0
3446,40,blue-collar,single,basic.4y,unknown,no,no,telephone,may,thu,4,999,0,nonexistent,1.1,93.994,-36.4,4.86,5191.0
3454,50,blue-collar,married,basic.9y,no,yes,no,telephone,may,thu,3,999,0,nonexistent,1.1,93.994,-36.4,4.86,5191.0
3470,36,admin.,divorced,university.degree,no,yes,no,telephone,may,thu,2,999,0,nonexistent,1.1,93.994,-36.4,4.86,5191.0
3491,42,blue-collar,married,basic.4y,unknown,no,no,telephone,may,thu,3,999,0,nonexistent,1.1,93.994,-36.4,4.86,5191.0
3500,48,entrepreneur,married,basic.4y,no,no,yes,telephone,may,thu,8,999,0,nonexistent,1.1,93.994,-36.4,4.86,5191.0
3509,37,technician,married,professional.course,no,yes,no,telephone,may,thu,2,999,0,nonexistent,1.1,93.994,-36.4,4.86,5191.0
3516,49,blue-collar,married,basic.6y,no,yes,no,telephone,may,thu,5,999,0,nonexistent,1.1,93.994,-36.4,4.86,5191.0
3527,33,entrepreneur,married,basic.9y,unknown,no,no,telephone,may,fri,3,999,0,nonexistent,1.1,93.994,-36.4,4.859,5191.0
3540,46,unemployed,divorced,high.school,unknown,yes,yes,telephone,may,fri,15,999,0,nonexistent,1.1,93.994,-36.4,4.859,5191.0
3560,50,management,married,university.degree,unknown,no,no,telephone,may,fri,1,999,0,nonexistent,1.1,93.994,-36.4,4.859,5191.0
3565,29,blue-collar,single,high.school,no,yes,no,telephone,may,fri,1,999,0,nonexistent,1.1,93.994,-36.4,4.859,5191.0
3568,46,admin.,married,high.school,no,no,no,telephone,may,fri,1,999,0,nonexistent,1.1,93.994,-36.4,4.859,5191.0
3589,39,admin.,married,high.school,no,no,no,telephone,may,fri,1,999,0,nonexistent,1.1,93.994,-36.4,4.859,5191.0
3609,26,blue-collar,single,basic.9y,no,no,no,telephone,may,fri,1,999,0,nonexistent,1.1,93.994,-36.4,4.859,5191.0
3618,53,blue-collar,married,basic.9y,no,no,no,telephone,may,fri,2,999,0,nonexistent,1.1,93.994,-36.4,4.859,5191.0
3638,52,blue-collar,married,basic.9y,no,yes,no,telephone,may,fri,2,999,0,nonexistent,1.1,93.994,-36.4,4.859,5191.0
3651,32,admin.,married,university.degree,no,no,no,telephone,may,fri,2,999,0,nonexistent,1.1,93.994,-36.4,4.859,5191.0
3667,26,blue-collar,single,high.school,no,yes,no,telephone,may,fri,1,999,0,nonexistent,1.1,93.994,-36.4,4.859,5191.0
3671,37,management,married,university.degree,no,unknown,unknown,telephone,may,fri,1,999,0,nonexistent,1.1,93.994,-36.4,4.859,5191.0
3673,32,blue-collar,married,basic.9y,unknown,yes,no,telephone,may,fri,1,999,0,nonexistent,1.1,93.994,-36.4,4.859,5191.0
3674,33,admin.,married,university.degree,no,yes,no,telephone,may,fri,1,999,0,nonexistent,1.1,93.994,-36.4,4.859,5191.0
3694,37,admin.,single,high.school,no,yes,no,telephone,may,fri,1,999,0,nonexistent,1.1,93.994,-36.4,4.859,5191.0
3695,46,blue-collar,married,basic.6y,no,no,no,telephone,may,fri,1,999,0,nonexistent,1.1,93.994,-36.4,4.859,5191.0
3709,57,blue-collar,married,basic.4y,unknown,no,no,telephone,may,fri,2,999,0,nonexistent,1.1,93.994,-36.4,4.859,5191.0
3720,33,blue-collar,single,basic.9y,no,yes,no,telephone,may,fri,3,999,0,nonexistent,1.1,93.994,-36.4,4.859,5191.0
3730,36,admin.,married,university.degree,no,no,no,telephone,may,fri,1,999,0,nonexistent,1.1,93.994,-36.4,4.859,5191.0
3736,28,technician,single,professional.course,no,no,no,telephone,may,fri,2,999,0,nonexistent,1.1,93.994,-36.4,4.859,5191.0
3748,31,housemaid,divorced,high.school,no,yes,no,telephone,may,fri,1,999,0,nonexistent,1.1,93.994,-36.4,4.859,5191.0
3753,28,blue-collar,married,basic.9y,no,yes,no,telephone,may,fri,3,999,0,nonexistent,1.1,93.994,-36.4,4.859,5191.0
3756,31,technician,married,university.degree,no,no,no,telephone,may,fri,1,999,0,nonexistent,1.1,93.994,-36.4,4.859,5191.0
3765,37,technician,married,high.school,no,yes,no,telephone,may,fri,1,999,0,nonexistent,1.1,93.994,-36.4,4.859,5191.0
3767,52,technician,married,high.school,unknown,no,no,telephone,may,fri,1,999,0,nonexistent,1.1,93.994,-36.4,4.859,5191.0
3768,30,admin.,single,university.degree,no,no,no,telephone,may,fri,1,999,0,nonexistent,1.1,93.994,-36.4,4.859,5191.0
3789,29,management,single,university.degree,no,yes,no,telephone,may,fri,2,999,0,nonexistent,1.1,93.994,-36.4,4.859,5191.0
3794,28,admin.,single,university.degree,no,yes,no,telephone,may,fri,3,999,0,nonexistent,1.1,93.994,-36.4,4.859,5191.0
3796,42,retired,married,basic.9y,unknown,no,no,telephone,may,fri,1,999,0,nonexistent,1.1,93.994,-36.4,4.859,5191.0
3808,28,admin.,single,university.degree,no,yes,no,telephone,may,fri,3,999,0,nonexistent,1.1,93.994,-36.4,4.859,5191.0
3811,33,management,single,university.degree,no,no,yes,telephone,may,fri,11,999,0,nonexistent,1.1,93.994,-36.4,4.859,5191.0
3825,37,technician,married,professional.course,unknown,yes,no,telephone,may,fri,3,999,0,nonexistent,1.1,93.994,-36.4,4.859,5191.0
3826,30,self-employed,single,high.school,no,yes,yes,telephone,may,fri,8,999,0,nonexistent,1.1,93.994,-36.4,4.859,5191.0
3844,33,self-employed,single,university.degree,no,yes,no,telephone,may,fri,2,999,0,nonexistent,1.1,93.994,-36.4,4.859,5191.0
3845,48,admin.,divorced,professional.course,no,yes,no,telephone,may,fri,3,999,0,nonexistent,1.1,93.994,-36.4,4.859,5191.0
3870,28,admin.,single,high.school,no,no,no,telephone,may,fri,2,999,0,nonexistent,1.1,93.994,-36.4,4.859,5191.0
3871,46,blue-collar,married,basic.9y,no,no,yes,telephone,may,fri,4,999,0,nonexistent,1.1,93.994,-36.4,4.859,5191.0
3879,28,services,single,basic.9y,no,yes,no,telephone,may,fri,2,999,0,nonexistent,1.1,93.994,-36.4,4.859,5191.0
3882,33,self-employed,married,university.degree,no,yes,no,telephone,may,fri,3,999,0,nonexistent,1.1,93.994,-36.4,4.859,5191.0
3884,39,admin.,married,professional.course,no,no,no,telephone,may,fri,4,999,0,nonexistent,1.1,93.994,-36.4,4.859,5191.0
3889,28,blue-collar,married,basic.9y,no,no,no,telephone,may,fri,7,999,0,nonexistent,1.1,93.994,-36.4,4.859,5191.0
3899,36,self-employed,single,university.degree,no,yes,no,telephone,may,mon,6,999,0,nonexistent,1.1,93.994,-36.4,4.858,5191.0
3906,36,technician,married,professional.course,no,yes,no,telephone,may,mon,2,999,0,nonexistent,1.1,93.994,-36.4,4.858,5191.0
3917,32,blue-collar,married,basic.9y,no,yes,no,telephone,may,mon,1,999,0,nonexistent,1.1,93.994,-36.4,4.858,5191.0
3920,29,technician,married,professional.course,no,yes,no,telephone,may,mon,1,999,0,nonexistent,1.1,93.994,-36.4,4.858,5191.0
3927,40,admin.,single,unknown,unknown,no,yes,telephone,may,mon,4,999,0,nonexistent,1.1,93.994,-36.4,4.858,5191.0
3931,40,blue-collar,married,basic.6y,unknown,yes,no,telephone,may,mon,1,999,0,nonexistent,1.1,93.994,-36.4,4.858,5191.0
3936,34,admin.,single,high.school,no,no,yes,telephone,may,mon,1,999,0,nonexistent,1.1,93.994,-36.4,4.858,5191.0
3974,36,technician,married,basic.6y,no,yes,no,telephone,may,mon,3,999,0,nonexistent,1.1,93.994,-36.4,4.858,5191.0
3975,51,services,married,high.school,unknown,yes,yes,telephone,may,mon,2,999,0,nonexistent,1.1,93.994,-36.4,4.858,5191.0
3984,52,management,divorced,high.school,no,unknown,unknown,telephone,may,mon,3,999,0,nonexistent,1.1,93.994,-36.4,4.858,5191.0
3985,43,blue-collar,married,basic.4y,unknown,no,yes,telephone,may,mon,1,999,0,nonexistent,1.1,93.994,-36.4,4.858,5191.0
3987,51,blue-collar,married,basic.4y,unknown,yes,no,telephone,may,mon,4,999,0,nonexistent,1.1,93.994,-36.4,4.858,5191.0
3990,42,blue-collar,married,basic.4y,no,yes,no,telephone,may,mon,1,999,0,nonexistent,1.1,93.994,-36.4,4.858,5191.0
3995,47,services,divorced,high.school,no,no,no,telephone,may,mon,1,999,0,nonexistent,1.1,93.994,-36.4,4.858,5191.0
3997,42,blue-collar,married,basic.9y,no,yes,no,telephone,may,mon,1,999,0,nonexistent,1.1,93.994,-36.4,4.858,5191.0
4000,56,housemaid,married,basic.4y,no,no,no,telephone,may,mon,2,999,0,nonexistent,1.1,93.994,-36.4,4.858,5191.0
4025,47,technician,married,professional.course,no,no,no,telephone,may,mon,1,999,0,nonexistent,1.1,93.994,-36.4,4.858,5191.0
4033,48,services,divorced,high.school,unknown,yes,yes,telephone,may,mon,2,999,0,nonexistent,1.1,93.994,-36.4,4.858,5191.0
4038,36,blue-collar,single,basic.9y,no,no,no,telephone,may,mon,3,999,0,nonexistent,1.1,93.994,-36.4,4.858,5191.0
4043,34,blue-collar,married,basic.6y,no,no,no,telephone,may,mon,2,999,0,nonexistent,1.1,93.994,-36.4,4.858,5191.0
4054,32,admin.,married,high.school,no,no,no,telephone,may,mon,1,999,0,nonexistent,1.1,93.994,-36.4,4.858,5191.0
4091,27,student,single,university.degree,no,yes,no,telephone,may,mon,1,999,0,nonexistent,1.1,93.994,-36.4,4.858,5191.0
4119,31,admin.,divorced,university.degree,no,no,no,telephone,may,mon,5,999,0,nonexistent,1.1,93.994,-36.4,4.858,5191.0
4134,46,blue-collar,married,basic.4y,no,unknown,unknown,telephone,may,mon,2,999,0,nonexistent,1.1,93.994,-36.4,4.858,5191.0
4139,28,management,married,university.degree,no,no,no,telephone,may,mon,3,999,0,nonexistent,1.1,93.994,-36.4,4.858,5191.0
4140,52,management,married,basic.4y,unknown,no,no,telephone,may,mon,35,999,0,nonexistent,1.1,93.994,-36.4,4.858,5191.0
4141,35,admin.,single,university.degree,no,no,no,telephone,may,mon,13,999,0,nonexistent,1.1,93.994,-36.4,4.858,5191.0
4147,26,blue-collar,married,basic.4y,no,no,yes,telephone,may,mon,2,999,0,nonexistent,1.1,93.994,-36.4,4.858,5191.0
4152,31,admin.,married,high.school,no,no,no,telephone,may,mon,2,999,0,nonexistent,1.1,93.994,-36.4,4.858,5191.0
4172,36,admin.,married,high.school,no,no,no,telephone,may,mon,2,999,0,nonexistent,1.1,93.994,-36.4,4.858,5191.0
4189,37,blue-collar,single,university.degree,no,yes,no,telephone,may,mon,9,999,0,nonexistent,1.1,93.994,-36.4,4.858,5191.0
4193,34,blue-collar,single,basic.9y,no,no,no,telephone,may,mon,3,999,0,nonexistent,1.1,93.994,-36.4,4.858,5191.0
4201,38,services,single,high.school,unknown,yes,no,telephone,may,mon,3,999,0,nonexistent,1.1,93.994,-36.4,4.858,5191.0
4202,51,admin.,single,university.degree,no,no,no,telephone,may,mon,7,999,0,nonexistent,1.1,93.994,-36.4,4.858,5191.0
4203,34,services,married,high.school,no,no,no,telephone,may,mon,2,999,0,nonexistent,1.1,93.994,-36.4,4.858,5191.0
4204,30,blue-collar,married,basic.9y,no,no,no,telephone,may,mon,2,999,0,nonexistent,1.1,93.994,-36.4,4.858,5191.0
4229,31,admin.,married,high.school,no,no,no,telephone,may,tue,10,999,0,nonexistent,1.1,93.994,-36.4,4.856,5191.0
4236,40,admin.,married,basic.9y,no,no,no,telephone,may,tue,1,999,0,nonexistent,1.1,93.994,-36.4,4.856,5191.0
4256,52,blue-collar,single,basic.9y,unknown,yes,no,telephone,may,tue,1,999,0,nonexistent,1.1,93.994,-36.4,4.856,5191.0
4259,25,management,single,basic.4y,no,no,no,telephone,may,tue,4,999,0,nonexistent,1.1,93.994,-36.4,4.856,5191.0
4267,47,services,married,high.school,no,no,no,telephone,may,tue,1,999,0,nonexistent,1.1,93.994,-36.4,4.856,5191.0
4268,52,self-employed,married,basic.4y,unknown,yes,no,telephone,may,tue,1,999,0,nonexistent,1.1,93.994,-36.4,4.856,5191.0
4282,38,technician,married,professional.course,no,yes,yes,telephone,may,tue,2,999,0,nonexistent,1.1,93.994,-36.4,4.856,5191.0
4283,39,services,divorced,high.school,no,yes,no,telephone,may,tue,1,999,0,nonexistent,1.1,93.994,-36.4,4.856,5191.0
4293,39,services,married,high.school,unknown,yes,no,telephone,may,tue,1,999,0,nonexistent,1.1,93.994,-36.4,4.856,5191.0
4298,50,blue-collar,married,basic.9y,unknown,yes,yes,telephone,may,tue,1,999,0,nonexistent,1.1,93.994,-36.4,4.856,5191.0
4299,40,admin.,married,high.school,no,no,no,telephone,may,tue,1,999,0,nonexistent,1.1,93.994,-36.4,4.856,5191.0
4312,36,admin.,married,university.degree,unknown,yes,no,telephone,may,tue,1,999,0,nonexistent,1.1,93.994,-36.4,4.856,5191.0
4315,36,admin.,married,high.school,no,yes,yes,telephone,may,tue,1,999,0,nonexistent,1.1,93.994,-36.4,4.856,5191.0
4318,53,management,married,university.degree,unknown,yes,no,telephone,may,tue,1,999,0,nonexistent,1.1,93.994,-36.4,4.856,5191.0
4333,40,admin.,divorced,university.degree,no,yes,no,telephone,may,tue,1,999,0,nonexistent,1.1,93.994,-36.4,4.856,5191.0
4346,49,technician,married,professional.course,no,yes,no,telephone,may,tue,1,999,0,nonexistent,1.1,93.994,-36.4,4.856,5191.0
4348,35,admin.,married,high.school,no,no,no,telephone,may,tue,1,999,0,nonexistent,1.1,93.994,-36.4,4.856,5191.0
4349,45,blue-collar,married,basic.9y,unknown,no,no,telephone,may,tue,1,999,0,nonexistent,1.1,93.994,-36.4,4.856,5191.0
4369,45,services,married,high.school,no,yes,no,telephone,may,tue,2,999,0,nonexistent,1.1,93.994,-36.4,4.856,5191.0
4391,56,retired,married,high.school,unknown,no,no,telephone,may,tue,2,999,0,nonexistent,1.1,93.994,-36.4,4.856,5191.0
4401,35,blue-collar,divorced,high.school,unknown,yes,no,telephone,may,tue,2,999,0,nonexistent,1.1,93.994,-36.4,4.856,5191.0
4409,34,services,married,high.school,no,no,no,telephone,may,tue,1,999,0,nonexistent,1.1,93.994,-36.4,4.856,5191.0
4419,37,services,single,high.school,no,yes,no,telephone,may,tue,9,999,0,nonexistent,1.1,93.994,-36.4,4.856,5191.0
4420,41,housemaid,married,basic.9y,unknown,yes,no,telephone,may,tue,2,999,0,nonexistent,1.1,93.994,-36.4,4.856,5191.0
4429,43,entrepreneur,married,university.degree,no,no,no,telephone,may,tue,1,999,0,nonexistent,1.1,93.994,-36.4,4.856,5191.0
4430,41,management,married,university.degree,no,yes,no,telephone,may,tue,1,999,0,nonexistent,1.1,93.994,-36.4,4.856,5191.0
4449,38,admin.,married,university.degree,no,yes,no,telephone,may,tue,2,999,0,nonexistent,1.1,93.994,-36.4,4.856,5191.0
4452,37,services,married,high.school,unknown,no,yes,telephone,may,tue,1,999,0,nonexistent,1.1,93.994,-36.4,4.856,5191.0
4462,27,blue-collar,married,basic.9y,no,yes,no,telephone,may,tue,1,999,0,nonexistent,1.1,93.994,-36.4,4.856,5191.0
4464,44,management,married,university.degree,no,yes,no,telephone,may,tue,1,999,0,nonexistent,1.1,93.994,-36.4,4.856,5191.0
4466,29,services,divorced,high.school,no,yes,no,telephone,may,tue,1,999,0,nonexistent,1.1,93.994,-36.4,4.856,5191.0
4480,58,retired,married,basic.4y,unknown,no,no,telephone,may,tue,1,999,0,nonexistent,1.1,93.994,-36.4,4.856,5191.0
4485,58,management,married,basic.4y,no,no,no,telephone,may,tue,3,999,0,nonexistent,1.1,93.994,-36.4,4.856,5191.0
4490,32,admin.,married,university.degree,no,no,yes,telephone,may,tue,3,999,0,nonexistent,1.1,93.994,-36.4,4.856,5191.0
4495,57,retired,married,basic.4y,no,yes,yes,telephone,may,tue,2,999,0,nonexistent,1.1,93.994,-36.4,4.856,5191.0
4510,39,management,married,high.school,no,yes,yes,telephone,may,tue,10,999,0,nonexistent,1.1,93.994,-36.4,4.856,5191.0
4514,43,housemaid,married,basic.4y,no,unknown,unknown,telephone,may,tue,4,999,0,nonexistent,1.1,93.994,-36.4,4.856,5191.0
4516,38,services,married,basic.9y,no,unknown,unknown,telephone,may,tue,1,999,0,nonexistent,1.1,93.994,-36.4,4.856,5191.0
4528,26,blue-collar,married,basic.4y,no,yes,yes,telephone,may,tue,2,999,0,nonexistent,1.1,93.994,-36.4,4.856,5191.0
4535,46,admin.,married,high.school,no,yes,no,telephone,may,tue,2,999,0,nonexistent,1.1,93.994,-36.4,4.856,5191.0
4537,31,technician,married,professional.course,no,yes,no,telephone,may,tue,2,999,0,nonexistent,1.1,93.994,-36.4,4.856,5191.0
4541,27,technician,single,university.degree,no,yes,no,telephone,may,tue,2,999,0,nonexistent,1.1,93.994,-36.4,4.856,5191.0
4552,35,blue-collar,married,high.school,no,yes,yes,telephone,may,tue,2,999,0,nonexistent,1.1,93.994,-36.4,4.856,5191.0
4557,59,entrepreneur,married,university.degree,unknown,yes,yes,telephone,may,tue,3,999,0,nonexistent,1.1,93.994,-36.4,4.856,5191.0
4558,48,blue-collar,married,basic.4y,unknown,no,no,telephone,may,tue,4,999,0,nonexistent,1.1,93.994,-36.4,4.856,5191.0
4565,37,unemployed,married,high.school,no,no,no,telephone,may,tue,3,999,0,nonexistent,1.1,93.994,-36.4,4.856,5191.0
4568,57,technician,divorced,unknown,no,no,no,telephone,may,tue,2,999,0,nonexistent,1.1,93.994,-36.4,4.856,5191.0
4578,39,blue-collar,married,basic.9y,no,yes,no,telephone,may,tue,2,999,0,nonexistent,1.1,93.994,-36.4,4.856,5191.0
4595,55,services,divorced,basic.4y,unknown,yes,no,telephone,may,tue,2,999,0,nonexistent,1.1,93.994,-36.4,4.856,5191.0
4637,46,housemaid,married,basic.4y,no,no,no,telephone,may,wed,1,999,0,nonexistent,1.1,93.994,-36.4,4.858,5191.0
4653,42,admin.,single,university.degree,no,yes,yes,telephone,may,wed,1,999,0,nonexistent,1.1,93.994,-36.4,4.858,5191.0
4659,58,management,married,university.degree,unknown,no,no,telephone,may,wed,5,999,0,nonexistent,1.1,93.994,-36.4,4.858,5191.0
4665,26,admin.,married,university.degree,no,yes,yes,telephone,may,wed,1,999,0,nonexistent,1.1,93.994,-36.4,4.858,5191.0
4680,22,services,single,basic.4y,no,no,no,telephone,may,wed,1,999,0,nonexistent,1.1,93.994,-36.4,4.858,5191.0
4681,43,blue-collar,married,basic.9y,no,no,no,telephone,may,wed,5,999,0,nonexistent,1.1,93.994,-36.4,4.858,5191.0
4683,60,entrepreneur,married,basic.4y,no,yes,no,telephone,may,wed,1,999,0,nonexistent,1.1,93.994,-36.4,4.858,5191.0
4686,37,technician,married,university.degree,no,yes,yes,telephone,may,wed,2,999,0,nonexistent,1.1,93.994,-36.4,4.858,5191.0
4689,43,entrepreneur,married,basic.9y,no,yes,no,telephone,may,wed,2,999,0,nonexistent,1.1,93.994,-36.4,4.858,5191.0
4694,37,technician,single,university.degree,no,no,no,telephone,may,wed,1,999,0,nonexistent,1.1,93.994,-36.4,4.858,5191.0
4710,52,management,married,university.degree,no,yes,no,telephone,may,wed,10,999,0,nonexistent,1.1,93.994,-36.4,4.858,5191.0
4711,33,services,married,high.school,no,no,yes,telephone,may,wed,1,999,0,nonexistent,1.1,93.994,-36.4,4.858,5191.0
4723,34,blue-collar,married,basic.9y,unknown,yes,yes,telephone,may,wed,1,999,0,nonexistent,1.1,93.994,-36.4,4.858,5191.0
4730,45,blue-collar,married,basic.4y,no,yes,no,telephone,may,wed,1,999,0,nonexistent,1.1,93.994,-36.4,4.858,5191.0
4731,35,blue-collar,married,basic.9y,no,yes,no,telephone,may,wed,1,999,0,nonexistent,1.1,93.994,-36.4,4.858,5191.0
4734,35,retired,married,professional.course,no,no,no,telephone,may,wed,1,999,0,nonexistent,1.1,93.994,-36.4,4.858,5191.0
4736,30,blue-collar,married,basic.4y,no,no,no,telephone,may,wed,2,999,0,nonexistent,1.1,93.994,-36.4,4.858,5191.0
4746,35,blue-collar,married,professional.course,no,yes,yes,telephone,may,wed,2,999,0,nonexistent,1.1,93.994,-36.4,4.858,5191.0
4751,36,student,single,university.degree,unknown,yes,no,telephone,may,wed,1,999,0,nonexistent,1.1,93.994,-36.4,4.858,5191.0
4757,38,technician,married,professional.course,no,yes,yes,telephone,may,wed,1,999,0,nonexistent,1.1,93.994,-36.4,4.858,5191.0
4764,32,blue-collar,married,basic.9y,unknown,no,no,telephone,may,wed,1,999,0,nonexistent,1.1,93.994,-36.4,4.858,5191.0
4772,45,blue-collar,married,basic.9y,no,no,no,telephone,may,wed,1,999,0,nonexistent,1.1,93.994,-36.4,4.858,5191.0
4773,56,management,married,university.degree,no,yes,no,telephone,may,wed,1,999,0,nonexistent,1.1,93.994,-36.4,4.858,5191.0
4779,33,blue-collar,married,basic.6y,unknown,no,no,telephone,may,wed,2,999,0,nonexistent,1.1,93.994,-36.4,4.858,5191.0
4782,53,admin.,married,basic.9y,no,no,no,telephone,may,wed,1,999,0,nonexistent,1.1,93.994,-36.4,4.858,5191.0
4787,43,admin.,married,high.school,no,no,no,telephone,may,wed,1,999,0,nonexistent,1.1,93.994,-36.4,4.858,5191.0
4825,31,admin.,married,high.school,no,no,no,telephone,may,wed,2,999,0,nonexistent,1.1,93.994,-36.4,4.858,5191.0
4850,53,unknown,married,high.school,unknown,yes,no,telephone,may,wed,1,999,0,nonexistent,1.1,93.994,-36.4,4.858,5191.0
4853,40,technician,married,professional.course,unknown,no,no,telephone,may,wed,1,999,0,nonexistent,1.1,93.994,-36.4,4.858,5191.0
4856,29,blue-collar,married,high.school,no,yes,yes,telephone,may,wed,2,999,0,nonexistent,1.1,93.994,-36.4,4.858,5191.0
4872,27,blue-collar,single,high.school,no,no,no,telephone,may,wed,1,999,0,nonexistent,1.1,93.994,-36.4,4.858,5191.0
4889,30,admin.,married,university.degree,no,no,no,telephone,may,wed,1,999,0,nonexistent,1.1,93.994,-36.4,4.858,5191.0
4894,25,blue-collar,married,basic.9y,unknown,yes,no,telephone,may,wed,1,999,0,nonexistent,1.1,93.994,-36.4,4.858,5191.0
4898,57,management,married,basic.9y,no,no,no,telephone,may,wed,26,999,0,nonexistent,1.1,93.994,-36.4,4.858,5191.0
4912,29,admin.,single,basic.9y,unknown,yes,no,telephone,may,wed,2,999,0,nonexistent,1.1,93.994,-36.4,4.858,5191.0
4931,31,admin.,married,high.school,no,no,no,telephone,may,wed,2,999,0,nonexistent,1.1,93.994,-36.4,4.858,5191.0
4932,24,unemployed,single,university.degree,no,no,no,telephone,may,wed,2,999,0,nonexistent,1.1,93.994,-36.4,4.858,5191.0
4939,56,admin.,married,university.degree,unknown,no,no,telephone,may,wed,1,999,0,nonexistent,1.1,93.994,-36.4,4.858,5191.0
4959,49,management,married,university.degree,no,yes,no,telephone,may,wed,2,999,0,nonexistent,1.1,93.994,-36.4,4.858,5191.0
4990,38,entrepreneur,married,basic.6y,no,unknown,unknown,telephone,may,wed,2,999,0,nonexistent,1.1,93.994,-36.4,4.858,5191.0
4995,35,services,married,high.school,no,no,no,telephone,may,wed,2,999,0,nonexistent,1.1,93.994,-36.4,4.858,5191.0
4996,36,services,single,high.school,no,no,no,telephone,may,wed,3,999,0,nonexistent,1.1,93.994,-36.4,4.858,5191.0
4998,38,services,single,basic.9y,unknown,yes,no,telephone,may,wed,2,999,0,nonexistent,1.1,93.994,-36.4,4.858,5191.0
5002,37,blue-collar,single,high.school,no,yes,yes,telephone,may,wed,2,999,0,nonexistent,1.1,93.994,-36.4,4.858,5191.0
5004,47,blue-collar,married,basic.6y,unknown,no,no,telephone,may,wed,3,999,0,nonexistent,1.1,93.994,-36.4,4.858,5191.0
5007,50,admin.,married,high.school,no,no,no,telephone,may,wed,5,999,0,nonexistent,1.1,93.994,-36.4,4.858,5191.0
5010,37,services,married,basic.6y,no,no,no,telephone,may,wed,4,999,0,nonexistent,1.1,93.994,-36.4,4.858,5191.0
5012,49,admin.,divorced,high.school,no,yes,no,telephone,may,wed,3,999,0,nonexistent,1.1,93.994,-36.4,4.858,5191.0
5014,55,technician,married,high.school,no,no,no,telephone,may,wed,3,999,0,nonexistent,1.1,93.994,-36.4,4.858,5191.0
5015,40,admin.,single,unknown,unknown,yes,no,telephone,may,wed,12,999,0,nonexistent,1.1,93.994,-36.4,4.858,5191.0
5079,37,blue-collar,single,basic.9y,no,no,no,telephone,may,fri,1,999,0,nonexistent,1.1,93.994,-36.4,4.857,5191.0
5083,47,blue-collar,married,basic.4y,unknown,no,no,telephone,may,fri,1,999,0,nonexistent,1.1,93.994,-36.4,4.857,5191.0
5093,47,blue-collar,married,basic.4y,no,yes,no,telephone,may,fri,1,999,0,nonexistent,1.1,93.994,-36.4,4.857,5191.0
5100,42,blue-collar,married,basic.4y,unknown,yes,no,telephone,may,fri,2,999,0,nonexistent,1.1,93.994,-36.4,4.857,5191.0
5108,38,technician,married,basic.6y,unknown,no,no,telephone,may,fri,1,999,0,nonexistent,1.1,93.994,-36.4,4.857,5191.0
5109,37,technician,single,basic.9y,no,no,yes,telephone,may,fri,1,999,0,nonexistent,1.1,93.994,-36.4,4.857,5191.0
5122,46,services,married,high.school,no,yes,no,telephone,may,fri,1,999,0,nonexistent,1.1,93.994,-36.4,4.857,5191.0
5124,27,blue-collar,single,basic.9y,no,yes,no,telephone,may,fri,1,999,0,nonexistent,1.1,93.994,-36.4,4.857,5191.0
5133,48,technician,married,high.school,no,no,no,telephone,may,fri,1,999,0,nonexistent,1.1,93.994,-36.4,4.857,5191.0
5165,56,retired,married,high.school,unknown,no,no,telephone,may,fri,3,999,0,nonexistent,1.1,93.994,-36.4,4.857,5191.0
5168,40,blue-collar,married,basic.9y,no,yes,no,telephone,may,fri,2,999,0,nonexistent,1.1,93.994,-36.4,4.857,5191.0
5178,45,admin.,married,university.degree,no,no,no,telephone,may,fri,2,999,0,nonexistent,1.1,93.994,-36.4,4.857,5191.0
5197,59,retired,married,university.degree,no,no,no,telephone,may,fri,1,999,0,nonexistent,1.1,93.994,-36.4,4.857,5191.0
5198,34,admin.,divorced,basic.6y,no,no,no,telephone,may,fri,2,999,0,nonexistent,1.1,93.994,-36.4,4.857,5191.0
5200,53,services,divorced,university.degree,no,no,yes,telephone,may,fri,1,999,0,nonexistent,1.1,93.994,-36.4,4.857,5191.0
5226,39,management,married,university.degree,no,yes,yes,telephone,may,fri,1,999,0,nonexistent,1.1,93.994,-36.4,4.857,5191.0
5239,38,entrepreneur,married,basic.9y,no,no,no,telephone,may,fri,1,999,0,nonexistent,1.1,93.994,-36.4,4.857,5191.0
5247,49,entrepreneur,married,university.degree,no,no,no,telephone,may,fri,1,999,0,nonexistent,1.1,93.994,-36.4,4.857,5191.0
5285,32,self-employed,married,basic.9y,no,no,no,telephone,may,fri,2,999,0,nonexistent,1.1,93.994,-36.4,4.857,5191.0
5288,58,management,married,university.degree,unknown,no,no,telephone,may,fri,1,999,0,nonexistent,1.1,93.994,-36.4,4.857,5191.0
5293,32,services,single,basic.6y,no,no,no,telephone,may,fri,1,999,0,nonexistent,1.1,93.994,-36.4,4.857,5191.0
5298,38,admin.,married,university.degree,no,yes,no,telephone,may,fri,3,999,0,nonexistent,1.1,93.994,-36.4,4.857,5191.0
5307,37,blue-collar,married,basic.6y,unknown,no,yes,telephone,may,fri,5,999,0,nonexistent,1.1,93.994,-36.4,4.857,5191.0
5310,46,admin.,married,high.school,unknown,yes,no,telephone,may,fri,1,999,0,nonexistent,1.1,93.994,-36.4,4.857,5191.0
5318,49,services,married,high.school,unknown,yes,yes,telephone,may,fri,1,999,0,nonexistent,1.1,93.994,-36.4,4.857,5191.0
5322,27,blue-collar,married,unknown,no,yes,no,telephone,may,fri,1,999,0,nonexistent,1.1,93.994,-36.4,4.857,5191.0
5329,39,admin.,married,professional.course,no,yes,no,telephone,may,fri,1,999,0,nonexistent,1.1,93.994,-36.4,4.857,5191.0
5340,36,blue-collar,single,high.school,no,yes,no,telephone,may,fri,2,999,0,nonexistent,1.1,93.994,-36.4,4.857,5191.0
5347,49,technician,married,unknown,no,yes,no,telephone,may,fri,2,999,0,nonexistent,1.1,93.994,-36.4,4.857,5191.0
5355,42,blue-collar,married,basic.6y,unknown,no,yes,telephone,may,fri,4,999,0,nonexistent,1.1,93.994,-36.4,4.857,5191.0
5361,45,blue-collar,married,basic.6y,unknown,no,no,telephone,may,fri,1,999,0,nonexistent,1.1,93.994,-36.4,4.857,5191.0
5372,58,blue-collar,married,basic.4y,no,yes,no,telephone,may,fri,1,999,0,nonexistent,1.1,93.994,-36.4,4.857,5191.0
5381,38,admin.,single,university.degree,no,yes,no,telephone,may,fri,4,999,0,nonexistent,1.1,93.994,-36.4,4.857,5191.0
5385,60,retired,married,high.school,unknown,yes,no,telephone,may,fri,6,999,0,nonexistent,1.1,93.994,-36.4,4.857,5191.0
5394,45,blue-collar,married,illiterate,unknown,no,yes,telephone,may,fri,2,999,0,nonexistent,1.1,93.994,-36.4,4.857,5191.0
5398,31,blue-collar,divorced,basic.9y,no,yes,no,telephone,may,fri,3,999,0,nonexistent,1.1,93.994,-36.4,4.857,5191.0
5401,29,blue-collar,single,unknown,no,no,no,telephone,may,fri,3,999,0,nonexistent,1.1,93.994,-36.4,4.857,5191.0
5416,46,blue-collar,married,basic.4y,no,yes,no,telephone,may,fri,2,999,0,nonexistent,1.1,93.994,-36.4,4.857,5191.0
5427,55,admin.,married,high.school,no,no,no,telephone,may,fri,6,999,0,nonexistent,1.1,93.994,-36.4,4.857,5191.0
5443,39,services,married,high.school,no,yes,no,telephone,may,fri,6,999,0,nonexistent,1.1,93.994,-36.4,4.857,5191.0
5482,37,admin.,single,high.school,unknown,yes,no,telephone,may,fri,5,999,0,nonexistent,1.1,93.994,-36.4,4.857,5191.0
5490,35,blue-collar,married,high.school,no,yes,no,telephone,may,mon,1,999,0,nonexistent,1.1,93.994,-36.4,4.857,5191.0
5494,49,admin.,single,high.school,no,no,no,telephone,may,mon,2,999,0,nonexistent,1.1,93.994,-36.4,4.857,5191.0
5508,42,admin.,married,basic.4y,no,no,no,telephone,may,mon,1,999,0,nonexistent,1.1,93.994,-36.4,4.857,5191.0
5516,46,self-employed,married,basic.9y,unknown,yes,yes,telephone,may,mon,1,999,0,nonexistent,1.1,93.994,-36.4,4.857,5191.0
5519,47,entrepreneur,married,high.school,no,no,no,telephone,may,mon,1,999,0,nonexistent,1.1,93.994,-36.4,4.857,5191.0
5525,41,technician,married,basic.9y,no,no,no,telephone,may,mon,2,999,0,nonexistent,1.1,93.994,-36.4,4.857,5191.0
5528,42,entrepreneur,married,basic.6y,no,no,no,telephone,may,mon,1,999,0,nonexistent,1.1,93.994,-36.4,4.857,5191.0
5545,36,management,married,university.degree,no,yes,no,telephone,may,mon,1,999,0,nonexistent,1.1,93.994,-36.4,4.857,5191.0
5562,41,admin.,single,high.school,no,no,no,telephone,may,mon,1,999,0,nonexistent,1.1,93.994,-36.4,4.857,5191.0
5574,44,technician,married,professional.course,no,no,no,telephone,may,mon,1,999,0,nonexistent,1.1,93.994,-36.4,4.857,5191.0
5590,53,admin.,married,basic.9y,unknown,no,no,telephone,may,mon,1,999,0,nonexistent,1.1,93.994,-36.4,4.857,5191.0
5634,29,technician,married,unknown,no,yes,no,telephone,may,mon,2,999,0,nonexistent,1.1,93.994,-36.4,4.857,5191.0
5652,35,student,single,high.school,no,yes,yes,telephone,may,mon,1,999,0,nonexistent,1.1,93.994,-36.4,4.857,5191.0
5660,26,admin.,single,high.school,no,yes,no,telephone,may,mon,1,999,0,nonexistent,1.1,93.994,-36.4,4.857,5191.0
5661,56,retired,married,high.school,no,yes,no,telephone,may,mon,3,999,0,nonexistent,1.1,93.994,-36.4,4.857,5191.0
5662,30,services,married,high.school,unknown,no,no,telephone,may,mon,2,999,0,nonexistent,1.1,93.994,-36.4,4.857,5191.0
5687,41,management,divorced,basic.9y,no,yes,yes,telephone,may,mon,2,999,0,nonexistent,1.1,93.994,-36.4,4.857,5191.0
5690,44,unemployed,married,basic.6y,no,yes,yes,telephone,may,mon,1,999,0,nonexistent,1.1,93.994,-36.4,4.857,5191.0
5701,50,blue-collar,single,basic.4y,no,yes,no,telephone,may,mon,3,999,0,nonexistent,1.1,93.994,-36.4,4.857,5191.0
5706,39,admin.,single,university.degree,no,no,no,telephone,may,mon,2,999,0,nonexistent,1.1,93.994,-36.4,4.857,5191.0
5728,39,management,married,university.degree,no,yes,no,telephone,may,mon,3,999,0,nonexistent,1.1,93.994,-36.4,4.857,5191.0
5756,33,technician,divorced,professional.course,no,yes,no,telephone,may,mon,2,999,0,nonexistent,1.1,93.994,-36.4,4.857,5191.0
5761,38,unknown,married,basic.6y,no,yes,no,telephone,may,mon,1,999,0,nonexistent,1.1,93.994,-36.4,4.857,5191.0
5774,34,admin.,single,high.school,no,no,no,telephone,may,mon,3,999,0,nonexistent,1.1,93.994,-36.4,4.857,5191.0
5788,35,services,married,basic.6y,no,no,no,telephone,may,mon,6,999,0,nonexistent,1.1,93.994,-36.4,4.857,5191.0
5792,33,services,single,basic.9y,no,no,no,telephone,may,mon,14,999,0,nonexistent,1.1,93.994,-36.4,4.857,5191.0
5794,41,admin.,single,high.school,no,yes,no,telephone,may,mon,2,999,0,nonexistent,1.1,93.994,-36.4,4.857,5191.0
5798,55,services,married,high.school,unknown,yes,yes,telephone,may,mon,3,999,0,nonexistent,1.1,93.994,-36.4,4.857,5191.0
5808,42,services,married,high.school,no,yes,no,telephone,may,mon,4,999,0,nonexistent,1.1,93.994,-36.4,4.857,5191.0
5821,26,blue-collar,married,professional.course,unknown,yes,no,telephone,may,mon,2,999,0,nonexistent,1.1,93.994,-36.4,4.857,5191.0
5834,51,admin.,divorced,university.degree,no,no,no,telephone,may,mon,5,999,0,nonexistent,1.1,93.994,-36.4,4.857,5191.0
5862,31,admin.,divorced,high.school,no,no,no,telephone,may,mon,3,999,0,nonexistent,1.1,93.994,-36.4,4.857,5191.0
5864,24,admin.,married,basic.9y,no,yes,no,telephone,may,mon,2,999,0,nonexistent,1.1,93.994,-36.4,4.857,5191.0
5872,39,blue-collar,married,basic.9y,no,yes,yes,telephone,may,mon,4,999,0,nonexistent,1.1,93.994,-36.4,4.857,5191.0
5878,47,technician,single,university.degree,unknown,yes,yes,telephone,may,mon,6,999,0,nonexistent,1.1,93.994,-36.4,4.857,5191.0
5879,44,admin.,married,high.school,no,yes,no,telephone,may,mon,5,999,0,nonexistent,1.1,93.994,-36.4,4.857,5191.0
5894,47,blue-collar,married,basic.9y,no,yes,no,telephone,may,mon,2,999,0,nonexistent,1.1,93.994,-36.4,4.857,5191.0
5903,54,retired,divorced,high.school,no,yes,no,telephone,may,mon,4,999,0,nonexistent,1.1,93.994,-36.4,4.857,5191.0
5905,33,management,single,university.degree,no,no,no,telephone,may,mon,16,999,0,nonexistent,1.1,93.994,-36.4,4.857,5191.0
5910,49,admin.,divorced,basic.9y,no,yes,yes,telephone,may,mon,3,999,0,nonexistent,1.1,93.994,-36.4,4.857,5191.0
5926,41,blue-collar,married,basic.4y,no,no,no,telephone,may,tue,2,999,0,nonexistent,1.1,93.994,-36.4,4.857,5191.0
5937,38,blue-collar,single,high.school,no,no,no,telephone,may,tue,3,999,0,nonexistent,1.1,93.994,-36.4,4.857,5191.0
5949,45,services,divorced,unknown,no,yes,no,telephone,may,tue,5,999,0,nonexistent,1.1,93.994,-36.4,4.857,5191.0
5960,37,blue-collar,married,basic.6y,no,yes,no,telephone,may,tue,2,999,0,nonexistent,1.1,93.994,-36.4,4.857,5191.0
5974,33,blue-collar,married,basic.9y,no,no,yes,telephone,may,tue,2,999,0,nonexistent,1.1,93.994,-36.4,4.857,5191.0
5987,34,blue-collar,married,basic.9y,no,no,no,telephone,may,tue,1,999,0,nonexistent,1.1,93.994,-36.4,4.857,5191.0
5991,38,admin.,single,university.degree,unknown,yes,no,telephone,may,tue,1,999,0,nonexistent,1.1,93.994,-36.4,4.857,5191.0
5993,34,technician,married,university.degree,no,no,no,telephone,may,tue,1,999,0,nonexistent,1.1,93.994,-36.4,4.857,5191.0
6020,34,technician,married,university.degree,no,no,no,telephone,may,tue,10,999,0,nonexistent,1.1,93.994,-36.4,4.857,5191.0
6030,27,technician,single,professional.course,no,no,no,telephone,may,tue,1,999,0,nonexistent,1.1,93.994,-36.4,4.857,5191.0
6033,43,management,married,basic.4y,no,yes,no,telephone,may,tue,1,999,0,nonexistent,1.1,93.994,-36.4,4.857,5191.0
6038,43,blue-collar,married,basic.9y,unknown,no,no,telephone,may,tue,1,999,0,nonexistent,1.1,93.994,-36.4,4.857,5191.0
6046,48,blue-collar,married,basic.4y,unknown,no,no,telephone,may,tue,1,999,0,nonexistent,1.1,93.994,-36.4,4.857,5191.0
6050,46,housemaid,married,basic.4y,no,no,no,telephone,may,tue,2,999,0,nonexistent,1.1,93.994,-36.4,4.857,5191.0
6058,57,self-employed,married,basic.9y,unknown,yes,yes,telephone,may,tue,1,999,0,nonexistent,1.1,93.994,-36.4,4.857,5191.0
6068,39,admin.,married,university.degree,unknown,no,no,telephone,may,tue,3,999,0,nonexistent,1.1,93.994,-36.4,4.857,5191.0
6082,35,blue-collar,married,basic.9y,no,yes,no,telephone,may,tue,1,999,0,nonexistent,1.1,93.994,-36.4,4.857,5191.0
6083,28,student,single,basic.9y,unknown,yes,yes,telephone,may,tue,5,999,0,nonexistent,1.1,93.994,-36.4,4.857,5191.0
6084,31,blue-collar,divorced,basic.6y,no,no,no,telephone,may,tue,1,999,0,nonexistent,1.1,93.994,-36.4,4.857,5191.0
6085,27,blue-collar,married,basic.9y,no,no,no,telephone,may,tue,1,999,0,nonexistent,1.1,93.994,-36.4,4.857,5191.0
6097,30,technician,divorced,professional.course,no,yes,no,telephone,may,tue,1,999,0,nonexistent,1.1,93.994,-36.4,4.857,5191.0
6099,36,blue-collar,single,basic.9y,unknown,no,no,telephone,may,tue,2,999,0,nonexistent,1.1,93.994,-36.4,4.857,5191.0
6114,37,admin.,married,high.school,no,no,no,telephone,may,tue,1,999,0,nonexistent,1.1,93.994,-36.4,4.857,5191.0
6126,47,technician,married,professional.course,unknown,yes,no,telephone,may,tue,3,999,0,nonexistent,1.1,93.994,-36.4,4.857,5191.0
6157,26,technician,married,professional.course,no,no,no,telephone,may,tue,2,999,0,nonexistent,1.1,93.994,-36.4,4.857,5191.0
6158,38,admin.,married,high.school,no,unknown,unknown,telephone,may,tue,2,999,0,nonexistent,1.1,93.994,-36.4,4.857,5191.0
6161,55,retired,divorced,high.school,unknown,yes,no,telephone,may,tue,1,999,0,nonexistent,1.1,93.994,-36.4,4.857,5191.0
6168,52,blue-collar,married,basic.9y,no,yes,no,telephone,may,tue,1,999,0,nonexistent,1.1,93.994,-36.4,4.857,5191.0
6174,46,housemaid,married,basic.4y,no,yes,no,telephone,may,tue,2,999,0,nonexistent,1.1,93.994,-36.4,4.857,5191.0
6178,32,blue-collar,married,professional.course,no,no,yes,telephone,may,tue,1,999,0,nonexistent,1.1,93.994,-36.4,4.857,5191.0
6204,36,services,married,high.school,no,no,yes,telephone,may,tue,2,999,0,nonexistent,1.1,93.994,-36.4,4.857,5191.0
6207,28,self-employed,single,university.degree,no,no,no,telephone,may,tue,2,999,0,nonexistent,1.1,93.994,-36.4,4.857,5191.0
6216,31,blue-collar,married,basic.9y,no,no,no,telephone,may,tue,6,999,0,nonexistent,1.1,93.994,-36.4,4.857,5191.0
6238,34,unknown,married,basic.4y,unknown,yes,no,telephone,may,tue,1,999,0,nonexistent,1.1,93.994,-36.4,4.857,5191.0
6251,38,blue-collar,single,basic.4y,no,unknown,unknown,telephone,may,tue,2,999,0,nonexistent,1.1,93.994,-36.4,4.857,5191.0
6266,58,retired,married,professional.course,unknown,no,no,telephone,may,tue,2,999,0,nonexistent,1.1,93.994,-36.4,4.857,5191.0
6273,52,admin.,divorced,university.degree,no,no,no,telephone,may,tue,2,999,0,nonexistent,1.1,93.994,-36.4,4.857,5191.0
6274,37,blue-collar,married,professional.course,no,no,no,telephone,may,tue,2,999,0,nonexistent,1.1,93.994,-36.4,4.857,5191.0
6275,37,blue-collar,married,basic.4y,unknown,no,no,telephone,may,tue,1,999,0,nonexistent,1.1,93.994,-36.4,4.857,5191.0
6287,37,blue-collar,single,basic.9y,no,yes,no,telephone,may,tue,2,999,0,nonexistent,1.1,93.994,-36.4,4.857,5191.0
6300,55,technician,married,basic.6y,no,yes,no,telephone,may,tue,2,999,0,nonexistent,1.1,93.994,-36.4,4.857,5191.0
6323,24,blue-collar,single,basic.9y,no,no,no,telephone,may,tue,2,999,0,nonexistent,1.1,93.994,-36.4,4.857,5191.0
6342,40,technician,married,professional.course,unknown,yes,no,telephone,may,tue,1,999,0,nonexistent,1.1,93.994,-36.4,4.857,5191.0
6343,40,technician,married,professional.course,unknown,yes,no,telephone,may,tue,1,999,0,nonexistent,1.1,93.994,-36.4,4.857,5191.0
6347,35,blue-collar,married,basic.4y,unknown,yes,no,telephone,may,tue,13,999,0,nonexistent,1.1,93.994,-36.4,4.857,5191.0
6357,45,admin.,married,basic.9y,no,yes,no,telephone,may,tue,2,999,0,nonexistent,1.1,93.994,-36.4,4.857,5191.0
6367,29,admin.,married,basic.9y,no,yes,no,telephone,may,tue,4,999,0,nonexistent,1.1,93.994,-36.4,4.857,5191.0
6399,35,blue-collar,married,high.school,no,no,yes,telephone,may,tue,3,999,0,nonexistent,1.1,93.994,-36.4,4.857,5191.0
6401,54,retired,married,basic.4y,unknown,no,no,telephone,may,tue,2,999,0,nonexistent,1.1,93.994,-36.4,4.857,5191.0
6466,56,retired,married,university.degree,no,yes,no,telephone,may,wed,3,999,0,nonexistent,1.1,93.994,-36.4,4.857,5191.0
6490,33,technician,married,basic.9y,no,no,no,telephone,may,wed,1,999,0,nonexistent,1.1,93.994,-36.4,4.857,5191.0
6497,25,self-employed,single,university.degree,no,no,no,telephone,may,wed,2,999,0,nonexistent,1.1,93.994,-36.4,4.857,5191.0
6503,34,technician,married,university.degree,no,yes,no,telephone,may,wed,1,999,0,nonexistent,1.1,93.994,-36.4,4.857,5191.0
6510,30,blue-collar,divorced,basic.9y,no,yes,no,telephone,may,wed,4,999,0,nonexistent,1.1,93.994,-36.4,4.857,5191.0
6511,43,entrepreneur,divorced,high.school,no,yes,no,telephone,may,wed,1,999,0,nonexistent,1.1,93.994,-36.4,4.857,5191.0
6539,38,admin.,married,university.degree,no,yes,yes,telephone,may,wed,2,999,0,nonexistent,1.1,93.994,-36.4,4.857,5191.0
6553,34,services,married,high.school,no,no,no,telephone,may,wed,1,999,0,nonexistent,1.1,93.994,-36.4,4.857,5191.0
6565,39,admin.,married,professional.course,no,yes,yes,telephone,may,wed,1,999,0,nonexistent,1.1,93.994,-36.4,4.857,5191.0
6598,28,admin.,married,basic.6y,no,no,no,telephone,may,wed,1,999,0,nonexistent,1.1,93.994,-36.4,4.857,5191.0
6599,34,admin.,married,university.degree,no,no,no,telephone,may,wed,1,999,0,nonexistent,1.1,93.994,-36.4,4.857,5191.0
6605,31,services,single,high.school,unknown,yes,no,telephone,may,wed,1,999,0,nonexistent,1.1,93.994,-36.4,4.857,5191.0
6607,33,blue-collar,married,basic.6y,no,no,no,telephone,may,wed,1,999,0,nonexistent,1.1,93.994,-36.4,4.857,5191.0
6610,25,entrepreneur,single,university.degree,no,yes,no,telephone,may,wed,4,999,0,nonexistent,1.1,93.994,-36.4,4.857,5191.0
6616,35,entrepreneur,married,high.school,no,no,no,telephone,may,wed,2,999,0,nonexistent,1.1,93.994,-36.4,4.857,5191.0
6617,30,technician,single,high.school,no,no,no,telephone,may,wed,1,999,0,nonexistent,1.1,93.994,-36.4,4.857,5191.0
6625,31,entrepreneur,single,basic.9y,no,no,no,telephone,may,wed,4,999,0,nonexistent,1.1,93.994,-36.4,4.857,5191.0
6648,27,blue-collar,single,basic.4y,unknown,no,yes,telephone,may,wed,2,999,0,nonexistent,1.1,93.994,-36.4,4.857,5191.0
6649,54,technician,married,professional.course,no,no,no,telephone,may,wed,1,999,0,nonexistent,1.1,93.994,-36.4,4.857,5191.0
6657,33,blue-collar,married,basic.9y,no,no,no,telephone,may,wed,1,999,0,nonexistent,1.1,93.994,-36.4,4.857,5191.0
6658,30,services,single,basic.9y,no,no,no,telephone,may,wed,1,999,0,nonexistent,1.1,93.994,-36.4,4.857,5191.0
6684,44,management,married,basic.9y,unknown,no,no,telephone,may,wed,2,999,0,nonexistent,1.1,93.994,-36.4,4.857,5191.0
6706,47,blue-collar,married,basic.4y,no,no,no,telephone,may,wed,1,999,0,nonexistent,1.1,93.994,-36.4,4.857,5191.0
6718,52,blue-collar,single,basic.4y,no,unknown,unknown,telephone,may,wed,2,999,0,nonexistent,1.1,93.994,-36.4,4.857,5191.0
6723,50,management,married,university.degree,no,yes,no,telephone,may,wed,1,999,0,nonexistent,1.1,93.994,-36.4,4.857,5191.0
6728,46,blue-collar,married,basic.9y,unknown,no,no,telephone,may,wed,2,999,0,nonexistent,1.1,93.994,-36.4,4.857,5191.0
6737,46,blue-collar,married,basic.9y,unknown,no,no,telephone,may,wed,1,999,0,nonexistent,1.1,93.994,-36.4,4.857,5191.0
6754,49,blue-collar,married,basic.9y,unknown,no,yes,telephone,may,wed,3,999,0,nonexistent,1.1,93.994,-36.4,4.857,5191.0
6766,28,blue-collar,single,basic.9y,no,no,no,telephone,may,wed,2,999,0,nonexistent,1.1,93.994,-36.4,4.857,5191.0
6773,31,services,married,high.school,unknown,no,no,telephone,may,wed,2,999,0,nonexistent,1.1,93.994,-36.4,4.857,5191.0
6775,36,blue-collar,married,basic.4y,unknown,no,yes,telephone,may,wed,4,999,0,nonexistent,1.1,93.994,-36.4,4.857,5191.0
6811,30,blue-collar,divorced,basic.9y,no,yes,no,telephone,may,wed,2,999,0,nonexistent,1.1,93.994,-36.4,4.857,5191.0
6815,34,technician,married,basic.9y,no,no,no,telephone,may,wed,2,999,0,nonexistent,1.1,93.994,-36.4,4.857,5191.0
6852,35,technician,married,professional.course,no,yes,no,telephone,may,wed,3,999,0,nonexistent,1.1,93.994,-36.4,4.857,5191.0
6853,40,blue-collar,married,high.school,no,no,no,telephone,may,wed,3,999,0,nonexistent,1.1,93.994,-36.4,4.857,5191.0
6867,45,admin.,married,basic.6y,unknown,yes,no,telephone,may,wed,4,999,0,nonexistent,1.1,93.994,-36.4,4.857,5191.0
6896,39,blue-collar,married,basic.4y,unknown,no,no,telephone,may,thu,1,999,0,nonexistent,1.1,93.994,-36.4,4.86,5191.0
6916,40,technician,married,basic.9y,no,yes,no,telephone,may,thu,1,999,0,nonexistent,1.1,93.994,-36.4,4.86,5191.0
6922,58,blue-collar,married,basic.4y,no,yes,no,telephone,may,thu,1,999,0,nonexistent,1.1,93.994,-36.4,4.86,5191.0
6946,52,blue-collar,single,basic.9y,unknown,yes,no,telephone,may,thu,1,999,0,nonexistent,1.1,93.994,-36.4,4.86,5191.0
6996,48,admin.,divorced,high.school,no,no,no,telephone,may,thu,2,999,0,nonexistent,1.1,93.994,-36.4,4.86,5191.0
7000,43,management,single,basic.4y,no,yes,no,telephone,may,thu,3,999,0,nonexistent,1.1,93.994,-36.4,4.86,5191.0
7001,32,technician,married,professional.course,no,no,no,telephone,may,thu,1,999,0,nonexistent,1.1,93.994,-36.4,4.86,5191.0
7003,46,blue-collar,married,basic.9y,unknown,no,no,telephone,may,thu,6,999,0,nonexistent,1.1,93.994,-36.4,4.86,5191.0
7006,42,admin.,single,unknown,no,no,no,telephone,may,thu,6,999,0,nonexistent,1.1,93.994,-36.4,4.86,5191.0
7007,42,technician,married,university.degree,unknown,no,no,telephone,may,thu,1,999,0,nonexistent,1.1,93.994,-36.4,4.86,5191.0
7010,37,unemployed,married,professional.course,unknown,no,no,telephone,may,thu,1,999,0,nonexistent,1.1,93.994,-36.4,4.86,5191.0
7012,45,unknown,married,unknown,unknown,yes,no,telephone,may,thu,2,999,0,nonexistent,1.1,93.994,-36.4,4.86,5191.0
7018,39,technician,married,professional.course,no,no,no,telephone,may,thu,2,999,0,nonexistent,1.1,93.994,-36.4,4.86,5191.0
7022,42,management,married,university.degree,unknown,no,no,telephone,may,thu,1,999,0,nonexistent,1.1,93.994,-36.4,4.86,5191.0
7066,36,blue-collar,married,unknown,unknown,no,no,telephone,may,thu,1,999,0,nonexistent,1.1,93.994,-36.4,4.86,5191.0
7076,45,technician,divorced,professional.course,no,no,no,telephone,may,thu,7,999,0,nonexistent,1.1,93.994,-36.4,4.86,5191.0
7098,58,blue-collar,married,basic.4y,unknown,yes,no,telephone,may,thu,1,999,0,nonexistent,1.1,93.994,-36.4,4.86,5191.0
7112,49,technician,married,professional.course,no,no,no,telephone,may,thu,2,999,0,nonexistent,1.1,93.994,-36.4,4.86,5191.0
7130,29,self-employed,married,university.degree,no,no,no,telephone,may,thu,1,999,0,nonexistent,1.1,93.994,-36.4,4.86,5191.0
7151,50,technician,divorced,basic.9y,no,no,yes,telephone,may,thu,5,999,0,nonexistent,1.1,93.994,-36.4,4.86,5191.0
7160,45,self-employed,divorced,university.degree,no,yes,no,telephone,may,thu,4,999,0,nonexistent,1.1,93.994,-36.4,4.86,5191.0
7171,46,blue-collar,married,basic.4y,unknown,yes,no,telephone,may,thu,4,999,0,nonexistent,1.1,93.994,-36.4,4.86,5191.0
7175,52,self-employed,single,university.degree,unknown,yes,no,telephone,may,thu,4,999,0,nonexistent,1.1,93.994,-36.4,4.86,5191.0
7209,56,technician,married,professional.course,unknown,yes,no,telephone,may,thu,3,999,0,nonexistent,1.1,93.994,-36.4,4.86,5191.0
7221,52,unemployed,married,high.school,unknown,no,no,telephone,may,thu,2,999,0,nonexistent,1.1,93.994,-36.4,4.86,5191.0
7223,43,technician,married,university.degree,unknown,no,no,telephone,may,thu,2,999,0,nonexistent,1.1,93.994,-36.4,4.86,5191.0
7254,51,unemployed,married,basic.4y,unknown,yes,no,telephone,may,thu,2,999,0,nonexistent,1.1,93.994,-36.4,4.86,5191.0
7266,55,retired,married,university.degree,unknown,yes,no,telephone,may,thu,3,999,0,nonexistent,1.1,93.994,-36.4,4.86,5191.0
7282,41,entrepreneur,married,basic.9y,no,yes,no,telephone,may,thu,2,999,0,nonexistent,1.1,93.994,-36.4,4.86,5191.0
7291,55,admin.,married,high.school,no,no,yes,telephone,may,thu,4,999,0,nonexistent,1.1,93.994,-36.4,4.86,5191.0
7296,27,services,single,professional.course,no,no,no,telephone,may,thu,3,999,0,nonexistent,1.1,93.994,-36.4,4.86,5191.0
7304,53,housemaid,single,basic.4y,unknown,no,no,telephone,may,thu,15,999,0,nonexistent,1.1,93.994,-36.4,4.86,5191.0
7309,45,unknown,married,unknown,no,no,yes,telephone,may,thu,6,999,0,nonexistent,1.1,93.994,-36.4,4.86,5191.0
7312,28,services,single,high.school,no,no,no,telephone,may,thu,6,999,0,nonexistent,1.1,93.994,-36.4,4.86,5191.0
7323,48,admin.,divorced,high.school,no,yes,no,telephone,may,thu,2,999,0,nonexistent,1.1,93.994,-36.4,4.86,5191.0
7331,57,technician,married,university.degree,no,no,no,telephone,may,fri,2,999,0,nonexistent,1.1,93.994,-36.4,4.864,5191.0
7334,54,self-employed,married,professional.course,unknown,no,no,telephone,may,fri,1,999,0,nonexistent,1.1,93.994,-36.4,4.864,5191.0
7343,48,blue-collar,married,basic.6y,no,no,no,telephone,may,fri,1,999,0,nonexistent,1.1,93.994,-36.4,4.864,5191.0
7362,35,blue-collar,divorced,basic.9y,no,no,yes,telephone,may,fri,6,999,0,nonexistent,1.1,93.994,-36.4,4.864,5191.0
7371,33,entrepreneur,married,university.degree,no,yes,no,telephone,may,fri,1,999,0,nonexistent,1.1,93.994,-36.4,4.864,5191.0
7376,39,admin.,married,university.degree,no,yes,no,telephone,may,fri,1,999,0,nonexistent,1.1,93.994,-36.4,4.864,5191.0
7383,41,admin.,single,high.school,no,no,yes,telephone,may,fri,2,999,0,nonexistent,1.1,93.994,-36.4,4.864,5191.0
7390,37,self-employed,divorced,university.degree,no,yes,no,telephone,may,fri,1,999,0,nonexistent,1.1,93.994,-36.4,4.864,5191.0
7401,38,admin.,single,university.degree,no,yes,no,telephone,may,fri,1,999,0,nonexistent,1.1,93.994,-36.4,4.864,5191.0
7419,38,blue-collar,married,high.school,no,yes,no,telephone,may,fri,1,999,0,nonexistent,1.1,93.994,-36.4,4.864,5191.0
7421,25,technician,single,professional.course,no,yes,no,telephone,may,fri,1,999,0,nonexistent,1.1,93.994,-36.4,4.864,5191.0
7428,49,admin.,divorced,high.school,no,no,no,telephone,may,fri,1,999,0,nonexistent,1.1,93.994,-36.4,4.864,5191.0
7429,41,admin.,married,high.school,no,no,no,telephone,may,fri,1,999,0,nonexistent,1.1,93.994,-36.4,4.864,5191.0
7440,32,technician,single,university.degree,no,yes,no,telephone,may,fri,1,999,0,nonexistent,1.1,93.994,-36.4,4.864,5191.0
7458,40,management,divorced,university.degree,unknown,yes,yes,telephone,may,fri,3,999,0,nonexistent,1.1,93.994,-36.4,4.864,5191.0
7481,30,services,married,high.school,no,no,no,telephone,may,fri,1,999,0,nonexistent,1.1,93.994,-36.4,4.864,5191.0
7495,29,admin.,married,university.degree,no,no,no,telephone,may,fri,1,999,0,nonexistent,1.1,93.994,-36.4,4.864,5191.0
7502,37,admin.,married,high.school,no,no,no,telephone,may,fri,1,999,0,nonexistent,1.1,93.994,-36.4,4.864,5191.0
7521,36,unemployed,married,basic.9y,no,no,no,telephone,may,fri,8,999,0,nonexistent,1.1,93.994,-36.4,4.864,5191.0
7530,49,self-employed,single,basic.9y,no,yes,yes,telephone,may,fri,5,999,0,nonexistent,1.1,93.994,-36.4,4.864,5191.0
7541,54,housemaid,divorced,basic.4y,unknown,yes,no,telephone,may,fri,9,999,0,nonexistent,1.1,93.994,-36.4,4.864,5191.0
7555,59,technician,married,unknown,no,no,no,telephone,may,fri,2,999,0,nonexistent,1.1,93.994,-36.4,4.864,5191.0
7560,32,admin.,single,university.degree,unknown,no,no,telephone,may,fri,3,999,0,nonexistent,1.1,93.994,-36.4,4.864,5191.0
7561,48,self-employed,married,high.school,unknown,yes,no,telephone,may,fri,2,999,0,nonexistent,1.1,93.994,-36.4,4.864,5191.0
7567,46,admin.,married,high.school,no,no,no,telephone,may,fri,2,999,0,nonexistent,1.1,93.994,-36.4,4.864,5191.0
7572,29,technician,married,professional.course,no,no,no,telephone,may,fri,3,999,0,nonexistent,1.1,93.994,-36.4,4.864,5191.0
7575,41,technician,single,professional.course,no,unknown,unknown,telephone,may,fri,2,999,0,nonexistent,1.1,93.994,-36.4,4.864,5191.0
7582,26,services,single,high.school,no,yes,no,telephone,may,fri,2,999,0,nonexistent,1.1,93.994,-36.4,4.864,5191.0
7602,38,services,divorced,basic.6y,no,no,no,telephone,may,fri,2,999,0,nonexistent,1.1,93.994,-36.4,4.864,5191.0
7605,43,management,married,unknown,no,no,no,telephone,may,fri,2,999,0,nonexistent,1.1,93.994,-36.4,4.864,5191.0
7606,53,admin.,married,basic.9y,unknown,yes,no,telephone,may,fri,3,999,0,nonexistent,1.1,93.994,-36.4,4.864,5191.0
7620,31,management,single,professional.course,no,yes,no,telephone,may,fri,6,999,0,nonexistent,1.1,93.994,-36.4,4.864,5191.0
7637,45,blue-collar,married,basic.9y,unknown,no,no,telephone,may,fri,9,999,0,nonexistent,1.1,93.994,-36.4,4.864,5191.0
7655,43,management,married,university.degree,no,yes,no,telephone,may,fri,4,999,0,nonexistent,1.1,93.994,-36.4,4.864,5191.0
7681,42,blue-collar,divorced,basic.4y,no,no,no,telephone,may,fri,4,999,0,nonexistent,1.1,93.994,-36.4,4.864,5191.0
7712,57,blue-collar,married,basic.9y,no,no,no,telephone,may,fri,3,999,0,nonexistent,1.1,93.994,-36.4,4.864,5191.0
7715,31,admin.,single,high.school,no,yes,no,telephone,may,fri,25,999,0,nonexistent,1.1,93.994,-36.4,4.864,5191.0
7729,55,blue-collar,married,basic.4y,no,no,no,telephone,may,fri,2,999,0,nonexistent,1.1,93.994,-36.4,4.864,5191.0
7740,40,services,married,high.school,no,yes,no,telephone,may,fri,3,999,0,nonexistent,1.1,93.994,-36.4,4.864,5191.0
7746,30,services,married,high.school,no,no,no,telephone,may,fri,2,999,0,nonexistent,1.1,93.994,-36.4,4.864,5191.0
7747,56,housemaid,married,basic.4y,no,yes,no,telephone,may,fri,2,999,0,nonexistent,1.1,93.994,-36.4,4.864,5191.0
7755,47,management,married,basic.4y,unknown,no,yes,telephone,may,fri,3,999,0,nonexistent,1.1,93.994,-36.4,4.864,5191.0
7757,33,technician,married,professional.course,no,no,no,telephone,may,fri,3,999,0,nonexistent,1.1,93.994,-36.4,4.864,5191.0
7767,55,technician,married,basic.9y,no,no,no,telephone,jun,mon,3,999,0,nonexistent,1.4,94.465,-41.8,4.865,5228.1
7801,55,technician,married,basic.9y,unknown,no,no,telephone,jun,mon,1,999,0,nonexistent,1.4,94.465,-41.8,4.865,5228.1
7802,41,admin.,single,university.degree,no,no,no,telephone,jun,mon,3,999,0,nonexistent,1.4,94.465,-41.8,4.865,5228.1
7805,38,admin.,married,basic.9y,unknown,no,no,telephone,jun,mon,2,999,0,nonexistent,1.4,94.465,-41.8,4.865,5228.1
7806,30,admin.,married,university.degree,no,no,no,telephone,jun,mon,1,999,0,nonexistent,1.4,94.465,-41.8,4.865,5228.1
7807,54,services,divorced,high.school,no,no,no,telephone,jun,mon,3,999,0,nonexistent,1.4,94.465,-41.8,4.865,5228.1
7829,25,blue-collar,married,basic.9y,unknown,no,no,telephone,jun,mon,4,999,0,nonexistent,1.4,94.465,-41.8,4.865,5228.1
7830,50,services,divorced,basic.4y,unknown,yes,no,telephone,jun,mon,4,999,0,nonexistent,1.4,94.465,-41.8,4.865,5228.1
7844,30,services,married,high.school,no,no,no,telephone,jun,mon,3,999,0,nonexistent,1.4,94.465,-41.8,4.865,5228.1
7858,35,blue-collar,married,basic.9y,no,no,no,telephone,jun,mon,1,999,0,nonexistent,1.4,94.465,-41.8,4.865,5228.1
7891,26,admin.,married,high.school,unknown,no,no,telephone,jun,mon,1,999,0,nonexistent,1.4,94.465,-41.8,4.865,5228.1
7912,58,retired,married,high.school,unknown,no,no,telephone,jun,mon,1,999,0,nonexistent,1.4,94.465,-41.8,4.865,5228.1
7920,29,blue-collar,married,basic.4y,no,yes,no,telephone,jun,mon,2,999,0,nonexistent,1.4,94.465,-41.8,4.865,5228.1
7928,41,technician,single,university.degree,unknown,yes,no,telephone,jun,mon,4,999,0,nonexistent,1.4,94.465,-41.8,4.865,5228.1
7963,44,blue-collar,married,basic.9y,unknown,yes,no,telephone,jun,mon,1,999,0,nonexistent,1.4,94.465,-41.8,4.865,5228.1
7976,37,admin.,married,university.degree,no,no,no,telephone,jun,mon,8,999,0,nonexistent,1.4,94.465,-41.8,4.865,5228.1
7984,33,services,single,university.degree,unknown,no,no,telephone,jun,mon,2,999,0,nonexistent,1.4,94.465,-41.8,4.865,5228.1
7988,39,blue-collar,married,basic.9y,no,no,no,telephone,jun,mon,2,999,0,nonexistent,1.4,94.465,-41.8,4.865,5228.1
7996,34,unemployed,single,university.degree,no,no,no,telephone,jun,mon,4,999,0,nonexistent,1.4,94.465,-41.8,4.865,5228.1
8005,36,services,married,high.school,unknown,no,no,telephone,jun,mon,2,999,0,nonexistent,1.4,94.465,-41.8,4.865,5228.1
8019,42,admin.,married,high.school,no,no,yes,telephone,jun,mon,2,999,0,nonexistent,1.4,94.465,-41.8,4.865,5228.1
8025,30,management,single,university.degree,no,no,no,telephone,jun,mon,1,999,0,nonexistent,1.4,94.465,-41.8,4.865,5228.1
8033,32,services,married,high.school,no,yes,no,telephone,jun,mon,32,999,0,nonexistent,1.4,94.465,-41.8,4.865,5228.1
8036,53,blue-collar,married,basic.4y,unknown,yes,no,telephone,jun,mon,1,999,0,nonexistent,1.4,94.465,-41.8,4.865,5228.1
8040,37,admin.,divorced,basic.9y,unknown,yes,no,telephone,jun,mon,2,999,0,nonexistent,1.4,94.465,-41.8,4.865,5228.1
8089,48,blue-collar,married,basic.6y,no,yes,no,telephone,jun,mon,8,999,0,nonexistent,1.4,94.465,-41.8,4.865,5228.1
8114,41,admin.,married,high.school,no,unknown,unknown,telephone,jun,mon,2,999,0,nonexistent,1.4,94.465,-41.8,4.865,5228.1
8117,35,technician,single,professional.course,no,yes,yes,telephone,jun,mon,9,999,0,nonexistent,1.4,94.465,-41.8,4.865,5228.1
8124,36,technician,divorced,professional.course,unknown,no,no,telephone,jun,mon,4,999,0,nonexistent,1.4,94.465,-41.8,4.865,5228.1
8129,33,admin.,married,university.degree,no,yes,no,telephone,jun,mon,8,999,0,nonexistent,1.4,94.465,-41.8,4.865,5228.1
8135,39,entrepreneur,married,high.school,no,no,no,telephone,jun,mon,3,999,0,nonexistent,1.4,94.465,-41.8,4.865,5228.1
8154,34,technician,married,university.degree,no,no,no,telephone,jun,tue,8,999,0,nonexistent,1.4,94.465,-41.8,4.864,5228.1
8171,41,unemployed,married,university.degree,unknown,no,no,telephone,jun,tue,2,999,0,nonexistent,1.4,94.465,-41.8,4.864,5228.1
8172,29,management,single,university.degree,no,no,no,telephone,jun,tue,1,999,0,nonexistent,1.4,94.465,-41.8,4.864,5228.1
8176,45,blue-collar,divorced,basic.9y,no,yes,no,telephone,jun,tue,1,999,0,nonexistent,1.4,94.465,-41.8,4.864,5228.1
8177,33,technician,married,professional.course,no,no,yes,telephone,jun,tue,1,999,0,nonexistent,1.4,94.465,-41.8,4.864,5228.1
8182,41,blue-collar,married,basic.6y,no,unknown,unknown,telephone,jun,tue,1,999,0,nonexistent,1.4,94.465,-41.8,4.864,5228.1
8184,39,housemaid,married,basic.9y,no,no,no,telephone,jun,tue,2,999,0,nonexistent,1.4,94.465,-41.8,4.864,5228.1
8186,43,technician,married,professional.course,no,yes,no,telephone,jun,tue,1,999,0,nonexistent,1.4,94.465,-41.8,4.864,5228.1
8187,47,blue-collar,married,basic.4y,unknown,no,no,telephone,jun,tue,5,999,0,nonexistent,1.4,94.465,-41.8,4.864,5228.1
8196,42,admin.,single,high.school,no,no,no,telephone,jun,tue,1,999,0,nonexistent,1.4,94.465,-41.8,4.864,5228.1
8197,32,blue-collar,single,high.school,no,no,no,telephone,jun,tue,3,999,0,nonexistent,1.4,94.465,-41.8,4.864,5228.1
8204,38,unemployed,married,professional.course,no,no,no,telephone,jun,tue,1,999,0,nonexistent,1.4,94.465,-41.8,4.864,5228.1
8209,40,blue-collar,divorced,basic.9y,unknown,no,no,telephone,jun,tue,1,999,0,nonexistent,1.4,94.465,-41.8,4.864,5228.1
8226,35,blue-collar,married,basic.9y,no,yes,no,telephone,jun,tue,3,999,0,nonexistent,1.4,94.465,-41.8,4.864,5228.1
8240,38,admin.,single,university.degree,no,yes,no,telephone,jun,tue,1,999,0,nonexistent,1.4,94.465,-41.8,4.864,5228.1
8245,28,admin.,single,high.school,no,no,no,telephone,jun,tue,5,999,0,nonexistent,1.4,94.465,-41.8,4.864,5228.1
8251,27,admin.,married,basic.9y,no,yes,no,telephone,jun,tue,3,999,0,nonexistent,1.4,94.465,-41.8,4.864,5228.1
8266,43,blue-collar,married,basic.9y,no,no,yes,telephone,jun,tue,1,999,0,nonexistent,1.4,94.465,-41.8,4.864,5228.1
8301,27,blue-collar,married,basic.9y,no,no,no,telephone,jun,tue,1,999,0,nonexistent,1.4,94.465,-41.8,4.864,5228.1
8306,32,admin.,married,university.degree,no,yes,yes,telephone,jun,tue,1,999,0,nonexistent,1.4,94.465,-41.8,4.864,5228.1
8322,50,admin.,married,high.school,no,no,no,telephone,jun,tue,1,999,0,nonexistent,1.4,94.465,-41.8,4.864,5228.1
8325,49,management,divorced,university.degree,unknown,yes,no,telephone,jun,tue,3,999,0,nonexistent,1.4,94.465,-41.8,4.864,5228.1
8339,30,admin.,single,high.school,unknown,no,no,telephone,jun,tue,2,999,0,nonexistent,1.4,94.465,-41.8,4.864,5228.1
8359,42,management,married,university.degree,no,no,no,telephone,jun,tue,7,999,0,nonexistent,1.4,94.465,-41.8,4.864,5228.1
8365,45,services,single,high.school,no,no,no,telephone,jun,tue,1,999,0,nonexistent,1.4,94.465,-41.8,4.864,5228.1
8374,31,blue-collar,single,high.school,no,yes,no,telephone,jun,tue,3,999,0,nonexistent,1.4,94.465,-41.8,4.864,5228.1
8381,41,blue-collar,married,basic.9y,unknown,no,no,telephone,jun,tue,13,999,0,nonexistent,1.4,94.465,-41.8,4.864,5228.1
8393,50,admin.,married,university.degree,no,yes,no,telephone,jun,tue,3,999,0,nonexistent,1.4,94.465,-41.8,4.864,5228.1
8396,29,admin.,married,high.school,no,no,no,telephone,jun,tue,1,999,0,nonexistent,1.4,94.465,-41.8,4.864,5228.1
8406,46,management,married,basic.9y,unknown,yes,no,telephone,jun,tue,2,999,0,nonexistent,1.4,94.465,-41.8,4.864,5228.1
8414,31,housemaid,married,university.degree,no,no,yes,telephone,jun,tue,3,999,0,nonexistent,1.4,94.465,-41.8,4.864,5228.1
8427,58,retired,married,basic.4y,unknown,yes,no,telephone,jun,tue,3,999,0,nonexistent,1.4,94.465,-41.8,4.864,5228.1
8431,42,services,married,high.school,no,no,no,telephone,jun,tue,2,999,0,nonexistent,1.4,94.465,-41.8,4.864,5228.1
8435,33,blue-collar,married,basic.9y,no,no,no,telephone,jun,tue,2,999,0,nonexistent,1.4,94.465,-41.8,4.864,5228.1
8444,35,entrepreneur,married,high.school,no,no,yes,telephone,jun,tue,2,999,0,nonexistent,1.4,94.465,-41.8,4.864,5228.1
8452,34,blue-collar,married,basic.4y,unknown,yes,no,telephone,jun,tue,8,999,0,nonexistent,1.4,94.465,-41.8,4.864,5228.1
8460,47,admin.,married,university.degree,no,yes,no,telephone,jun,tue,9,999,0,nonexistent,1.4,94.465,-41.8,4.864,5228.1
8461,41,management,married,university.degree,no,no,no,telephone,jun,tue,6,999,0,nonexistent,1.4,94.465,-41.8,4.864,5228.1
8479,56,unemployed,married,high.school,unknown,no,no,telephone,jun,tue,3,999,0,nonexistent,1.4,94.465,-41.8,4.864,5228.1
8480,42,blue-collar,married,basic.9y,no,no,no,telephone,jun,tue,3,999,0,nonexistent,1.4,94.465,-41.8,4.864,5228.1
8483,45,entrepreneur,married,high.school,no,no,no,telephone,jun,tue,2,999,0,nonexistent,1.4,94.465,-41.8,4.864,5228.1
8487,36,blue-collar,married,basic.9y,unknown,no,no,telephone,jun,tue,1,999,0,nonexistent,1.4,94.465,-41.8,4.864,5228.1
8496,48,retired,married,basic.4y,unknown,no,no,telephone,jun,wed,8,999,0,nonexistent,1.4,94.465,-41.8,4.864,5228.1
8504,58,admin.,single,university.degree,no,no,yes,telephone,jun,wed,3,999,0,nonexistent,1.4,94.465,-41.8,4.864,5228.1
8520,39,blue-collar,married,basic.9y,no,unknown,unknown,telephone,jun,wed,4,999,0,nonexistent,1.4,94.465,-41.8,4.864,5228.1
8522,57,blue-collar,married,basic.4y,unknown,yes,no,telephone,jun,wed,5,999,0,nonexistent,1.4,94.465,-41.8,4.864,5228.1
8524,41,unknown,single,unknown,unknown,yes,yes,telephone,jun,wed,2,999,0,nonexistent,1.4,94.465,-41.8,4.864,5228.1
8530,39,admin.,married,high.school,no,yes,no,telephone,jun,wed,4,999,0,nonexistent,1.4,94.465,-41.8,4.864,5228.1
8549,31,blue-collar,married,basic.6y,unknown,no,no,telephone,jun,wed,4,999,0,nonexistent,1.4,94.465,-41.8,4.864,5228.1
8566,50,admin.,single,university.degree,no,no,no,telephone,jun,wed,6,999,0,nonexistent,1.4,94.465,-41.8,4.864,5228.1
8574,42,blue-collar,married,basic.4y,unknown,yes,yes,telephone,jun,wed,9,999,0,nonexistent,1.4,94.465,-41.8,4.864,5228.1
8580,50,self-employed,married,basic.9y,unknown,no,no,telephone,jun,wed,2,999,0,nonexistent,1.4,94.465,-41.8,4.864,5228.1
8583,29,admin.,single,high.school,no,no,no,telephone,jun,wed,1,999,0,nonexistent,1.4,94.465,-41.8,4.864,5228.1
8595,50,technician,married,professional.course,unknown,yes,yes,telephone,jun,wed,1,999,0,nonexistent,1.4,94.465,-41.8,4.864,5228.1
8610,25,student,single,high.school,no,no,yes,telephone,jun,wed,2,999,0,nonexistent,1.4,94.465,-41.8,4.864,5228.1
8614,42,admin.,divorced,university.degree,no,no,no,telephone,jun,wed,1,999,0,nonexistent,1.4,94.465,-41.8,4.864,5228.1
8652,29,unemployed,single,university.degree,no,yes,no,telephone,jun,wed,2,999,0,nonexistent,1.4,94.465,-41.8,4.864,5228.1
8658,40,blue-collar,married,basic.4y,no,no,no,telephone,jun,wed,1,999,0,nonexistent,1.4,94.465,-41.8,4.864,5228.1
8664,35,technician,single,professional.course,no,yes,no,telephone,jun,wed,2,999,0,nonexistent,1.4,94.465,-41.8,4.864,5228.1
8686,41,blue-collar,married,basic.4y,unknown,no,no,telephone,jun,wed,2,999,0,nonexistent,1.4,94.465,-41.8,4.864,5228.1
8692,29,blue-collar,single,university.degree,no,no,no,telephone,jun,wed,2,999,0,nonexistent,1.4,94.465,-41.8,4.864,5228.1
8699,39,blue-collar,married,basic.6y,no,yes,no,telephone,jun,wed,2,999,0,nonexistent,1.4,94.465,-41.8,4.864,5228.1
8708,36,technician,single,basic.9y,unknown,yes,no,telephone,jun,wed,2,999,0,nonexistent,1.4,94.465,-41.8,4.864,5228.1
8710,24,technician,single,high.school,no,yes,no,telephone,jun,wed,2,999,0,nonexistent,1.4,94.465,-41.8,4.864,5228.1
8711,45,entrepreneur,married,unknown,no,no,no,telephone,jun,wed,16,999,0,nonexistent,1.4,94.465,-41.8,4.864,5228.1
8717,27,technician,married,professional.course,no,yes,yes,telephone,jun,wed,2,999,0,nonexistent,1.4,94.465,-41.8,4.864,5228.1
8730,33,blue-collar,married,basic.4y,no,yes,yes,telephone,jun,wed,4,999,0,nonexistent,1.4,94.465,-41.8,4.864,5228.1
8731,37,blue-collar,single,unknown,no,no,no,telephone,jun,wed,10,999,0,nonexistent,1.4,94.465,-41.8,4.864,5228.1
8739,27,blue-collar,married,basic.9y,unknown,no,no,telephone,jun,wed,1,999,0,nonexistent,1.4,94.465,-41.8,4.864,5228.1
8743,51,admin.,married,high.school,no,no,yes,telephone,jun,thu,1,999,0,nonexistent,1.4,94.465,-41.8,4.866,5228.1
8746,54,admin.,married,high.school,no,yes,no,telephone,jun,thu,1,999,0,nonexistent,1.4,94.465,-41.8,4.866,5228.1
8750,32,self-employed,married,university.degree,no,no,no,telephone,jun,thu,1,999,0,nonexistent,1.4,94.465,-41.8,4.866,5228.1
8755,37,blue-collar,married,professional.course,no,yes,no,telephone,jun,thu,1,999,0,nonexistent,1.4,94.465,-41.8,4.866,5228.1
8758,58,blue-collar,married,professional.course,unknown,no,yes,telephone,jun,thu,1,999,0,nonexistent,1.4,94.465,-41.8,4.866,5228.1
8796,36,technician,married,professional.course,no,yes,no,telephone,jun,thu,1,999,0,nonexistent,1.4,94.465,-41.8,4.866,5228.1
8798,48,admin.,married,high.school,no,yes,yes,telephone,jun,thu,1,999,0,nonexistent,1.4,94.465,-41.8,4.866,5228.1
8799,41,services,divorced,basic.9y,no,yes,no,telephone,jun,thu,1,999,0,nonexistent,1.4,94.465,-41.8,4.866,5228.1
8806,52,management,divorced,university.degree,no,yes,yes,telephone,jun,thu,1,999,0,nonexistent,1.4,94.465,-41.8,4.866,5228.1
8812,45,blue-collar,married,basic.9y,unknown,no,no,telephone,jun,thu,1,999,0,nonexistent,1.4,94.465,-41.8,4.866,5228.1
8815,30,technician,single,professional.course,no,unknown,unknown,telephone,jun,thu,1,999,0,nonexistent,1.4,94.465,-41.8,4.866,5228.1
8823,26,admin.,single,high.school,no,no,no,telephone,jun,thu,1,999,0,nonexistent,1.4,94.465,-41.8,4.866,5228.1
8824,52,self-employed,married,basic.4y,unknown,no,no,telephone,jun,thu,1,999,0,nonexistent,1.4,94.465,-41.8,4.866,5228.1
8830,41,technician,married,professional.course,no,no,no,telephone,jun,thu,2,999,0,nonexistent,1.4,94.465,-41.8,4.866,5228.1
8852,49,blue-collar,married,unknown,no,no,no,telephone,jun,thu,1,999,0,nonexistent,1.4,94.465,-41.8,4.866,5228.1
8862,36,management,married,university.degree,no,no,no,telephone,jun,thu,1,999,0,nonexistent,1.4,94.465,-41.8,4.866,5228.1
8864,50,blue-collar,married,basic.4y,no,yes,no,telephone,jun,thu,1,999,0,nonexistent,1.4,94.465,-41.8,4.866,5228.1
8873,49,entrepreneur,married,basic.4y,unknown,no,no,telephone,jun,thu,1,999,0,nonexistent,1.4,94.465,-41.8,4.866,5228.1
8889,39,admin.,married,university.degree,no,no,no,telephone,jun,thu,2,999,0,nonexistent,1.4,94.465,-41.8,4.866,5228.1
8926,41,blue-collar,married,basic.4y,unknown,no,no,telephone,jun,thu,1,999,0,nonexistent,1.4,94.465,-41.8,4.866,5228.1
8927,27,admin.,single,university.degree,no,no,no,telephone,jun,thu,2,999,0,nonexistent,1.4,94.465,-41.8,4.866,5228.1
8942,50,technician,married,professional.course,unknown,yes,no,telephone,jun,thu,1,999,0,nonexistent,1.4,94.465,-41.8,4.866,5228.1
8949,39,admin.,married,high.school,unknown,yes,no,telephone,jun,thu,1,999,0,nonexistent,1.4,94.465,-41.8,4.866,5228.1
8954,37,technician,married,university.degree,no,no,no,telephone,jun,thu,1,999,0,nonexistent,1.4,94.465,-41.8,4.866,5228.1
9013,43,admin.,married,professional.course,no,yes,no,telephone,jun,thu,2,999,0,nonexistent,1.4,94.465,-41.8,4.866,5228.1
9026,36,management,divorced,professional.course,no,no,no,telephone,jun,thu,2,999,0,nonexistent,1.4,94.465,-41.8,4.866,5228.1
9028,40,entrepreneur,married,basic.9y,no,yes,no,telephone,jun,thu,3,999,0,nonexistent,1.4,94.465,-41.8,4.866,5228.1
9032,37,admin.,married,basic.9y,no,yes,no,telephone,jun,thu,3,999,0,nonexistent,1.4,94.465,-41.8,4.866,5228.1
9040,25,services,single,professional.course,no,yes,no,telephone,jun,thu,3,999,0,nonexistent,1.4,94.465,-41.8,4.866,5228.1
9084,30,services,married,high.school,unknown,unknown,unknown,telephone,jun,fri,1,999,0,nonexistent,1.4,94.465,-41.8,4.967,5228.1
9086,31,services,married,high.school,no,yes,no,telephone,jun,fri,1,999,0,nonexistent,1.4,94.465,-41.8,4.967,5228.1
9093,54,retired,married,professional.course,no,yes,no,telephone,jun,fri,2,999,0,nonexistent,1.4,94.465,-41.8,4.967,5228.1
9114,54,management,married,high.school,unknown,no,no,telephone,jun,fri,1,999,0,nonexistent,1.4,94.465,-41.8,4.967,5228.1
9117,38,technician,married,professional.course,no,yes,no,telephone,jun,fri,2,999,0,nonexistent,1.4,94.465,-41.8,4.967,5228.1
9121,45,self-employed,married,basic.4y,unknown,no,no,telephone,jun,fri,1,999,0,nonexistent,1.4,94.465,-41.8,4.967,5228.1
9123,50,blue-collar,married,basic.4y,unknown,yes,no,telephone,jun,fri,1,999,0,nonexistent,1.4,94.465,-41.8,4.967,5228.1
9131,54,technician,married,university.degree,unknown,no,no,telephone,jun,fri,1,999,0,nonexistent,1.4,94.465,-41.8,4.967,5228.1
9132,42,blue-collar,married,basic.6y,no,yes,no,telephone,jun,fri,1,999,0,nonexistent,1.4,94.465,-41.8,4.967,5228.1
9139,33,admin.,married,professional.course,no,yes,yes,telephone,jun,fri,2,999,0,nonexistent,1.4,94.465,-41.8,4.967,5228.1
9144,26,services,single,high.school,no,no,no,telephone,jun,fri,1,999,0,nonexistent,1.4,94.465,-41.8,4.967,5228.1
9146,32,admin.,single,university.degree,no,yes,yes,telephone,jun,fri,2,999,0,nonexistent,1.4,94.465,-41.8,4.967,5228.1
9149,39,technician,married,unknown,no,no,no,telephone,jun,fri,3,999,0,nonexistent,1.4,94.465,-41.8,4.967,5228.1
9177,34,blue-collar,married,basic.9y,unknown,no,no,telephone,jun,fri,2,999,0,nonexistent,1.4,94.465,-41.8,4.967,5228.1
9201,26,entrepreneur,married,university.degree,no,yes,no,telephone,jun,fri,3,999,0,nonexistent,1.4,94.465,-41.8,4.967,5228.1
9209,43,management,married,university.degree,no,no,no,telephone,jun,fri,5,999,0,nonexistent,1.4,94.465,-41.8,4.967,5228.1
9214,32,unemployed,single,high.school,unknown,yes,no,telephone,jun,fri,1,999,0,nonexistent,1.4,94.465,-41.8,4.967,5228.1
9229,54,blue-collar,married,basic.9y,unknown,unknown,unknown,telephone,jun,fri,1,999,0,nonexistent,1.4,94.465,-41.8,4.967,5228.1
9237,48,blue-collar,married,basic.6y,no,unknown,unknown,telephone,jun,fri,1,999,0,nonexistent,1.4,94.465,-41.8,4.967,5228.1
9255,42,technician,married,basic.9y,no,no,no,telephone,jun,fri,2,999,0,nonexistent,1.4,94.465,-41.8,4.967,5228.1
9268,41,blue-collar,married,basic.9y,unknown,yes,no,telephone,jun,fri,1,999,0,nonexistent,1.4,94.465,-41.8,4.967,5228.1
9285,43,admin.,married,high.school,no,yes,no,telephone,jun,fri,2,999,0,nonexistent,1.4,94.465,-41.8,4.967,5228.1
9304,29,services,single,high.school,unknown,yes,no,telephone,jun,fri,3,999,0,nonexistent,1.4,94.465,-41.8,4.967,5228.1
9305,30,blue-collar,married,basic.4y,unknown,no,yes,telephone,jun,fri,8,999,0,nonexistent,1.4,94.465,-41.8,4.967,5228.1
9307,57,retired,married,university.degree,no,yes,no,telephone,jun,fri,2,999,0,nonexistent,1.4,94.465,-41.8,4.967,5228.1
9311,46,blue-collar,married,professional.course,no,no,no,telephone,jun,fri,2,999,0,nonexistent,1.4,94.465,-41.8,4.967,5228.1
9315,37,housemaid,married,university.degree,no,yes,no,telephone,jun,fri,2,999,0,nonexistent,1.4,94.465,-41.8,4.967,5228.1
9339,41,blue-collar,married,basic.9y,no,no,no,telephone,jun,fri,1,999,0,nonexistent,1.4,94.465,-41.8,4.967,5228.1
9340,38,admin.,married,basic.9y,unknown,yes,no,telephone,jun,fri,2,999,0,nonexistent,1.4,94.465,-41.8,4.967,5228.1
9344,39,management,married,basic.6y,unknown,yes,no,telephone,jun,fri,3,999,0,nonexistent,1.4,94.465,-41.8,4.967,5228.1
9346,34,blue-collar,divorced,professional.course,no,no,no,telephone,jun,fri,23,999,0,nonexistent,1.4,94.465,-41.8,4.967,5228.1
9361,38,management,married,university.degree,no,no,no,telephone,jun,fri,3,999,0,nonexistent,1.4,94.465,-41.8,4.967,5228.1
9375,34,entrepreneur,single,professional.course,no,no,yes,telephone,jun,fri,4,999,0,nonexistent,1.4,94.465,-41.8,4.967,5228.1
9390,34,blue-collar,married,basic.6y,unknown,no,no,telephone,jun,fri,1,999,0,nonexistent,1.4,94.465,-41.8,4.967,5228.1
9391,54,technician,married,university.degree,unknown,no,no,telephone,jun,fri,2,999,0,nonexistent,1.4,94.465,-41.8,4.967,5228.1
9398,34,blue-collar,married,basic.6y,unknown,no,no,telephone,jun,fri,1,999,0,nonexistent,1.4,94.465,-41.8,4.967,5228.1
9408,49,blue-collar,married,basic.4y,unknown,no,no,telephone,jun,fri,4,999,0,nonexistent,1.4,94.465,-41.8,4.967,5228.1
9418,42,admin.,single,university.degree,no,yes,no,telephone,jun,fri,3,999,0,nonexistent,1.4,94.465,-41.8,4.967,5228.1
9437,54,blue-collar,married,basic.4y,no,no,no,telephone,jun,fri,6,999,0,nonexistent,1.4,94.465,-41.8,4.967,5228.1
9450,37,unemployed,married,professional.course,no,no,no,telephone,jun,fri,1,999,0,nonexistent,1.4,94.465,-41.8,4.967,5228.1
9469,46,entrepreneur,married,professional.course,unknown,no,no,telephone,jun,fri,7,999,0,nonexistent,1.4,94.465,-41.8,4.967,5228.1
9477,47,entrepreneur,married,university.degree,no,yes,no,telephone,jun,mon,2,999,0,nonexistent,1.4,94.465,-41.8,4.961,5228.1
9491,36,self-employed,married,university.degree,no,yes,no,telephone,jun,mon,1,999,0,nonexistent,1.4,94.465,-41.8,4.961,5228.1
9505,36,technician,married,university.degree,no,yes,no,telephone,jun,mon,1,999,0,nonexistent,1.4,94.465,-41.8,4.961,5228.1
9514,41,blue-collar,married,basic.9y,no,yes,no,telephone,jun,mon,2,999,0,nonexistent,1.4,94.465,-41.8,4.961,5228.1
9515,45,admin.,married,university.degree,no,yes,no,telephone,jun,mon,5,999,0,nonexistent,1.4,94.465,-41.8,4.961,5228.1
9552,34,admin.,married,basic.9y,no,yes,no,telephone,jun,mon,3,999,0,nonexistent,1.4,94.465,-41.8,4.961,5228.1
9554,34,admin.,married,high.school,no,no,no,telephone,jun,mon,1,999,0,nonexistent,1.4,94.465,-41.8,4.961,5228.1
9561,35,unemployed,divorced,high.school,unknown,yes,no,telephone,jun,mon,1,999,0,nonexistent,1.4,94.465,-41.8,4.961,5228.1
9570,58,management,married,unknown,unknown,yes,no,telephone,jun,mon,1,999,0,nonexistent,1.4,94.465,-41.8,4.961,5228.1
9574,56,technician,divorced,professional.course,unknown,yes,no,telephone,jun,mon,2,999,0,nonexistent,1.4,94.465,-41.8,4.961,5228.1
9590,29,blue-collar,married,basic.4y,unknown,yes,no,telephone,jun,mon,1,999,0,nonexistent,1.4,94.465,-41.8,4.961,5228.1
9591,54,technician,single,basic.9y,no,no,no,telephone,jun,mon,3,999,0,nonexistent,1.4,94.465,-41.8,4.961,5228.1
9600,36,technician,married,professional.course,no,no,no,telephone,jun,mon,1,999,0,nonexistent,1.4,94.465,-41.8,4.961,5228.1
9613,40,housemaid,married,high.school,unknown,yes,no,telephone,jun,mon,7,999,0,nonexistent,1.4,94.465,-41.8,4.961,5228.1
9615,43,admin.,married,university.degree,unknown,yes,no,telephone,jun,mon,3,999,0,nonexistent,1.4,94.465,-41.8,4.961,5228.1
9638,25,services,single,high.school,no,yes,no,telephone,jun,mon,1,999,0,nonexistent,1.4,94.465,-41.8,4.961,5228.1
9669,46,admin.,single,university.degree,no,yes,no,telephone,jun,mon,1,999,0,nonexistent,1.4,94.465,-41.8,4.961,5228.1
9677,53,blue-collar,single,basic.9y,no,yes,no,telephone,jun,mon,3,999,0,nonexistent,1.4,94.465,-41.8,4.961,5228.1
9697,35,blue-collar,married,basic.9y,no,no,yes,telephone,jun,mon,2,999,0,nonexistent,1.4,94.465,-41.8,4.961,5228.1
9702,26,admin.,single,high.school,no,yes,no,telephone,jun,mon,2,999,0,nonexistent,1.4,94.465,-41.8,4.961,5228.1
9712,32,blue-collar,single,basic.9y,no,yes,no,telephone,jun,mon,17,999,0,nonexistent,1.4,94.465,-41.8,4.961,5228.1
9725,30,admin.,married,high.school,unknown,yes,no,telephone,jun,mon,2,999,0,nonexistent,1.4,94.465,-41.8,4.961,5228.1
9740,41,self-employed,married,basic.9y,no,yes,no,telephone,jun,mon,4,999,0,nonexistent,1.4,94.465,-41.8,4.961,5228.1
9746,48,blue-collar,married,basic.4y,unknown,yes,no,telephone,jun,mon,2,999,0,nonexistent,1.4,94.465,-41.8,4.961,5228.1
9751,54,management,married,university.degree,no,no,no,telephone,jun,mon,13,999,0,nonexistent,1.4,94.465,-41.8,4.961,5228.1
9755,41,blue-collar,married,high.school,unknown,yes,yes,telephone,jun,mon,3,999,0,nonexistent,1.4,94.465,-41.8,4.961,5228.1
9776,39,housemaid,married,basic.4y,no,yes,no,telephone,jun,mon,4,999,0,nonexistent,1.4,94.465,-41.8,4.961,5228.1
9778,53,blue-collar,married,basic.9y,no,yes,no,telephone,jun,mon,10,999,0,nonexistent,1.4,94.465,-41.8,4.961,5228.1
9783,54,housemaid,divorced,basic.4y,no,yes,no,telephone,jun,wed,6,999,0,nonexistent,1.4,94.465,-41.8,4.959,5228.1
9786,26,blue-collar,married,high.school,no,yes,no,telephone,jun,wed,12,999,0,nonexistent,1.4,94.465,-41.8,4.959,5228.1
9795,39,management,married,university.degree,no,no,no,telephone,jun,wed,3,999,0,nonexistent,1.4,94.465,-41.8,4.959,5228.1
9797,29,admin.,married,professional.course,no,yes,no,telephone,jun,wed,4,999,0,nonexistent,1.4,94.465,-41.8,4.959,5228.1
9802,49,blue-collar,married,basic.6y,unknown,yes,no,telephone,jun,wed,3,999,0,nonexistent,1.4,94.465,-41.8,4.959,5228.1
9805,39,technician,divorced,professional.course,no,no,no,telephone,jun,wed,2,999,0,nonexistent,1.4,94.465,-41.8,4.959,5228.1
9815,43,blue-collar,married,basic.4y,unknown,yes,yes,telephone,jun,wed,1,999,0,nonexistent,1.4,94.465,-41.8,4.959,5228.1
9830,46,blue-collar,married,basic.4y,unknown,yes,no,telephone,jun,wed,2,999,0,nonexistent,1.4,94.465,-41.8,4.959,5228.1
9831,36,blue-collar,divorced,high.school,no,no,no,telephone,jun,wed,1,999,0,nonexistent,1.4,94.465,-41.8,4.959,5228.1
9841,37,admin.,married,university.degree,no,no,no,telephone,jun,wed,1,999,0,nonexistent,1.4,94.465,-41.8,4.959,5228.1
9852,48,blue-collar,married,basic.9y,unknown,no,yes,telephone,jun,wed,1,999,0,nonexistent,1.4,94.465,-41.8,4.959,5228.1
9856,52,admin.,divorced,basic.6y,no,yes,no,telephone,jun,wed,1,999,0,nonexistent,1.4,94.465,-41.8,4.959,5228.1
9880,32,blue-collar,married,basic.6y,no,no,no,telephone,jun,wed,1,999,0,nonexistent,1.4,94.465,-41.8,4.959,5228.1
9886,24,self-employed,single,university.degree,no,yes,no,telephone,jun,wed,1,999,0,nonexistent,1.4,94.465,-41.8,4.959,5228.1
9892,48,blue-collar,married,basic.9y,no,no,no,telephone,jun,wed,1,999,0,nonexistent,1.4,94.465,-41.8,4.959,5228.1
9909,31,technician,single,unknown,no,no,no,telephone,jun,wed,1,999,0,nonexistent,1.4,94.465,-41.8,4.959,5228.1
9929,33,management,single,university.degree,no,no,no,telephone,jun,wed,1,999,0,nonexistent,1.4,94.465,-41.8,4.959,5228.1
9963,33,blue-collar,married,basic.6y,unknown,no,no,telephone,jun,wed,6,999,0,nonexistent,1.4,94.465,-41.8,4.959,5228.1
9964,49,management,divorced,high.school,unknown,no,no,telephone,jun,wed,6,999,0,nonexistent,1.4,94.465,-41.8,4.959,5228.1
9969,45,blue-collar,married,basic.4y,no,no,no,telephone,jun,wed,9,999,0,nonexistent,1.4,94.465,-41.8,4.959,5228.1
9971,43,technician,single,professional.course,no,yes,no,telephone,jun,wed,3,999,0,nonexistent,1.4,94.465,-41.8,4.959,5228.1
9994,31,housemaid,married,basic.4y,unknown,yes,no,telephone,jun,wed,4,999,0,nonexistent,1.4,94.465,-41.8,4.959,5228.1
10024,40,admin.,married,university.degree,no,no,no,telephone,jun,thu,3,999,0,nonexistent,1.4,94.465,-41.8,4.958,5228.1
10027,37,admin.,single,university.degree,no,yes,no,telephone,jun,thu,8,999,0,nonexistent,1.4,94.465,-41.8,4.958,5228.1
10072,39,admin.,married,high.school,unknown,no,no,telephone,jun,thu,1,999,0,nonexistent,1.4,94.465,-41.8,4.958,5228.1
10073,49,technician,divorced,unknown,no,no,no,telephone,jun,thu,1,999,0,nonexistent,1.4,94.465,-41.8,4.958,5228.1
10085,39,admin.,married,university.degree,no,no,no,telephone,jun,thu,1,999,0,nonexistent,1.4,94.465,-41.8,4.958,5228.1
10092,48,technician,married,unknown,no,no,no,telephone,jun,thu,1,999,0,nonexistent,1.4,94.465,-41.8,4.958,5228.1
10099,49,services,married,high.school,unknown,no,no,telephone,jun,thu,1,999,0,nonexistent,1.4,94.465,-41.8,4.958,5228.1
10109,58,admin.,single,university.degree,no,no,no,telephone,jun,thu,1,999,0,nonexistent,1.4,94.465,-41.8,4.958,5228.1
10131,44,admin.,single,university.degree,unknown,no,no,telephone,jun,thu,2,999,0,nonexistent,1.4,94.465,-41.8,4.958,5228.1
10135,35,blue-collar,married,high.school,no,no,no,telephone,jun,thu,2,999,0,nonexistent,1.4,94.465,-41.8,4.958,5228.1
10147,29,services,married,professional.course,unknown,no,no,telephone,jun,thu,1,999,0,nonexistent,1.4,94.465,-41.8,4.958,5228.1
10154,44,management,divorced,university.degree,no,yes,yes,telephone,jun,thu,3,999,0,nonexistent,1.4,94.465,-41.8,4.958,5228.1
10156,49,technician,married,professional.course,no,yes,yes,telephone,jun,thu,2,999,0,nonexistent,1.4,94.465,-41.8,4.958,5228.1
10163,44,admin.,single,university.degree,no,yes,no,telephone,jun,thu,17,999,0,nonexistent,1.4,94.465,-41.8,4.958,5228.1
10165,37,blue-collar,married,basic.4y,no,no,yes,telephone,jun,thu,3,999,0,nonexistent,1.4,94.465,-41.8,4.958,5228.1
10182,43,blue-collar,divorced,basic.9y,no,no,no,telephone,jun,thu,2,999,0,nonexistent,1.4,94.465,-41.8,4.958,5228.1
10203,38,admin.,married,university.degree,no,no,no,telephone,jun,thu,2,999,0,nonexistent,1.4,94.465,-41.8,4.958,5228.1
10207,36,admin.,single,university.degree,no,yes,no,telephone,jun,mon,2,999,0,nonexistent,1.4,94.465,-41.8,4.96,5228.1
10234,49,admin.,married,basic.9y,no,no,no,telephone,jun,mon,15,999,0,nonexistent,1.4,94.465,-41.8,4.96,5228.1
10243,41,services,married,high.school,unknown,no,no,telephone,jun,mon,21,999,0,nonexistent,1.4,94.465,-41.8,4.96,5228.1
10247,47,blue-collar,married,basic.9y,no,yes,no,telephone,jun,mon,3,999,0,nonexistent,1.4,94.465,-41.8,4.96,5228.1
10272,38,admin.,single,high.school,unknown,yes,no,telephone,jun,mon,2,999,0,nonexistent,1.4,94.465,-41.8,4.96,5228.1
10315,33,admin.,married,university.degree,no,no,yes,telephone,jun,mon,1,999,0,nonexistent,1.4,94.465,-41.8,4.96,5228.1
10319,46,unknown,married,basic.4y,unknown,yes,no,telephone,jun,mon,1,999,0,nonexistent,1.4,94.465,-41.8,4.96,5228.1
10353,45,blue-collar,married,basic.9y,unknown,unknown,unknown,telephone,jun,mon,2,999,0,nonexistent,1.4,94.465,-41.8,4.96,5228.1
10356,29,blue-collar,single,high.school,no,no,no,telephone,jun,mon,2,999,0,nonexistent,1.4,94.465,-41.8,4.96,5228.1
10357,28,blue-collar,married,basic.6y,unknown,yes,no,telephone,jun,mon,5,999,0,nonexistent,1.4,94.465,-41.8,4.96,5228.1
10358,27,blue-collar,single,basic.9y,no,yes,no,telephone,jun,mon,12,999,0,nonexistent,1.4,94.465,-41.8,4.96,5228.1
10362,37,entrepreneur,single,university.degree,no,yes,no,telephone,jun,mon,1,999,0,nonexistent,1.4,94.465,-41.8,4.96,5228.1
10364,28,student,single,high.school,unknown,yes,no,telephone,jun,mon,2,999,0,nonexistent,1.4,94.465,-41.8,4.96,5228.1
10365,52,blue-collar,married,basic.9y,no,no,no,telephone,jun,mon,2,999,0,nonexistent,1.4,94.465,-41.8,4.96,5228.1
10379,26,admin.,divorced,high.school,no,yes,no,telephone,jun,mon,1,999,0,nonexistent,1.4,94.465,-41.8,4.96,5228.1
10390,26,blue-collar,single,basic.4y,no,yes,yes,telephone,jun,mon,1,999,0,nonexistent,1.4,94.465,-41.8,4.96,5228.1
10393,39,admin.,single,high.school,no,yes,no,telephone,jun,mon,1,999,0,nonexistent,1.4,94.465,-41.8,4.96,5228.1
10407,34,technician,divorced,professional.course,no,no,no,telephone,jun,mon,3,999,0,nonexistent,1.4,94.465,-41.8,4.96,5228.1
10409,52,entrepreneur,married,basic.4y,unknown,yes,no,telephone,jun,mon,2,999,0,nonexistent,1.4,94.465,-41.8,4.96,5228.1
10412,35,admin.,single,high.school,no,no,no,telephone,jun,mon,1,999,0,nonexistent,1.4,94.465,-41.8,4.96,5228.1
10425,50,services,single,high.school,no,no,no,telephone,jun,mon,3,999,0,nonexistent,1.4,94.465,-41.8,4.96,5228.1
10426,25,unemployed,single,high.school,unknown,yes,no,telephone,jun,mon,1,999,0,nonexistent,1.4,94.465,-41.8,4.96,5228.1
10433,55,blue-collar,married,basic.4y,unknown,no,no,telephone,jun,mon,1,999,0,nonexistent,1.4,94.465,-41.8,4.96,5228.1
10436,36,management,single,university.degree,no,no,no,telephone,jun,mon,6,999,0,nonexistent,1.4,94.465,-41.8,4.96,5228.1
10439,53,technician,married,professional.course,unknown,no,no,telephone,jun,mon,1,999,0,nonexistent,1.4,94.465,-41.8,4.96,5228.1
10441,32,technician,married,professional.course,no,yes,no,telephone,jun,mon,2,999,0,nonexistent,1.4,94.465,-41.8,4.96,5228.1
10444,34,admin.,married,university.degree,no,no,no,telephone,jun,mon,1,999,0,nonexistent,1.4,94.465,-41.8,4.96,5228.1
10467,51,admin.,married,high.school,no,no,no,telephone,jun,mon,12,999,0,nonexistent,1.4,94.465,-41.8,4.96,5228.1
10475,41,technician,married,university.degree,no,yes,no,telephone,jun,tue,4,999,0,nonexistent,1.4,94.465,-41.8,4.961,5228.1
10484,34,admin.,married,university.degree,no,yes,no,telephone,jun,tue,3,999,0,nonexistent,1.4,94.465,-41.8,4.961,5228.1
10505,39,blue-collar,married,basic.9y,no,no,yes,telephone,jun,tue,1,999,0,nonexistent,1.4,94.465,-41.8,4.961,5228.1
10517,34,admin.,married,high.school,no,no,no,telephone,jun,tue,1,999,0,nonexistent,1.4,94.465,-41.8,4.961,5228.1
10553,28,admin.,married,high.school,no,no,no,telephone,jun,tue,1,999,0,nonexistent,1.4,94.465,-41.8,4.961,5228.1
10560,36,services,divorced,university.degree,no,no,no,telephone,jun,tue,1,999,0,nonexistent,1.4,94.465,-41.8,4.961,5228.1
10565,34,admin.,married,university.degree,no,yes,yes,telephone,jun,tue,1,999,0,nonexistent,1.4,94.465,-41.8,4.961,5228.1
10577,45,blue-collar,single,basic.4y,unknown,no,no,telephone,jun,tue,1,999,0,nonexistent,1.4,94.465,-41.8,4.961,5228.1
10579,47,blue-collar,married,basic.6y,unknown,yes,no,telephone,jun,tue,9,999,0,nonexistent,1.4,94.465,-41.8,4.961,5228.1
10593,45,admin.,married,high.school,no,yes,no,telephone,jun,tue,2,999,0,nonexistent,1.4,94.465,-41.8,4.961,5228.1
10604,52,services,married,high.school,no,yes,no,telephone,jun,tue,2,999,0,nonexistent,1.4,94.465,-41.8,4.961,5228.1
10609,37,blue-collar,married,high.school,no,yes,no,telephone,jun,tue,1,999,0,nonexistent,1.4,94.465,-41.8,4.961,5228.1
10622,45,unknown,married,unknown,no,no,no,telephone,jun,tue,4,999,0,nonexistent,1.4,94.465,-41.8,4.961,5228.1
10639,41,services,married,high.school,unknown,yes,yes,telephone,jun,tue,1,999,0,nonexistent,1.4,94.465,-41.8,4.961,5228.1
10640,39,student,single,unknown,no,yes,no,telephone,jun,tue,1,999,0,nonexistent,1.4,94.465,-41.8,4.961,5228.1
10646,37,blue-collar,married,basic.6y,unknown,no,no,telephone,jun,tue,2,999,0,nonexistent,1.4,94.465,-41.8,4.961,5228.1
10650,57,self-employed,married,unknown,unknown,yes,no,telephone,jun,tue,1,999,0,nonexistent,1.4,94.465,-41.8,4.961,5228.1
10651,31,admin.,married,high.school,no,yes,no,telephone,jun,tue,2,999,0,nonexistent,1.4,94.465,-41.8,4.961,5228.1
10654,57,management,divorced,university.degree,unknown,yes,yes,telephone,jun,tue,2,999,0,nonexistent,1.4,94.465,-41.8,4.961,5228.1
10689,40,technician,married,basic.9y,unknown,yes,no,telephone,jun,tue,2,999,0,nonexistent,1.4,94.465,-41.8,4.961,5228.1
10694,52,technician,married,high.school,no,no,no,telephone,jun,tue,2,999,0,nonexistent,1.4,94.465,-41.8,4.961,5228.1
10698,32,self-employed,married,basic.9y,no,yes,yes,telephone,jun,tue,2,999,0,nonexistent,1.4,94.465,-41.8,4.961,5228.1
10730,26,admin.,married,high.school,no,yes,no,telephone,jun,tue,2,999,0,nonexistent,1.4,94.465,-41.8,4.961,5228.1
10738,50,housemaid,divorced,basic.4y,unknown,yes,yes,telephone,jun,tue,27,999,0,nonexistent,1.4,94.465,-41.8,4.961,5228.1
10745,57,blue-collar,married,basic.4y,unknown,no,no,telephone,jun,tue,5,999,0,nonexistent,1.4,94.465,-41.8,4.961,5228.1
10773,39,services,married,high.school,no,no,no,telephone,jun,tue,2,999,0,nonexistent,1.4,94.465,-41.8,4.961,5228.1
10782,45,blue-collar,married,basic.4y,unknown,no,yes,telephone,jun,tue,2,999,0,nonexistent,1.4,94.465,-41.8,4.961,5228.1
10788,32,technician,divorced,professional.course,no,yes,no,telephone,jun,tue,3,999,0,nonexistent,1.4,94.465,-41.8,4.961,5228.1
10808,43,technician,single,professional.course,no,unknown,unknown,telephone,jun,wed,3,999,0,nonexistent,1.4,94.465,-41.8,4.962,5228.1
10810,46,technician,divorced,professional.course,no,no,no,telephone,jun,wed,2,999,0,nonexistent,1.4,94.465,-41.8,4.962,5228.1
10835,57,retired,married,unknown,unknown,yes,no,telephone,jun,wed,1,999,0,nonexistent,1.4,94.465,-41.8,4.962,5228.1
10847,42,technician,married,basic.6y,no,yes,no,telephone,jun,wed,3,999,0,nonexistent,1.4,94.465,-41.8,4.962,5228.1
10849,31,technician,married,professional.course,no,no,no,telephone,jun,wed,2,999,0,nonexistent,1.4,94.465,-41.8,4.962,5228.1
10850,38,admin.,single,university.degree,no,yes,no,telephone,jun,wed,2,999,0,nonexistent,1.4,94.465,-41.8,4.962,5228.1
10863,34,services,married,basic.9y,no,no,no,telephone,jun,wed,3,999,0,nonexistent,1.4,94.465,-41.8,4.962,5228.1
10868,31,services,single,basic.6y,no,no,no,telephone,jun,wed,3,999,0,nonexistent,1.4,94.465,-41.8,4.962,5228.1
10876,33,admin.,single,high.school,no,no,yes,telephone,jun,wed,1,999,0,nonexistent,1.4,94.465,-41.8,4.962,5228.1
10877,55,technician,married,professional.course,unknown,yes,no,telephone,jun,wed,1,999,0,nonexistent,1.4,94.465,-41.8,4.962,5228.1
10884,29,admin.,married,high.school,no,no,yes,telephone,jun,wed,8,999,0,nonexistent,1.4,94.465,-41.8,4.962,5228.1
10887,51,blue-collar,divorced,unknown,unknown,no,no,telephone,jun,wed,1,999,0,nonexistent,1.4,94.465,-41.8,4.962,5228.1
10888,36,services,single,high.school,no,no,no,telephone,jun,wed,1,999,0,nonexistent,1.4,94.465,-41.8,4.962,5228.1
10897,36,admin.,married,high.school,no,yes,no,telephone,jun,wed,1,999,0,nonexistent,1.4,94.465,-41.8,4.962,5228.1
10900,35,entrepreneur,single,professional.course,no,no,no,telephone,jun,wed,1,999,0,nonexistent,1.4,94.465,-41.8,4.962,5228.1
10915,31,blue-collar,married,basic.9y,no,no,no,telephone,jun,wed,1,999,0,nonexistent,1.4,94.465,-41.8,4.962,5228.1
10920,31,admin.,married,high.school,no,yes,no,telephone,jun,wed,6,999,0,nonexistent,1.4,94.465,-41.8,4.962,5228.1
10921,34,blue-collar,married,professional.course,unknown,no,no,telephone,jun,wed,1,999,0,nonexistent,1.4,94.465,-41.8,4.962,5228.1
10927,26,blue-collar,married,basic.4y,no,no,no,telephone,jun,wed,1,999,0,nonexistent,1.4,94.465,-41.8,4.962,5228.1
10958,55,blue-collar,married,basic.4y,unknown,no,no,telephone,jun,wed,1,999,0,nonexistent,1.4,94.465,-41.8,4.962,5228.1
10978,41,services,married,high.school,no,unknown,unknown,telephone,jun,wed,1,999,0,nonexistent,1.4,94.465,-41.8,4.962,5228.1
10984,39,management,married,basic.9y,no,no,no,telephone,jun,wed,2,999,0,nonexistent,1.4,94.465,-41.8,4.962,5228.1
10995,55,blue-collar,married,basic.4y,unknown,yes,no,telephone,jun,wed,1,999,0,nonexistent,1.4,94.465,-41.8,4.962,5228.1
10997,41,admin.,married,university.degree,no,yes,yes,telephone,jun,wed,3,999,0,nonexistent,1.4,94.465,-41.8,4.962,5228.1
11003,42,blue-collar,married,high.school,unknown,no,no,telephone,jun,wed,2,999,0,nonexistent,1.4,94.465,-41.8,4.962,5228.1
11076,60,retired,married,high.school,no,yes,no,telephone,jun,wed,3,999,0,nonexistent,1.4,94.465,-41.8,4.962,5228.1
11077,29,management,single,university.degree,unknown,yes,no,telephone,jun,wed,3,999,0,nonexistent,1.4,94.465,-41.8,4.962,5228.1
11081,28,student,single,high.school,no,yes,yes,telephone,jun,wed,6,999,0,nonexistent,1.4,94.465,-41.8,4.962,5228.1
11084,36,blue-collar,married,basic.9y,unknown,yes,no,telephone,jun,thu,13,999,0,nonexistent,1.4,94.465,-41.8,4.961,5228.1
11109,27,admin.,married,university.degree,no,unknown,unknown,telephone,jun,thu,6,999,0,nonexistent,1.4,94.465,-41.8,4.961,5228.1
11110,49,blue-collar,married,basic.9y,unknown,no,no,telephone,jun,thu,1,999,0,nonexistent,1.4,94.465,-41.8,4.961,5228.1
11121,33,self-employed,single,university.degree,no,no,no,telephone,jun,thu,1,999,0,nonexistent,1.4,94.465,-41.8,4.961,5228.1
11126,53,services,married,high.school,unknown,yes,no,telephone,jun,thu,1,999,0,nonexistent,1.4,94.465,-41.8,4.961,5228.1
11136,41,services,divorced,basic.9y,no,no,no,telephone,jun,thu,1,999,0,nonexistent,1.4,94.465,-41.8,4.961,5228.1
11141,52,management,divorced,university.degree,no,no,no,telephone,jun,thu,1,999,0,nonexistent,1.4,94.465,-41.8,4.961,5228.1
11157,42,admin.,married,basic.4y,no,no,no,telephone,jun,thu,7,999,0,nonexistent,1.4,94.465,-41.8,4.961,5228.1
11168,45,admin.,married,basic.9y,no,no,no,telephone,jun,thu,1,999,0,nonexistent,1.4,94.465,-41.8,4.961,5228.1
11182,39,management,married,basic.4y,unknown,yes,no,telephone,jun,thu,1,999,0,nonexistent,1.4,94.465,-41.8,4.961,5228.1
11195,45,blue-collar,married,basic.4y,unknown,no,no,telephone,jun,thu,1,999,0,nonexistent,1.4,94.465,-41.8,4.961,5228.1
11196,40,blue-collar,married,basic.9y,unknown,no,no,telephone,jun,thu,1,999,0,nonexistent,1.4,94.465,-41.8,4.961,5228.1
11218,37,unemployed,married,professional.course,unknown,yes,yes,telephone,jun,thu,1,999,0,nonexistent,1.4,94.465,-41.8,4.961,5228.1
11222,43,unemployed,married,professional.course,no,yes,no,telephone,jun,thu,1,999,0,nonexistent,1.4,94.465,-41.8,4.961,5228.1
11241,27,blue-collar,married,basic.6y,unknown,yes,no,telephone,jun,thu,2,999,0,nonexistent,1.4,94.465,-41.8,4.961,5228.1
11252,40,services,married,high.school,no,yes,yes,telephone,jun,thu,1,999,0,nonexistent,1.4,94.465,-41.8,4.961,5228.1
11253,23,technician,single,professional.course,no,unknown,unknown,telephone,jun,thu,1,999,0,nonexistent,1.4,94.465,-41.8,4.961,5228.1
11268,34,blue-collar,married,professional.course,unknown,yes,no,telephone,jun,thu,3,999,0,nonexistent,1.4,94.465,-41.8,4.961,5228.1
11286,29,admin.,married,basic.9y,no,yes,no,telephone,jun,thu,1,999,0,nonexistent,1.4,94.465,-41.8,4.961,5228.1
11322,31,blue-collar,married,basic.9y,no,no,no,telephone,jun,thu,1,999,0,nonexistent,1.4,94.465,-41.8,4.961,5228.1
11329,52,blue-collar,married,basic.4y,no,yes,no,telephone,jun,thu,2,999,0,nonexistent,1.4,94.465,-41.8,4.961,5228.1
11333,34,housemaid,single,university.degree,no,no,no,telephone,jun,thu,2,999,0,nonexistent,1.4,94.465,-41.8,4.961,5228.1
11347,37,technician,married,professional.course,no,yes,no,telephone,jun,thu,2,999,0,nonexistent,1.4,94.465,-41.8,4.961,5228.1
11363,30,technician,married,university.degree,unknown,yes,no,telephone,jun,thu,2,999,0,nonexistent,1.4,94.465,-41.8,4.961,5228.1
11366,57,services,divorced,high.school,unknown,no,no,telephone,jun,fri,2,999,0,nonexistent,1.4,94.465,-41.8,4.959,5228.1
11374,40,technician,married,professional.course,no,no,no,telephone,jun,fri,2,999,0,nonexistent,1.4,94.465,-41.8,4.959,5228.1
11466,40,technician,married,basic.9y,no,yes,no,telephone,jun,fri,1,999,0,nonexistent,1.4,94.465,-41.8,4.959,5228.1
11477,40,technician,divorced,university.degree,no,yes,yes,telephone,jun,fri,1,999,0,nonexistent,1.4,94.465,-41.8,4.959,5228.1
11481,34,admin.,divorced,basic.9y,no,yes,no,telephone,jun,fri,4,999,0,nonexistent,1.4,94.465,-41.8,4.959,5228.1
11482,46,blue-collar,married,basic.6y,no,no,no,telephone,jun,fri,1,999,0,nonexistent,1.4,94.465,-41.8,4.959,5228.1
11509,37,services,single,university.degree,no,no,no,telephone,jun,fri,1,999,0,nonexistent,1.4,94.465,-41.8,4.959,5228.1
11525,28,student,single,professional.course,no,no,no,telephone,jun,fri,2,999,0,nonexistent,1.4,94.465,-41.8,4.959,5228.1
11535,34,blue-collar,married,basic.9y,no,yes,no,telephone,jun,fri,2,999,0,nonexistent,1.4,94.465,-41.8,4.959,5228.1
11537,45,management,married,university.degree,no,no,no,telephone,jun,fri,5,999,0,nonexistent,1.4,94.465,-41.8,4.959,5228.1
11542,35,blue-collar,married,basic.9y,unknown,yes,no,telephone,jun,fri,2,999,0,nonexistent,1.4,94.465,-41.8,4.959,5228.1
11554,41,management,married,university.degree,no,yes,no,telephone,jun,fri,1,999,0,nonexistent,1.4,94.465,-41.8,4.959,5228.1
11575,44,blue-collar,married,basic.4y,unknown,no,no,telephone,jun,fri,3,999,0,nonexistent,1.4,94.465,-41.8,4.959,5228.1
11576,43,admin.,married,high.school,no,no,no,telephone,jun,fri,10,999,0,nonexistent,1.4,94.465,-41.8,4.959,5228.1
11582,47,services,married,basic.6y,no,yes,yes,telephone,jun,fri,2,999,0,nonexistent,1.4,94.465,-41.8,4.959,5228.1
11591,35,management,divorced,high.school,no,yes,no,telephone,jun,fri,4,999,0,nonexistent,1.4,94.465,-41.8,4.959,5228.1
11608,28,blue-collar,married,basic.9y,unknown,no,yes,telephone,jun,fri,5,999,0,nonexistent,1.4,94.465,-41.8,4.959,5228.1
11619,56,self-employed,single,basic.9y,unknown,no,no,telephone,jun,fri,2,999,0,nonexistent,1.4,94.465,-41.8,4.959,5228.1
11620,37,blue-collar,married,unknown,no,no,no,telephone,jun,fri,3,999,0,nonexistent,1.4,94.465,-41.8,4.959,5228.1
11650,41,blue-collar,married,basic.9y,no,yes,no,telephone,jun,fri,3,999,0,nonexistent,1.4,94.465,-41.8,4.959,5228.1
11664,39,services,married,high.school,unknown,no,no,telephone,jun,fri,9,999,0,nonexistent,1.4,94.465,-41.8,4.959,5228.1
11671,37,admin.,divorced,high.school,no,yes,no,telephone,jun,fri,12,999,0,nonexistent,1.4,94.465,-41.8,4.959,5228.1
11677,36,blue-collar,married,high.school,no,no,no,telephone,jun,fri,4,999,0,nonexistent,1.4,94.465,-41.8,4.959,5228.1
11681,34,management,married,university.degree,no,yes,no,telephone,jun,fri,3,999,0,nonexistent,1.4,94.465,-41.8,4.959,5228.1
11687,53,management,married,basic.9y,unknown,yes,no,telephone,jun,fri,7,999,0,nonexistent,1.4,94.465,-41.8,4.959,5228.1
11698,52,technician,married,university.degree,unknown,no,no,telephone,jun,fri,3,999,0,nonexistent,1.4,94.465,-41.8,4.959,5228.1
11720,39,housemaid,married,university.degree,no,yes,no,telephone,jun,fri,2,999,0,nonexistent,1.4,94.465,-41.8,4.959,5228.1
11735,43,services,married,high.school,no,no,no,telephone,jun,fri,7,999,0,nonexistent,1.4,94.465,-41.8,4.959,5228.1
11748,37,technician,married,university.degree,no,no,no,telephone,jun,fri,2,999,0,nonexistent,1.4,94.465,-41.8,4.959,5228.1
11759,33,blue-collar,married,basic.4y,no,yes,no,telephone,jun,fri,7,999,0,nonexistent,1.4,94.465,-41.8,4.959,5228.1
11775,59,entrepreneur,married,university.degree,no,no,no,telephone,jun,fri,5,999,0,nonexistent,1.4,94.465,-41.8,4.959,5228.1
11780,39,services,single,high.school,no,no,no,telephone,jun,fri,10,999,0,nonexistent,1.4,94.465,-41.8,4.959,5228.1
11792,50,blue-collar,married,basic.4y,unknown,yes,yes,telephone,jun,fri,3,999,0,nonexistent,1.4,94.465,-41.8,4.959,5228.1
11796,22,technician,single,professional.course,no,no,no,telephone,jun,fri,4,999,0,nonexistent,1.4,94.465,-41.8,4.959,5228.1
11797,27,unemployed,married,high.school,no,yes,no,telephone,jun,fri,13,999,0,nonexistent,1.4,94.465,-41.8,4.959,5228.1
11799,51,management,married,university.degree,unknown,no,no,telephone,jun,fri,10,999,0,nonexistent,1.4,94.465,-41.8,4.959,5228.1
11801,30,blue-collar,married,basic.4y,unknown,yes,no,telephone,jun,fri,5,999,0,nonexistent,1.4,94.465,-41.8,4.959,5228.1
11810,40,management,married,unknown,no,no,yes,telephone,jun,fri,2,999,0,nonexistent,1.4,94.465,-41.8,4.959,5228.1
11812,38,blue-collar,single,basic.9y,no,yes,no,telephone,jun,fri,6,999,0,nonexistent,1.4,94.465,-41.8,4.959,5228.1
11819,32,services,single,high.school,no,yes,no,telephone,jun,fri,11,999,0,nonexistent,1.4,94.465,-41.8,4.959,5228.1
11825,51,management,married,university.degree,no,yes,no,telephone,jun,fri,3,999,0,nonexistent,1.4,94.465,-41.8,4.959,5228.1
11826,50,entrepreneur,married,basic.4y,no,no,no,telephone,jun,fri,2,999,0,nonexistent,1.4,94.465,-41.8,4.959,5228.1
11837,41,entrepreneur,married,university.degree,unknown,yes,no,telephone,jun,fri,2,999,0,nonexistent,1.4,94.465,-41.8,4.959,5228.1
11851,47,services,married,high.school,unknown,yes,no,telephone,jun,fri,7,999,0,nonexistent,1.4,94.465,-41.8,4.959,5228.1
11861,44,blue-collar,married,basic.9y,no,no,no,telephone,jun,fri,4,999,0,nonexistent,1.4,94.465,-41.8,4.959,5228.1
11862,38,technician,married,professional.course,no,yes,no,telephone,jun,fri,3,999,0,nonexistent,1.4,94.465,-41.8,4.959,5228.1
11881,33,admin.,single,high.school,no,yes,yes,telephone,jun,fri,26,999,0,nonexistent,1.4,94.465,-41.8,4.959,5228.1
11883,31,admin.,divorced,high.school,unknown,no,yes,telephone,jun,fri,4,999,0,nonexistent,1.4,94.465,-41.8,4.959,5228.1
11888,35,admin.,married,university.degree,no,no,no,telephone,jun,fri,4,999,0,nonexistent,1.4,94.465,-41.8,4.959,5228.1
11890,49,management,married,high.school,unknown,no,no,telephone,jun,fri,4,999,0,nonexistent,1.4,94.465,-41.8,4.959,5228.1
11896,46,admin.,married,high.school,no,no,yes,telephone,jun,fri,3,999,0,nonexistent,1.4,94.465,-41.8,4.959,5228.1
11899,26,technician,married,basic.6y,no,yes,no,telephone,jun,fri,20,999,0,nonexistent,1.4,94.465,-41.8,4.959,5228.1
11910,37,blue-collar,married,basic.9y,no,no,no,telephone,jun,fri,4,999,0,nonexistent,1.4,94.465,-41.8,4.959,5228.1
11912,36,blue-collar,married,professional.course,unknown,yes,no,telephone,jun,fri,2,999,0,nonexistent,1.4,94.465,-41.8,4.959,5228.1
11921,51,blue-collar,married,basic.9y,unknown,no,no,telephone,jun,fri,4,999,0,nonexistent,1.4,94.465,-41.8,4.959,5228.1
11932,45,blue-collar,married,basic.9y,unknown,no,no,telephone,jun,fri,3,999,0,nonexistent,1.4,94.465,-41.8,4.959,5228.1
11945,40,management,divorced,university.degree,unknown,unknown,unknown,telephone,jun,mon,2,999,0,nonexistent,1.4,94.465,-41.8,4.958,5228.1
11947,36,technician,married,basic.9y,no,no,no,telephone,jun,mon,4,999,0,nonexistent,1.4,94.465,-41.8,4.958,5228.1
11954,26,admin.,single,high.school,no,no,no,telephone,jun,tue,3,999,0,nonexistent,1.4,94.465,-41.8,4.958,5228.1
11987,28,admin.,married,high.school,no,no,no,telephone,jun,wed,1,999,0,nonexistent,1.4,94.465,-41.8,4.958,5228.1
11989,46,services,divorced,professional.course,unknown,yes,no,telephone,jun,wed,2,999,0,nonexistent,1.4,94.465,-41.8,4.958,5228.1
11993,36,blue-collar,married,unknown,unknown,no,no,telephone,jun,wed,3,999,0,nonexistent,1.4,94.465,-41.8,4.958,5228.1
11994,44,blue-collar,married,basic.9y,unknown,yes,no,telephone,jun,wed,5,999,0,nonexistent,1.4,94.465,-41.8,4.958,5228.1
11997,45,admin.,married,high.school,no,yes,no,telephone,jun,thu,2,999,0,nonexistent,1.4,94.465,-41.8,4.955,5228.1
11998,28,services,single,basic.9y,no,no,no,telephone,jun,thu,2,999,0,nonexistent,1.4,94.465,-41.8,4.955,5228.1
12006,52,technician,married,basic.9y,no,yes,yes,telephone,jun,thu,3,999,0,nonexistent,1.4,94.465,-41.8,4.955,5228.1
12027,58,retired,single,professional.course,no,yes,no,telephone,jun,thu,3,999,0,nonexistent,1.4,94.465,-41.8,4.955,5228.1
12052,29,services,married,high.school,no,yes,yes,telephone,jun,fri,4,999,0,nonexistent,1.4,94.465,-41.8,4.947,5228.1
12074,30,blue-collar,married,basic.9y,unknown,no,no,telephone,jun,fri,28,999,0,nonexistent,1.4,94.465,-41.8,4.947,5228.1
12082,35,admin.,married,high.school,no,yes,no,telephone,jun,fri,4,999,0,nonexistent,1.4,94.465,-41.8,4.947,5228.1
12094,45,technician,single,professional.course,unknown,yes,no,telephone,jun,fri,3,999,0,nonexistent,1.4,94.465,-41.8,4.947,5228.1
12097,30,entrepreneur,divorced,university.degree,no,no,no,telephone,jun,fri,5,999,0,nonexistent,1.4,94.465,-41.8,4.947,5228.1
12098,44,blue-collar,single,basic.6y,no,no,no,telephone,jun,fri,3,999,0,nonexistent,1.4,94.465,-41.8,4.947,5228.1
12101,39,technician,single,professional.course,no,yes,no,telephone,jun,mon,4,999,0,nonexistent,1.4,94.465,-41.8,4.947,5228.1
12121,32,self-employed,divorced,professional.course,no,yes,no,telephone,jun,mon,1,999,0,nonexistent,1.4,94.465,-41.8,4.947,5228.1
12126,27,technician,single,university.degree,no,yes,no,telephone,jun,mon,2,999,0,nonexistent,1.4,94.465,-41.8,4.947,5228.1
12133,44,technician,married,university.degree,no,no,no,telephone,jun,mon,4,999,0,nonexistent,1.4,94.465,-41.8,4.947,5228.1
12134,53,technician,married,basic.9y,no,no,no,telephone,jun,mon,6,999,0,nonexistent,1.4,94.465,-41.8,4.947,5228.1
12155,37,technician,married,professional.course,no,yes,no,telephone,jul,tue,6,999,0,nonexistent,1.4,93.918,-42.7,4.955,5228.1
12156,28,blue-collar,single,basic.6y,no,no,no,telephone,jul,tue,1,999,0,nonexistent,1.4,93.918,-42.7,4.955,5228.1
12169,36,technician,married,high.school,no,no,no,telephone,jul,tue,1,999,0,nonexistent,1.4,93.918,-42.7,4.955,5228.1
12181,41,blue-collar,married,unknown,no,no,no,telephone,jul,tue,1,999,0,nonexistent,1.4,93.918,-42.7,4.955,5228.1
12204,38,blue-collar,married,basic.9y,unknown,no,no,telephone,jul,wed,3,999,0,nonexistent,1.4,93.918,-42.7,4.956,5228.1
12212,31,services,single,high.school,no,no,no,telephone,jul,wed,1,999,0,nonexistent,1.4,93.918,-42.7,4.956,5228.1
12215,28,management,married,university.degree,no,yes,no,telephone,jul,wed,2,999,0,nonexistent,1.4,93.918,-42.7,4.956,5228.1
12226,32,housemaid,married,basic.9y,no,no,no,telephone,jul,thu,1,999,0,nonexistent,1.4,93.918,-42.7,4.966,5228.1
12230,43,blue-collar,married,basic.9y,no,yes,no,telephone,jul,thu,1,999,0,nonexistent,1.4,93.918,-42.7,4.966,5228.1
12233,39,technician,single,professional.course,no,yes,no,telephone,jul,thu,1,999,0,nonexistent,1.4,93.918,-42.7,4.966,5228.1
12238,30,blue-collar,single,basic.4y,no,no,no,telephone,jul,thu,1,999,0,nonexistent,1.4,93.918,-42.7,4.966,5228.1
12246,58,technician,married,university.degree,no,no,no,telephone,jul,thu,1,999,0,nonexistent,1.4,93.918,-42.7,4.966,5228.1
12282,30,services,married,basic.9y,no,no,yes,telephone,jul,thu,2,999,0,nonexistent,1.4,93.918,-42.7,4.966,5228.1
12293,46,blue-collar,married,unknown,no,yes,no,telephone,jul,fri,1,999,0,nonexistent,1.4,93.918,-42.7,4.959,5228.1
12304,29,blue-collar,single,high.school,no,yes,no,telephone,jul,fri,4,999,0,nonexistent,1.4,93.918,-42.7,4.959,5228.1
12306,32,technician,divorced,professional.course,no,yes,yes,telephone,jul,fri,1,999,0,nonexistent,1.4,93.918,-42.7,4.959,5228.1
12335,31,admin.,divorced,university.degree,no,yes,no,telephone,jul,fri,1,999,0,nonexistent,1.4,93.918,-42.7,4.959,5228.1
12341,53,housemaid,married,basic.4y,no,no,no,telephone,jul,fri,2,999,0,nonexistent,1.4,93.918,-42.7,4.959,5228.1
12343,45,admin.,married,university.degree,no,no,no,telephone,jul,fri,1,999,0,nonexistent,1.4,93.918,-42.7,4.959,5228.1
12349,29,entrepreneur,married,basic.6y,no,yes,yes,telephone,jul,fri,3,999,0,nonexistent,1.4,93.918,-42.7,4.959,5228.1
12351,43,technician,single,professional.course,no,yes,no,telephone,jul,fri,6,999,0,nonexistent,1.4,93.918,-42.7,4.959,5228.1
12357,49,blue-collar,married,basic.9y,no,yes,no,telephone,jul,fri,1,999,0,nonexistent,1.4,93.918,-42.7,4.959,5228.1
12364,30,services,divorced,high.school,no,yes,yes,cellular,jul,fri,2,999,0,nonexistent,1.4,93.918,-42.7,4.959,5228.1
12369,33,services,married,high.school,no,yes,no,cellular,jul,fri,2,999,0,nonexistent,1.4,93.918,-42.7,4.959,5228.1
12373,48,blue-collar,married,basic.4y,no,no,yes,cellular,jul,fri,2,999,0,nonexistent,1.4,93.918,-42.7,4.959,5228.1
12377,46,blue-collar,married,basic.9y,unknown,no,no,cellular,jul,fri,1,999,0,nonexistent,1.4,93.918,-42.7,4.959,5228.1
12378,34,unemployed,married,high.school,no,no,no,cellular,jul,fri,1,999,0,nonexistent,1.4,93.918,-42.7,4.959,5228.1
12386,59,retired,married,professional.course,unknown,yes,yes,cellular,jul,mon,4,999,0,nonexistent,1.4,93.918,-42.7,4.96,5228.1
12387,33,self-employed,married,basic.9y,no,yes,no,cellular,jul,mon,2,999,0,nonexistent,1.4,93.918,-42.7,4.96,5228.1
12391,34,technician,single,university.degree,no,no,yes,cellular,jul,mon,5,999,0,nonexistent,1.4,93.918,-42.7,4.96,5228.1
12398,45,admin.,married,basic.9y,no,yes,yes,cellular,jul,mon,2,999,0,nonexistent,1.4,93.918,-42.7,4.96,5228.1
12405,52,blue-collar,married,basic.9y,no,no,no,cellular,jul,mon,5,999,0,nonexistent,1.4,93.918,-42.7,4.96,5228.1
12415,40,technician,married,university.degree,unknown,no,no,cellular,jul,mon,2,999,0,nonexistent,1.4,93.918,-42.7,4.96,5228.1
12420,44,blue-collar,married,basic.9y,unknown,yes,no,cellular,jul,mon,2,999,0,nonexistent,1.4,93.918,-42.7,4.96,5228.1
12433,46,admin.,married,basic.9y,unknown,no,no,cellular,jul,mon,2,999,0,nonexistent,1.4,93.918,-42.7,4.96,5228.1
12435,45,admin.,divorced,university.degree,no,no,no,cellular,jul,mon,3,999,0,nonexistent,1.4,93.918,-42.7,4.96,5228.1
12439,37,self-employed,single,basic.4y,no,unknown,unknown,cellular,jul,mon,2,999,0,nonexistent,1.4,93.918,-42.7,4.96,5228.1
12440,41,blue-collar,single,basic.4y,no,unknown,unknown,cellular,jul,mon,3,999,0,nonexistent,1.4,93.918,-42.7,4.96,5228.1
12442,23,blue-collar,single,basic.9y,no,no,no,cellular,jul,mon,3,999,0,nonexistent,1.4,93.918,-42.7,4.96,5228.1
12444,56,admin.,divorced,basic.6y,no,yes,no,cellular,jul,mon,4,999,0,nonexistent,1.4,93.918,-42.7,4.96,5228.1
12447,37,blue-collar,married,basic.9y,no,no,no,cellular,jul,mon,4,999,0,nonexistent,1.4,93.918,-42.7,4.96,5228.1
12451,40,self-employed,married,high.school,unknown,yes,no,telephone,jul,mon,2,999,0,nonexistent,1.4,93.918,-42.7,4.96,5228.1
12461,42,blue-collar,divorced,basic.9y,no,no,no,telephone,jul,mon,8,999,0,nonexistent,1.4,93.918,-42.7,4.96,5228.1
12467,31,technician,married,university.degree,no,yes,yes,cellular,jul,mon,5,999,0,nonexistent,1.4,93.918,-42.7,4.96,5228.1
12469,44,services,married,high.school,no,no,no,cellular,jul,mon,4,999,0,nonexistent,1.4,93.918,-42.7,4.96,5228.1
12472,39,unemployed,married,high.school,no,no,no,cellular,jul,mon,7,999,0,nonexistent,1.4,93.918,-42.7,4.96,5228.1
12491,28,technician,married,university.degree,no,no,no,cellular,jul,mon,1,999,0,nonexistent,1.4,93.918,-42.7,4.96,5228.1
12515,35,self-employed,married,high.school,no,no,no,cellular,jul,mon,3,999,0,nonexistent,1.4,93.918,-42.7,4.96,5228.1
12544,29,technician,married,professional.course,no,yes,no,cellular,jul,mon,1,999,0,nonexistent,1.4,93.918,-42.7,4.96,5228.1
12571,37,technician,single,high.school,unknown,no,no,cellular,jul,mon,1,999,0,nonexistent,1.4,93.918,-42.7,4.96,5228.1
12580,36,entrepreneur,married,high.school,no,no,no,cellular,jul,mon,2,999,0,nonexistent,1.4,93.918,-42.7,4.96,5228.1
12612,38,housemaid,single,basic.4y,unknown,no,no,cellular,jul,mon,5,999,0,nonexistent,1.4,93.918,-42.7,4.96,5228.1
12618,25,admin.,single,high.school,no,no,no,cellular,jul,mon,2,999,0,nonexistent,1.4,93.918,-42.7,4.96,5228.1
12629,33,entrepreneur,single,professional.course,no,no,no,telephone,jul,mon,3,999,0,nonexistent,1.4,93.918,-42.7,4.96,5228.1
12633,42,admin.,divorced,university.degree,no,yes,no,telephone,jul,mon,2,999,0,nonexistent,1.4,93.918,-42.7,4.96,5228.1
12648,37,blue-collar,single,basic.6y,no,yes,yes,cellular,jul,mon,1,999,0,nonexistent,1.4,93.918,-42.7,4.96,5228.1
12656,42,blue-collar,married,basic.4y,no,no,no,cellular,jul,mon,4,999,0,nonexistent,1.4,93.918,-42.7,4.96,5228.1
12666,42,management,divorced,university.degree,unknown,no,no,cellular,jul,mon,2,999,0,nonexistent,1.4,93.918,-42.7,4.96,5228.1
12694,44,blue-collar,divorced,basic.6y,unknown,no,yes,telephone,jul,mon,2,999,0,nonexistent,1.4,93.918,-42.7,4.96,5228.1
12708,42,admin.,single,university.degree,unknown,yes,no,cellular,jul,mon,2,999,0,nonexistent,1.4,93.918,-42.7,4.96,5228.1
12711,55,technician,married,professional.course,unknown,no,no,telephone,jul,mon,13,999,0,nonexistent,1.4,93.918,-42.7,4.96,5228.1
12712,30,blue-collar,single,basic.4y,no,no,no,cellular,jul,mon,10,999,0,nonexistent,1.4,93.918,-42.7,4.96,5228.1
12726,41,admin.,married,high.school,no,no,yes,cellular,jul,mon,4,999,0,nonexistent,1.4,93.918,-42.7,4.96,5228.1
12735,49,housemaid,married,basic.4y,unknown,yes,no,cellular,jul,tue,1,999,0,nonexistent,1.4,93.918,-42.7,4.962,5228.1
12739,25,services,married,high.school,no,no,no,cellular,jul,tue,1,999,0,nonexistent,1.4,93.918,-42.7,4.962,5228.1
12742,50,entrepreneur,married,unknown,unknown,yes,yes,cellular,jul,tue,1,999,0,nonexistent,1.4,93.918,-42.7,4.962,5228.1
12748,26,blue-collar,single,basic.9y,no,yes,no,cellular,jul,tue,1,999,0,nonexistent,1.4,93.918,-42.7,4.962,5228.1
12760,42,unemployed,married,university.degree,unknown,yes,no,cellular,jul,tue,1,999,0,nonexistent,1.4,93.918,-42.7,4.962,5228.1
12764,33,blue-collar,married,basic.6y,unknown,yes,no,cellular,jul,tue,1,999,0,nonexistent,1.4,93.918,-42.7,4.962,5228.1
12781,32,blue-collar,single,basic.4y,unknown,no,no,cellular,jul,tue,2,999,0,nonexistent,1.4,93.918,-42.7,4.962,5228.1
12794,26,blue-collar,married,basic.9y,unknown,no,no,cellular,jul,tue,1,999,0,nonexistent,1.4,93.918,-42.7,4.962,5228.1
12806,53,retired,divorced,high.school,unknown,yes,no,cellular,jul,tue,1,999,0,nonexistent,1.4,93.918,-42.7,4.962,5228.1
12811,38,entrepreneur,married,basic.9y,unknown,no,yes,cellular,jul,tue,2,999,0,nonexistent,1.4,93.918,-42.7,4.962,5228.1
12831,48,management,married,high.school,no,no,no,cellular,jul,tue,1,999,0,nonexistent,1.4,93.918,-42.7,4.962,5228.1
12836,59,housemaid,married,basic.4y,unknown,unknown,unknown,cellular,jul,tue,2,999,0,nonexistent,1.4,93.918,-42.7,4.962,5228.1
12842,43,admin.,single,high.school,no,yes,no,telephone,jul,tue,1,999,0,nonexistent,1.4,93.918,-42.7,4.962,5228.1
12843,43,management,single,university.degree,unknown,yes,yes,cellular,jul,tue,2,999,0,nonexistent,1.4,93.918,-42.7,4.962,5228.1
12846,29,blue-collar,married,basic.9y,no,no,no,cellular,jul,tue,3,999,0,nonexistent,1.4,93.918,-42.7,4.962,5228.1
12859,34,admin.,married,university.degree,no,no,no,cellular,jul,tue,2,999,0,nonexistent,1.4,93.918,-42.7,4.962,5228.1
12861,30,technician,single,professional.course,no,no,no,cellular,jul,tue,1,999,0,nonexistent,1.4,93.918,-42.7,4.962,5228.1
12879,42,blue-collar,married,basic.9y,no,no,no,cellular,jul,tue,1,999,0,nonexistent,1.4,93.918,-42.7,4.962,5228.1
12881,29,self-employed,married,unknown,no,no,no,cellular,jul,tue,2,999,0,nonexistent,1.4,93.918,-42.7,4.962,5228.1
12886,30,technician,single,professional.course,no,no,no,cellular,jul,tue,1,999,0,nonexistent,1.4,93.918,-42.7,4.962,5228.1
12896,25,admin.,single,high.school,no,no,yes,cellular,jul,tue,2,999,0,nonexistent,1.4,93.918,-42.7,4.962,5228.1
12900,31,services,married,high.school,no,unknown,unknown,cellular,jul,tue,1,999,0,nonexistent,1.4,93.918,-42.7,4.962,5228.1
12902,29,technician,single,university.degree,no,no,yes,cellular,jul,tue,1,999,0,nonexistent,1.4,93.918,-42.7,4.962,5228.1
12916,37,blue-collar,single,professional.course,no,no,no,cellular,jul,tue,1,999,0,nonexistent,1.4,93.918,-42.7,4.962,5228.1
12934,26,entrepreneur,married,basic.4y,unknown,no,no,cellular,jul,tue,1,999,0,nonexistent,1.4,93.918,-42.7,4.962,5228.1
12957,33,blue-collar,single,basic.9y,no,no,yes,cellular,jul,tue,2,999,0,nonexistent,1.4,93.918,-42.7,4.962,5228.1
12969,27,admin.,single,high.school,no,yes,yes,cellular,jul,tue,1,999,0,nonexistent,1.4,93.918,-42.7,4.962,5228.1
12981,30,blue-collar,married,basic.6y,no,yes,no,cellular,jul,tue,1,999,0,nonexistent,1.4,93.918,-42.7,4.962,5228.1
13000,28,services,married,high.school,no,no,no,cellular,jul,tue,1,999,0,nonexistent,1.4,93.918,-42.7,4.962,5228.1
13018,37,entrepreneur,married,basic.9y,no,unknown,unknown,cellular,jul,tue,2,999,0,nonexistent,1.4,93.918,-42.7,4.962,5228.1
13029,27,admin.,single,professional.course,no,yes,yes,cellular,jul,tue,3,999,0,nonexistent,1.4,93.918,-42.7,4.962,5228.1
13033,30,admin.,married,university.degree,no,yes,yes,telephone,jul,tue,2,999,0,nonexistent,1.4,93.918,-42.7,4.962,5228.1
13048,34,management,single,unknown,no,no,no,cellular,jul,tue,4,999,0,nonexistent,1.4,93.918,-42.7,4.962,5228.1
13064,34,technician,single,university.degree,no,no,no,cellular,jul,tue,3,999,0,nonexistent,1.4,93.918,-42.7,4.962,5228.1
13066,27,self-employed,single,professional.course,no,yes,no,cellular,jul,tue,3,999,0,nonexistent,1.4,93.918,-42.7,4.962,5228.1
13077,24,student,single,high.school,unknown,no,no,cellular,jul,tue,1,999,0,nonexistent,1.4,93.918,-42.7,4.962,5228.1
13097,39,admin.,married,university.degree,no,yes,yes,cellular,jul,wed,1,999,0,nonexistent,1.4,93.918,-42.7,4.962,5228.1
13112,52,retired,married,professional.course,no,yes,no,cellular,jul,wed,3,999,0,nonexistent,1.4,93.918,-42.7,4.962,5228.1
13116,28,technician,divorced,university.degree,no,no,no,cellular,jul,wed,1,999,0,nonexistent,1.4,93.918,-42.7,4.962,5228.1
13129,25,blue-collar,married,basic.9y,no,yes,no,cellular,jul,wed,3,999,0,nonexistent,1.4,93.918,-42.7,4.962,5228.1
13139,53,admin.,married,university.degree,no,yes,no,cellular,jul,wed,1,999,0,nonexistent,1.4,93.918,-42.7,4.962,5228.1
13141,51,blue-collar,married,basic.4y,unknown,yes,no,cellular,jul,wed,2,999,0,nonexistent,1.4,93.918,-42.7,4.962,5228.1
13150,43,housemaid,married,basic.4y,no,no,no,cellular,jul,wed,1,999,0,nonexistent,1.4,93.918,-42.7,4.962,5228.1
13159,51,management,married,university.degree,no,yes,no,cellular,jul,wed,1,999,0,nonexistent,1.4,93.918,-42.7,4.962,5228.1
13165,24,services,single,professional.course,no,yes,no,cellular,jul,wed,1,999,0,nonexistent,1.4,93.918,-42.7,4.962,5228.1
13175,27,unemployed,married,basic.6y,unknown,no,no,cellular,jul,wed,1,999,0,nonexistent,1.4,93.918,-42.7,4.962,5228.1
13181,43,blue-collar,married,basic.6y,no,no,no,cellular,jul,wed,1,999,0,nonexistent,1.4,93.918,-42.7,4.962,5228.1
13187,42,technician,married,high.school,no,yes,no,cellular,jul,wed,1,999,0,nonexistent,1.4,93.918,-42.7,4.962,5228.1
13207,28,services,single,high.school,no,yes,no,cellular,jul,wed,1,999,0,nonexistent,1.4,93.918,-42.7,4.962,5228.1
13209,31,management,single,university.degree,no,yes,yes,cellular,jul,wed,1,999,0,nonexistent,1.4,93.918,-42.7,4.962,5228.1
13210,39,entrepreneur,divorced,basic.4y,no,no,no,cellular,jul,wed,1,999,0,nonexistent,1.4,93.918,-42.7,4.962,5228.1
13230,37,technician,single,professional.course,unknown,no,no,cellular,jul,wed,1,999,0,nonexistent,1.4,93.918,-42.7,4.962,5228.1
13235,32,technician,married,university.degree,no,yes,no,telephone,jul,wed,1,999,0,nonexistent,1.4,93.918,-42.7,4.962,5228.1
13252,26,blue-collar,married,basic.9y,no,no,no,cellular,jul,wed,1,999,0,nonexistent,1.4,93.918,-42.7,4.962,5228.1
13258,42,blue-collar,married,basic.9y,unknown,yes,no,cellular,jul,wed,10,999,0,nonexistent,1.4,93.918,-42.7,4.962,5228.1
13263,31,blue-collar,married,basic.9y,no,yes,no,cellular,jul,wed,1,999,0,nonexistent,1.4,93.918,-42.7,4.962,5228.1
13266,50,admin.,single,high.school,no,yes,no,cellular,jul,wed,1,999,0,nonexistent,1.4,93.918,-42.7,4.962,5228.1
13293,29,services,divorced,high.school,no,yes,no,cellular,jul,wed,1,999,0,nonexistent,1.4,93.918,-42.7,4.962,5228.1
13301,40,admin.,married,high.school,no,no,yes,telephone,jul,wed,1,999,0,nonexistent,1.4,93.918,-42.7,4.962,5228.1
13310,29,admin.,married,university.degree,no,yes,no,cellular,jul,wed,1,999,0,nonexistent,1.4,93.918,-42.7,4.962,5228.1
13312,26,services,married,high.school,no,unknown,unknown,cellular,jul,wed,6,999,0,nonexistent,1.4,93.918,-42.7,4.962,5228.1
13313,51,housemaid,married,basic.4y,no,no,no,cellular,jul,wed,1,999,0,nonexistent,1.4,93.918,-42.7,4.962,5228.1
13321,37,blue-collar,married,basic.6y,unknown,no,yes,cellular,jul,wed,1,999,0,nonexistent,1.4,93.918,-42.7,4.962,5228.1
13352,35,technician,single,high.school,no,yes,no,cellular,jul,wed,1,999,0,nonexistent,1.4,93.918,-42.7,4.962,5228.1
13363,24,technician,single,professional.course,no,yes,no,cellular,jul,wed,5,999,0,nonexistent,1.4,93.918,-42.7,4.962,5228.1
13370,38,blue-collar,single,university.degree,no,no,no,cellular,jul,wed,1,999,0,nonexistent,1.4,93.918,-42.7,4.962,5228.1
13379,29,services,single,high.school,no,yes,no,telephone,jul,wed,1,999,0,nonexistent,1.4,93.918,-42.7,4.962,5228.1
13384,57,blue-collar,married,basic.9y,no,yes,no,cellular,jul,wed,1,999,0,nonexistent,1.4,93.918,-42.7,4.962,5228.1
13393,40,blue-collar,married,basic.6y,no,yes,no,cellular,jul,wed,1,999,0,nonexistent,1.4,93.918,-42.7,4.962,5228.1
13419,29,technician,married,professional.course,no,no,no,cellular,jul,wed,2,999,0,nonexistent,1.4,93.918,-42.7,4.962,5228.1
13425,27,technician,divorced,professional.course,no,yes,no,cellular,jul,wed,5,999,0,nonexistent,1.4,93.918,-42.7,4.962,5228.1
13469,51,blue-collar,married,basic.4y,unknown,yes,no,telephone,jul,wed,1,999,0,nonexistent,1.4,93.918,-42.7,4.962,5228.1
13491,27,admin.,married,high.school,no,yes,no,cellular,jul,thu,1,999,0,nonexistent,1.4,93.918,-42.7,4.963,5228.1
13494,26,admin.,single,high.school,no,no,no,cellular,jul,thu,4,999,0,nonexistent,1.4,93.918,-42.7,4.963,5228.1
13495,51,unemployed,married,professional.course,unknown,yes,yes,cellular,jul,thu,1,999,0,nonexistent,1.4,93.918,-42.7,4.963,5228.1
13504,34,technician,single,university.degree,no,yes,no,cellular,jul,thu,1,999,0,nonexistent,1.4,93.918,-42.7,4.963,5228.1
13506,48,technician,divorced,professional.course,no,yes,no,cellular,jul,thu,2,999,0,nonexistent,1.4,93.918,-42.7,4.963,5228.1
13515,48,technician,married,basic.9y,no,no,no,cellular,jul,thu,5,999,0,nonexistent,1.4,93.918,-42.7,4.963,5228.1
13525,36,blue-collar,married,basic.9y,unknown,no,yes,cellular,jul,thu,1,999,0,nonexistent,1.4,93.918,-42.7,4.963,5228.1
13545,31,admin.,divorced,high.school,no,no,no,cellular,jul,thu,6,999,0,nonexistent,1.4,93.918,-42.7,4.963,5228.1
13548,49,blue-collar,married,basic.9y,no,no,no,telephone,jul,thu,1,999,0,nonexistent,1.4,93.918,-42.7,4.963,5228.1
13552,35,admin.,single,university.degree,unknown,no,no,cellular,jul,thu,1,999,0,nonexistent,1.4,93.918,-42.7,4.963,5228.1
13560,25,technician,single,professional.course,no,yes,no,cellular,jul,thu,1,999,0,nonexistent,1.4,93.918,-42.7,4.963,5228.1
13575,32,blue-collar,married,basic.9y,no,no,no,cellular,jul,thu,1,999,0,nonexistent,1.4,93.918,-42.7,4.963,5228.1
13586,26,technician,married,professional.course,no,yes,no,cellular,jul,thu,1,999,0,nonexistent,1.4,93.918,-42.7,4.963,5228.1
13588,46,admin.,divorced,university.degree,unknown,no,no,cellular,jul,thu,1,999,0,nonexistent,1.4,93.918,-42.7,4.963,5228.1
13596,43,blue-collar,single,basic.9y,no,yes,no,cellular,jul,thu,1,999,0,nonexistent,1.4,93.918,-42.7,4.963,5228.1
13607,32,admin.,single,university.degree,no,no,no,cellular,jul,thu,1,999,0,nonexistent,1.4,93.918,-42.7,4.963,5228.1
13611,32,technician,single,university.degree,no,yes,no,cellular,jul,thu,1,999,0,nonexistent,1.4,93.918,-42.7,4.963,5228.1
13612,30,technician,single,professional.course,no,yes,no,cellular,jul,thu,6,999,0,nonexistent,1.4,93.918,-42.7,4.963,5228.1
13616,25,admin.,single,high.school,no,yes,no,telephone,jul,thu,2,999,0,nonexistent,1.4,93.918,-42.7,4.963,5228.1
13617,34,student,divorced,basic.6y,no,yes,no,cellular,jul,thu,1,999,0,nonexistent,1.4,93.918,-42.7,4.963,5228.1
13624,32,admin.,single,university.degree,no,no,no,cellular,jul,thu,6,999,0,nonexistent,1.4,93.918,-42.7,4.963,5228.1
13629,39,blue-collar,married,basic.6y,unknown,no,yes,cellular,jul,thu,1,999,0,nonexistent,1.4,93.918,-42.7,4.963,5228.1
13634,54,blue-collar,divorced,basic.4y,unknown,yes,yes,cellular,jul,thu,1,999,0,nonexistent,1.4,93.918,-42.7,4.963,5228.1
13640,25,technician,married,university.degree,no,no,no,cellular,jul,thu,1,999,0,nonexistent,1.4,93.918,-42.7,4.963,5228.1
13655,40,retired,divorced,basic.4y,no,no,no,cellular,jul,thu,1,999,0,nonexistent,1.4,93.918,-42.7,4.963,5228.1
13656,29,blue-collar,single,basic.9y,no,yes,no,cellular,jul,thu,1,999,0,nonexistent,1.4,93.918,-42.7,4.963,5228.1
13661,30,blue-collar,single,basic.9y,no,yes,no,cellular,jul,thu,1,999,0,nonexistent,1.4,93.918,-42.7,4.963,5228.1
13679,41,blue-collar,single,basic.4y,no,yes,no,cellular,jul,thu,6,999,0,nonexistent,1.4,93.918,-42.7,4.963,5228.1
13680,45,blue-collar,divorced,high.school,unknown,yes,yes,cellular,jul,thu,1,999,0,nonexistent,1.4,93.918,-42.7,4.963,5228.1
13686,28,admin.,single,high.school,no,no,no,cellular,jul,thu,2,999,0,nonexistent,1.4,93.918,-42.7,4.963,5228.1
13695,22,technician,single,basic.9y,no,no,no,telephone,jul,thu,1,999,0,nonexistent,1.4,93.918,-42.7,4.963,5228.1
13699,54,blue-collar,married,high.school,no,yes,no,telephone,jul,thu,1,999,0,nonexistent,1.4,93.918,-42.7,4.963,5228.1
13715,31,admin.,married,high.school,no,yes,no,cellular,jul,thu,1,999,0,nonexistent,1.4,93.918,-42.7,4.963,5228.1
13719,26,admin.,married,high.school,no,no,no,cellular,jul,thu,1,999,0,nonexistent,1.4,93.918,-42.7,4.963,5228.1
13724,46,blue-collar,single,basic.9y,unknown,yes,no,cellular,jul,thu,1,999,0,nonexistent,1.4,93.918,-42.7,4.963,5228.1
13733,40,blue-collar,married,basic.4y,unknown,no,no,cellular,jul,thu,1,999,0,nonexistent,1.4,93.918,-42.7,4.963,5228.1
13740,49,housemaid,married,professional.course,no,yes,no,cellular,jul,thu,2,999,0,nonexistent,1.4,93.918,-42.7,4.963,5228.1
13751,44,blue-collar,married,basic.9y,no,yes,no,cellular,jul,thu,1,999,0,nonexistent,1.4,93.918,-42.7,4.963,5228.1
13762,27,admin.,single,high.school,no,yes,no,cellular,jul,thu,1,999,0,nonexistent,1.4,93.918,-42.7,4.963,5228.1
13764,33,blue-collar,married,basic.9y,no,yes,no,cellular,jul,thu,9,999,0,nonexistent,1.4,93.918,-42.7,4.963,5228.1
13786,33,management,married,high.school,no,no,no,telephone,jul,thu,3,999,0,nonexistent,1.4,93.918,-42.7,4.963,5228.1
13791,46,blue-collar,married,basic.4y,unknown,yes,no,cellular,jul,thu,1,999,0,nonexistent,1.4,93.918,-42.7,4.963,5228.1
13792,31,blue-collar,married,basic.4y,no,yes,no,cellular,jul,thu,3,999,0,nonexistent,1.4,93.918,-42.7,4.963,5228.1
13833,24,blue-collar,single,basic.9y,no,yes,no,cellular,jul,fri,2,999,0,nonexistent,1.4,93.918,-42.7,4.963,5228.1
13847,37,blue-collar,married,basic.9y,no,yes,no,cellular,jul,fri,1,999,0,nonexistent,1.4,93.918,-42.7,4.963,5228.1
13859,38,blue-collar,married,basic.6y,unknown,yes,no,cellular,jul,fri,1,999,0,nonexistent,1.4,93.918,-42.7,4.963,5228.1
13876,22,services,single,high.school,no,yes,no,cellular,jul,fri,2,999,0,nonexistent,1.4,93.918,-42.7,4.963,5228.1
13880,52,housemaid,married,basic.4y,no,no,no,cellular,jul,fri,2,999,0,nonexistent,1.4,93.918,-42.7,4.963,5228.1
13911,32,admin.,single,university.degree,no,no,no,cellular,jul,fri,2,999,0,nonexistent,1.4,93.918,-42.7,4.963,5228.1
13916,40,housemaid,married,basic.4y,unknown,no,no,cellular,jul,fri,2,999,0,nonexistent,1.4,93.918,-42.7,4.963,5228.1
13919,33,services,married,high.school,no,yes,no,cellular,jul,fri,2,999,0,nonexistent,1.4,93.918,-42.7,4.963,5228.1
13921,54,blue-collar,divorced,high.school,unknown,no,no,cellular,jul,fri,2,999,0,nonexistent,1.4,93.918,-42.7,4.963,5228.1
13950,29,blue-collar,single,basic.9y,no,no,no,cellular,jul,fri,2,999,0,nonexistent,1.4,93.918,-42.7,4.963,5228.1
13963,42,services,married,high.school,no,yes,no,cellular,jul,fri,2,999,0,nonexistent,1.4,93.918,-42.7,4.963,5228.1
13966,35,admin.,single,university.degree,no,no,no,cellular,jul,fri,2,999,0,nonexistent,1.4,93.918,-42.7,4.963,5228.1
13983,38,blue-collar,divorced,basic.9y,no,yes,no,cellular,jul,fri,2,999,0,nonexistent,1.4,93.918,-42.7,4.963,5228.1
13988,32,technician,married,unknown,no,no,no,cellular,jul,fri,2,999,0,nonexistent,1.4,93.918,-42.7,4.963,5228.1
13998,31,student,single,high.school,unknown,no,no,cellular,jul,fri,2,999,0,nonexistent,1.4,93.918,-42.7,4.963,5228.1
14003,29,services,married,basic.9y,no,yes,no,cellular,jul,fri,2,999,0,nonexistent,1.4,93.918,-42.7,4.963,5228.1
14008,45,blue-collar,married,basic.6y,unknown,no,no,cellular,jul,fri,2,999,0,nonexistent,1.4,93.918,-42.7,4.963,5228.1
14013,46,admin.,married,university.degree,unknown,no,yes,cellular,jul,fri,2,999,0,nonexistent,1.4,93.918,-42.7,4.963,5228.1
14015,31,blue-collar,married,professional.course,unknown,no,no,cellular,jul,fri,3,999,0,nonexistent,1.4,93.918,-42.7,4.963,5228.1
14031,31,admin.,married,high.school,no,yes,no,cellular,jul,fri,2,999,0,nonexistent,1.4,93.918,-42.7,4.963,5228.1
14032,37,blue-collar,single,basic.9y,unknown,no,no,cellular,jul,fri,2,999,0,nonexistent,1.4,93.918,-42.7,4.963,5228.1
14038,33,blue-collar,single,basic.6y,unknown,no,yes,cellular,jul,fri,2,999,0,nonexistent,1.4,93.918,-42.7,4.963,5228.1
14051,41,self-employed,divorced,professional.course,no,no,no,cellular,jul,fri,2,999,0,nonexistent,1.4,93.918,-42.7,4.963,5228.1
14052,35,blue-collar,married,basic.6y,no,no,no,cellular,jul,fri,2,999,0,nonexistent,1.4,93.918,-42.7,4.963,5228.1
14067,25,blue-collar,single,basic.9y,no,yes,no,cellular,jul,fri,3,999,0,nonexistent,1.4,93.918,-42.7,4.963,5228.1
14070,43,technician,divorced,basic.9y,no,no,no,cellular,jul,fri,2,999,0,nonexistent,1.4,93.918,-42.7,4.963,5228.1
14091,58,management,married,university.degree,unknown,yes,no,cellular,jul,mon,2,999,0,nonexistent,1.4,93.918,-42.7,4.962,5228.1
14109,43,admin.,divorced,high.school,no,yes,no,cellular,jul,mon,2,999,0,nonexistent,1.4,93.918,-42.7,4.962,5228.1
14115,27,unemployed,single,university.degree,no,yes,no,telephone,jul,mon,7,999,0,nonexistent,1.4,93.918,-42.7,4.962,5228.1
14121,27,services,single,high.school,no,no,no,cellular,jul,mon,2,999,0,nonexistent,1.4,93.918,-42.7,4.962,5228.1
14126,40,admin.,single,high.school,no,yes,no,cellular,jul,mon,3,999,0,nonexistent,1.4,93.918,-42.7,4.962,5228.1
14136,26,blue-collar,divorced,high.school,no,no,no,telephone,jul,mon,3,999,0,nonexistent,1.4,93.918,-42.7,4.962,5228.1
14137,26,blue-collar,single,high.school,no,yes,yes,cellular,jul,mon,2,999,0,nonexistent,1.4,93.918,-42.7,4.962,5228.1
14142,48,blue-collar,single,basic.6y,unknown,yes,no,cellular,jul,mon,3,999,0,nonexistent,1.4,93.918,-42.7,4.962,5228.1
14162,32,admin.,single,university.degree,no,unknown,unknown,cellular,jul,mon,2,999,0,nonexistent,1.4,93.918,-42.7,4.962,5228.1
14171,27,blue-collar,single,basic.9y,no,yes,yes,cellular,jul,mon,3,999,0,nonexistent,1.4,93.918,-42.7,4.962,5228.1
14173,28,admin.,married,university.degree,no,no,no,cellular,jul,mon,3,999,0,nonexistent,1.4,93.918,-42.7,4.962,5228.1
14186,35,admin.,married,university.degree,no,yes,yes,cellular,jul,mon,2,999,0,nonexistent,1.4,93.918,-42.7,4.962,5228.1
14192,33,blue-collar,married,high.school,no,no,no,cellular,jul,mon,2,999,0,nonexistent,1.4,93.918,-42.7,4.962,5228.1
14194,31,services,married,high.school,no,no,no,cellular,jul,mon,4,999,0,nonexistent,1.4,93.918,-42.7,4.962,5228.1
14203,35,blue-collar,single,basic.9y,no,no,no,cellular,jul,mon,3,999,0,nonexistent,1.4,93.918,-42.7,4.962,5228.1
14210,28,admin.,single,university.degree,no,yes,no,cellular,jul,mon,3,999,0,nonexistent,1.4,93.918,-42.7,4.962,5228.1
14224,45,management,married,basic.9y,unknown,yes,no,cellular,jul,mon,3,999,0,nonexistent,1.4,93.918,-42.7,4.962,5228.1
14239,30,admin.,single,university.degree,no,no,no,cellular,jul,mon,4,999,0,nonexistent,1.4,93.918,-42.7,4.962,5228.1
14266,46,blue-collar,single,basic.6y,unknown,yes,yes,cellular,jul,mon,3,999,0,nonexistent,1.4,93.918,-42.7,4.962,5228.1
14297,26,blue-collar,single,high.school,no,no,no,cellular,jul,mon,3,999,0,nonexistent,1.4,93.918,-42.7,4.962,5228.1
14298,46,services,married,high.school,no,no,no,cellular,jul,mon,3,999,0,nonexistent,1.4,93.918,-42.7,4.962,5228.1
14300,47,blue-collar,married,basic.6y,unknown,no,no,cellular,jul,mon,3,999,0,nonexistent,1.4,93.918,-42.7,4.962,5228.1
14307,48,management,married,university.degree,no,yes,no,cellular,jul,mon,3,999,0,nonexistent,1.4,93.918,-42.7,4.962,5228.1
14316,46,blue-collar,single,basic.6y,unknown,no,yes,cellular,jul,mon,3,999,0,nonexistent,1.4,93.918,-42.7,4.962,5228.1
14330,54,blue-collar,married,basic.4y,unknown,no,no,cellular,jul,mon,3,999,0,nonexistent,1.4,93.918,-42.7,4.962,5228.1
14343,54,blue-collar,divorced,basic.4y,no,no,no,cellular,jul,mon,2,999,0,nonexistent,1.4,93.918,-42.7,4.962,5228.1
14359,32,blue-collar,married,basic.9y,no,no,no,cellular,jul,mon,3,999,0,nonexistent,1.4,93.918,-42.7,4.962,5228.1
14360,32,management,married,professional.course,unknown,no,no,cellular,jul,mon,4,999,0,nonexistent,1.4,93.918,-42.7,4.962,5228.1
14376,44,entrepreneur,married,high.school,no,no,no,cellular,jul,mon,3,999,0,nonexistent,1.4,93.918,-42.7,4.962,5228.1
14385,27,services,married,high.school,no,yes,no,cellular,jul,mon,3,999,0,nonexistent,1.4,93.918,-42.7,4.962,5228.1
14393,54,admin.,married,basic.9y,no,no,yes,cellular,jul,mon,4,999,0,nonexistent,1.4,93.918,-42.7,4.962,5228.1
14396,44,blue-collar,married,basic.4y,unknown,no,no,cellular,jul,mon,6,999,0,nonexistent,1.4,93.918,-42.7,4.962,5228.1
14398,45,blue-collar,divorced,basic.9y,no,no,no,cellular,jul,mon,4,999,0,nonexistent,1.4,93.918,-42.7,4.962,5228.1
14400,34,blue-collar,married,basic.4y,no,no,no,telephone,jul,mon,4,999,0,nonexistent,1.4,93.918,-42.7,4.962,5228.1
14422,56,blue-collar,married,basic.4y,unknown,yes,no,cellular,jul,tue,2,999,0,nonexistent,1.4,93.918,-42.7,4.961,5228.1
14445,31,blue-collar,married,basic.9y,unknown,yes,no,cellular,jul,tue,3,999,0,nonexistent,1.4,93.918,-42.7,4.961,5228.1
14449,23,blue-collar,single,basic.9y,no,no,no,cellular,jul,tue,3,999,0,nonexistent,1.4,93.918,-42.7,4.961,5228.1
14450,51,retired,married,university.degree,unknown,no,no,cellular,jul,tue,3,999,0,nonexistent,1.4,93.918,-42.7,4.961,5228.1
14452,35,admin.,married,basic.9y,no,yes,no,cellular,jul,tue,3,999,0,nonexistent,1.4,93.918,-42.7,4.961,5228.1
14453,25,blue-collar,married,basic.9y,unknown,no,no,cellular,jul,tue,4,999,0,nonexistent,1.4,93.918,-42.7,4.961,5228.1
14459,29,blue-collar,married,basic.9y,no,yes,no,cellular,jul,tue,4,999,0,nonexistent,1.4,93.918,-42.7,4.961,5228.1
14463,45,blue-collar,married,basic.4y,unknown,yes,no,cellular,jul,tue,3,999,0,nonexistent,1.4,93.918,-42.7,4.961,5228.1
14470,38,technician,single,professional.course,no,no,yes,cellular,jul,tue,4,999,0,nonexistent,1.4,93.918,-42.7,4.961,5228.1
14473,32,housemaid,single,university.degree,unknown,yes,no,cellular,jul,tue,4,999,0,nonexistent,1.4,93.918,-42.7,4.961,5228.1
14476,33,services,married,high.school,no,no,no,cellular,jul,tue,5,999,0,nonexistent,1.4,93.918,-42.7,4.961,5228.1
14494,40,blue-collar,married,unknown,no,no,no,cellular,jul,tue,3,999,0,nonexistent,1.4,93.918,-42.7,4.961,5228.1
14510,33,admin.,married,high.school,unknown,no,no,cellular,jul,tue,5,999,0,nonexistent,1.4,93.918,-42.7,4.961,5228.1
14515,45,admin.,married,university.degree,no,yes,no,cellular,jul,tue,3,999,0,nonexistent,1.4,93.918,-42.7,4.961,5228.1
14534,37,services,married,high.school,no,no,yes,cellular,jul,tue,3,999,0,nonexistent,1.4,93.918,-42.7,4.961,5228.1
14538,34,management,divorced,university.degree,no,no,yes,cellular,jul,tue,5,999,0,nonexistent,1.4,93.918,-42.7,4.961,5228.1
14542,26,admin.,married,university.degree,no,no,no,cellular,jul,tue,6,999,0,nonexistent,1.4,93.918,-42.7,4.961,5228.1
14543,48,unemployed,married,university.degree,no,no,no,cellular,jul,tue,2,999,0,nonexistent,1.4,93.918,-42.7,4.961,5228.1
14545,45,technician,married,professional.course,no,yes,no,cellular,jul,tue,3,999,0,nonexistent,1.4,93.918,-42.7,4.961,5228.1
14559,56,management,married,basic.4y,unknown,yes,no,cellular,jul,tue,1,999,0,nonexistent,1.4,93.918,-42.7,4.961,5228.1
14598,50,admin.,married,professional.course,no,no,no,cellular,jul,tue,3,999,0,nonexistent,1.4,93.918,-42.7,4.961,5228.1
14607,31,admin.,married,basic.9y,no,yes,no,cellular,jul,tue,2,999,0,nonexistent,1.4,93.918,-42.7,4.961,5228.1
14609,56,management,married,basic.4y,unknown,yes,no,cellular,jul,tue,2,999,0,nonexistent,1.4,93.918,-42.7,4.961,5228.1
14612,34,management,divorced,university.degree,no,yes,no,cellular,jul,tue,5,999,0,nonexistent,1.4,93.918,-42.7,4.961,5228.1
14621,43,blue-collar,married,basic.9y,no,no,no,cellular,jul,tue,5,999,0,nonexistent,1.4,93.918,-42.7,4.961,5228.1
14622,56,blue-collar,married,basic.4y,unknown,no,no,cellular,jul,tue,5,999,0,nonexistent,1.4,93.918,-42.7,4.961,5228.1
14625,35,admin.,married,university.degree,no,yes,no,cellular,jul,tue,4,999,0,nonexistent,1.4,93.918,-42.7,4.961,5228.1
14626,51,admin.,divorced,professional.course,no,yes,no,cellular,jul,tue,4,999,0,nonexistent,1.4,93.918,-42.7,4.961,5228.1
14636,35,admin.,divorced,university.degree,no,yes,no,cellular,jul,tue,4,999,0,nonexistent,1.4,93.918,-42.7,4.961,5228.1
14637,28,admin.,single,university.degree,no,no,no,cellular,jul,tue,3,999,0,nonexistent,1.4,93.918,-42.7,4.961,5228.1
14643,32,management,divorced,university.degree,no,yes,no,cellular,jul,tue,4,999,0,nonexistent,1.4,93.918,-42.7,4.961,5228.1
14656,37,admin.,single,university.degree,unknown,no,no,cellular,jul,tue,5,999,0,nonexistent,1.4,93.918,-42.7,4.961,5228.1
14658,56,management,married,basic.4y,unknown,yes,no,cellular,jul,tue,2,999,0,nonexistent,1.4,93.918,-42.7,4.961,5228.1
14666,44,blue-collar,married,basic.4y,no,no,no,cellular,jul,tue,2,999,0,nonexistent,1.4,93.918,-42.7,4.961,5228.1
14678,55,blue-collar,married,basic.4y,no,no,no,cellular,jul,tue,4,999,0,nonexistent,1.4,93.918,-42.7,4.961,5228.1
14682,24,blue-collar,married,basic.9y,no,no,no,cellular,jul,tue,3,999,0,nonexistent,1.4,93.918,-42.7,4.961,5228.1
14684,50,technician,single,university.degree,no,yes,no,cellular,jul,tue,7,999,0,nonexistent,1.4,93.918,-42.7,4.961,5228.1
14694,58,retired,married,basic.4y,unknown,no,no,cellular,jul,tue,3,999,0,nonexistent,1.4,93.918,-42.7,4.961,5228.1
14696,34,management,married,high.school,no,yes,no,cellular,jul,tue,3,999,0,nonexistent,1.4,93.918,-42.7,4.961,5228.1
14697,55,retired,married,basic.4y,unknown,no,yes,cellular,jul,tue,4,999,0,nonexistent,1.4,93.918,-42.7,4.961,5228.1
14712,57,blue-collar,divorced,basic.6y,unknown,no,no,cellular,jul,tue,6,999,0,nonexistent,1.4,93.918,-42.7,4.961,5228.1
14715,50,blue-collar,married,basic.4y,unknown,no,yes,cellular,jul,tue,2,999,0,nonexistent,1.4,93.918,-42.7,4.961,5228.1
14719,36,blue-collar,married,basic.4y,unknown,yes,no,cellular,jul,tue,8,999,0,nonexistent,1.4,93.918,-42.7,4.961,5228.1
14726,37,entrepreneur,divorced,high.school,unknown,yes,no,cellular,jul,wed,4,999,0,nonexistent,1.4,93.918,-42.7,4.957,5228.1
14729,56,admin.,married,high.school,unknown,yes,no,cellular,jul,wed,2,999,0,nonexistent,1.4,93.918,-42.7,4.957,5228.1
14731,58,management,divorced,university.degree,no,yes,no,telephone,jul,wed,5,999,0,nonexistent,1.4,93.918,-42.7,4.957,5228.1
14756,24,blue-collar,married,basic.9y,unknown,no,no,cellular,jul,wed,1,999,0,nonexistent,1.4,93.918,-42.7,4.957,5228.1
14757,34,admin.,single,university.degree,no,yes,no,cellular,jul,wed,1,999,0,nonexistent,1.4,93.918,-42.7,4.957,5228.1
14762,28,blue-collar,single,basic.6y,unknown,yes,no,cellular,jul,wed,1,999,0,nonexistent,1.4,93.918,-42.7,4.957,5228.1
14783,39,technician,married,unknown,no,yes,no,cellular,jul,wed,1,999,0,nonexistent,1.4,93.918,-42.7,4.957,5228.1
14786,29,technician,divorced,high.school,no,no,no,cellular,jul,wed,1,999,0,nonexistent,1.4,93.918,-42.7,4.957,5228.1
14792,55,management,married,basic.9y,no,yes,no,cellular,jul,wed,1,999,0,nonexistent,1.4,93.918,-42.7,4.957,5228.1
14796,27,blue-collar,married,basic.9y,no,no,no,cellular,jul,wed,1,999,0,nonexistent,1.4,93.918,-42.7,4.957,5228.1
14797,45,management,married,high.school,unknown,no,no,cellular,jul,wed,3,999,0,nonexistent,1.4,93.918,-42.7,4.957,5228.1
14800,56,admin.,married,high.school,unknown,no,no,cellular,jul,wed,4,999,0,nonexistent,1.4,93.918,-42.7,4.957,5228.1
14816,23,blue-collar,single,high.school,no,no,no,cellular,jul,wed,1,999,0,nonexistent,1.4,93.918,-42.7,4.957,5228.1
14850,50,retired,married,basic.4y,no,no,no,cellular,jul,wed,1,999,0,nonexistent,1.4,93.918,-42.7,4.957,5228.1
14856,52,admin.,married,high.school,no,yes,no,cellular,jul,wed,2,999,0,nonexistent,1.4,93.918,-42.7,4.957,5228.1
14864,31,technician,married,professional.course,no,yes,no,cellular,jul,wed,2,999,0,nonexistent,1.4,93.918,-42.7,4.957,5228.1
14866,21,admin.,single,high.school,no,yes,no,cellular,jul,wed,1,999,0,nonexistent,1.4,93.918,-42.7,4.957,5228.1
14884,30,blue-collar,married,basic.9y,no,yes,no,cellular,jul,wed,2,999,0,nonexistent,1.4,93.918,-42.7,4.957,5228.1
14888,52,admin.,married,high.school,no,no,no,cellular,jul,wed,7,999,0,nonexistent,1.4,93.918,-42.7,4.957,5228.1
14892,41,blue-collar,married,unknown,unknown,no,no,cellular,jul,wed,4,999,0,nonexistent,1.4,93.918,-42.7,4.957,5228.1
14915,34,blue-collar,single,basic.6y,no,unknown,unknown,cellular,jul,wed,3,999,0,nonexistent,1.4,93.918,-42.7,4.957,5228.1
14921,35,blue-collar,single,high.school,unknown,yes,no,cellular,jul,wed,5,999,0,nonexistent,1.4,93.918,-42.7,4.957,5228.1
14924,36,management,single,university.degree,no,no,no,cellular,jul,wed,7,999,0,nonexistent,1.4,93.918,-42.7,4.957,5228.1
14934,36,management,single,university.degree,no,yes,no,cellular,jul,wed,5,999,0,nonexistent,1.4,93.918,-42.7,4.957,5228.1
14943,43,technician,single,professional.course,unknown,yes,no,telephone,jul,wed,7,999,0,nonexistent,1.4,93.918,-42.7,4.957,5228.1
14945,34,admin.,married,university.degree,no,no,no,cellular,jul,wed,2,999,0,nonexistent,1.4,93.918,-42.7,4.957,5228.1
14949,43,technician,married,high.school,no,no,no,cellular,jul,wed,7,999,0,nonexistent,1.4,93.918,-42.7,4.957,5228.1
14953,26,admin.,single,university.degree,no,no,no,cellular,jul,wed,1,999,0,nonexistent,1.4,93.918,-42.7,4.957,5228.1
14956,37,technician,married,high.school,no,yes,no,cellular,jul,wed,3,999,0,nonexistent,1.4,93.918,-42.7,4.957,5228.1
14985,36,blue-collar,married,basic.9y,unknown,yes,no,cellular,jul,thu,3,999,0,nonexistent,1.4,93.918,-42.7,4.958,5228.1
15049,31,student,single,university.degree,no,no,no,cellular,jul,thu,1,999,0,nonexistent,1.4,93.918,-42.7,4.958,5228.1
15061,43,technician,single,university.degree,no,yes,no,cellular,jul,thu,1,999,0,nonexistent,1.4,93.918,-42.7,4.958,5228.1
15065,49,self-employed,married,basic.9y,unknown,yes,no,cellular,jul,thu,1,999,0,nonexistent,1.4,93.918,-42.7,4.958,5228.1
15079,41,entrepreneur,married,professional.course,no,yes,no,cellular,jul,thu,1,999,0,nonexistent,1.4,93.918,-42.7,4.958,5228.1
15092,50,blue-collar,married,unknown,unknown,yes,no,cellular,jul,thu,1,999,0,nonexistent,1.4,93.918,-42.7,4.958,5228.1
15104,29,admin.,single,university.degree,no,yes,no,telephone,jul,thu,3,999,0,nonexistent,1.4,93.918,-42.7,4.958,5228.1
15131,58,retired,married,high.school,no,no,no,cellular,jul,thu,1,999,0,nonexistent,1.4,93.918,-42.7,4.958,5228.1
15136,24,admin.,single,high.school,unknown,yes,no,cellular,jul,thu,1,999,0,nonexistent,1.4,93.918,-42.7,4.958,5228.1
15137,35,self-employed,married,university.degree,no,no,no,cellular,jul,thu,3,999,0,nonexistent,1.4,93.918,-42.7,4.958,5228.1
15149,32,admin.,single,university.degree,no,yes,no,cellular,jul,thu,1,999,0,nonexistent,1.4,93.918,-42.7,4.958,5228.1
15155,25,technician,single,professional.course,no,yes,no,cellular,jul,thu,5,999,0,nonexistent,1.4,93.918,-42.7,4.958,5228.1
15159,50,entrepreneur,married,basic.4y,unknown,no,no,cellular,jul,thu,1,999,0,nonexistent,1.4,93.918,-42.7,4.958,5228.1
15171,30,blue-collar,married,basic.9y,unknown,yes,no,cellular,jul,thu,11,999,0,nonexistent,1.4,93.918,-42.7,4.958,5228.1
15195,29,admin.,single,university.degree,no,no,yes,cellular,jul,thu,2,999,0,nonexistent,1.4,93.918,-42.7,4.958,5228.1
15199,40,housemaid,divorced,high.school,unknown,no,yes,telephone,jul,thu,2,999,0,nonexistent,1.4,93.918,-42.7,4.958,5228.1
15200,28,admin.,single,basic.9y,unknown,no,no,telephone,jul,thu,8,999,0,nonexistent,1.4,93.918,-42.7,4.958,5228.1
15204,31,services,single,high.school,no,no,no,cellular,jul,thu,2,999,0,nonexistent,1.4,93.918,-42.7,4.958,5228.1
15251,59,retired,single,high.school,no,no,no,cellular,jul,thu,2,999,0,nonexistent,1.4,93.918,-42.7,4.958,5228.1
15253,33,admin.,married,university.degree,no,no,no,cellular,jul,thu,1,999,0,nonexistent,1.4,93.918,-42.7,4.958,5228.1
15258,42,entrepreneur,married,basic.4y,unknown,yes,no,cellular,jul,thu,2,999,0,nonexistent,1.4,93.918,-42.7,4.958,5228.1
15261,27,admin.,single,university.degree,no,yes,no,cellular,jul,thu,4,999,0,nonexistent,1.4,93.918,-42.7,4.958,5228.1
15283,35,unemployed,divorced,basic.9y,no,no,no,cellular,jul,thu,7,999,0,nonexistent,1.4,93.918,-42.7,4.958,5228.1
15285,46,admin.,single,university.degree,unknown,yes,no,cellular,jul,thu,1,999,0,nonexistent,1.4,93.918,-42.7,4.958,5228.1
15288,29,blue-collar,single,professional.course,no,no,no,cellular,jul,thu,8,999,0,nonexistent,1.4,93.918,-42.7,4.958,5228.1
15298,27,blue-collar,divorced,unknown,no,no,no,cellular,jul,thu,2,999,0,nonexistent,1.4,93.918,-42.7,4.958,5228.1
15300,52,housemaid,single,university.degree,no,no,no,cellular,jul,thu,3,999,0,nonexistent,1.4,93.918,-42.7,4.958,5228.1
15315,22,blue-collar,single,basic.6y,no,no,no,cellular,jul,fri,4,999,0,nonexistent,1.4,93.918,-42.7,4.957,5228.1
15324,35,technician,single,university.degree,no,no,no,telephone,jul,fri,9,999,0,nonexistent,1.4,93.918,-42.7,4.957,5228.1
15325,46,admin.,single,university.degree,no,no,no,cellular,jul,fri,10,999,0,nonexistent,1.4,93.918,-42.7,4.957,5228.1
15333,53,services,divorced,basic.9y,no,no,no,cellular,jul,fri,3,999,0,nonexistent,1.4,93.918,-42.7,4.957,5228.1
15341,40,services,divorced,basic.9y,no,yes,no,cellular,jul,fri,2,999,0,nonexistent,1.4,93.918,-42.7,4.957,5228.1
15343,28,technician,married,basic.9y,no,yes,no,cellular,jul,fri,2,999,0,nonexistent,1.4,93.918,-42.7,4.957,5228.1
15365,29,management,single,basic.9y,no,yes,no,cellular,jul,fri,1,999,0,nonexistent,1.4,93.918,-42.7,4.957,5228.1
15367,56,admin.,married,university.degree,no,yes,yes,cellular,jul,fri,1,999,0,nonexistent,1.4,93.918,-42.7,4.957,5228.1
15375,37,entrepreneur,single,professional.course,no,no,no,cellular,jul,fri,5,999,0,nonexistent,1.4,93.918,-42.7,4.957,5228.1
15380,43,blue-collar,married,basic.9y,no,no,no,cellular,jul,fri,1,999,0,nonexistent,1.4,93.918,-42.7,4.957,5228.1
15389,33,admin.,single,high.school,no,no,no,cellular,jul,fri,1,999,0,nonexistent,1.4,93.918,-42.7,4.957,5228.1
15397,25,services,married,high.school,no,yes,no,cellular,jul,fri,1,999,0,nonexistent,1.4,93.918,-42.7,4.957,5228.1
15398,45,blue-collar,divorced,basic.4y,unknown,yes,no,cellular,jul,fri,1,999,0,nonexistent,1.4,93.918,-42.7,4.957,5228.1
15408,37,blue-collar,divorced,basic.9y,no,yes,no,cellular,jul,fri,1,999,0,nonexistent,1.4,93.918,-42.7,4.957,5228.1
15414,56,admin.,married,university.degree,no,unknown,unknown,cellular,jul,fri,1,999,0,nonexistent,1.4,93.918,-42.7,4.957,5228.1
15423,26,services,single,high.school,unknown,yes,yes,telephone,jul,fri,3,999,0,nonexistent,1.4,93.918,-42.7,4.957,5228.1
15424,26,admin.,single,university.degree,no,yes,no,cellular,jul,fri,2,999,0,nonexistent,1.4,93.918,-42.7,4.957,5228.1
15440,33,admin.,married,high.school,no,yes,no,cellular,jul,fri,1,999,0,nonexistent,1.4,93.918,-42.7,4.957,5228.1
15453,45,housemaid,divorced,basic.4y,unknown,no,no,cellular,jul,fri,1,999,0,nonexistent,1.4,93.918,-42.7,4.957,5228.1
15465,51,services,married,basic.4y,no,yes,no,cellular,jul,fri,1,999,0,nonexistent,1.4,93.918,-42.7,4.957,5228.1
15473,26,admin.,single,high.school,no,no,no,cellular,jul,fri,3,999,0,nonexistent,1.4,93.918,-42.7,4.957,5228.1
15479,24,blue-collar,single,basic.9y,no,yes,no,cellular,jul,fri,5,999,0,nonexistent,1.4,93.918,-42.7,4.957,5228.1
15485,31,technician,divorced,high.school,no,no,no,cellular,jul,fri,7,999,0,nonexistent,1.4,93.918,-42.7,4.957,5228.1
15487,25,admin.,single,university.degree,no,no,no,cellular,jul,fri,1,999,0,nonexistent,1.4,93.918,-42.7,4.957,5228.1
15491,42,admin.,married,university.degree,no,yes,no,cellular,jul,fri,2,999,0,nonexistent,1.4,93.918,-42.7,4.957,5228.1
15501,39,blue-collar,married,basic.9y,no,yes,no,cellular,jul,fri,3,999,0,nonexistent,1.4,93.918,-42.7,4.957,5228.1
15502,38,entrepreneur,married,basic.9y,no,yes,no,cellular,jul,fri,3,999,0,nonexistent,1.4,93.918,-42.7,4.957,5228.1
15520,41,admin.,single,university.degree,no,yes,no,cellular,jul,fri,9,999,0,nonexistent,1.4,93.918,-42.7,4.957,5228.1
15536,56,admin.,married,university.degree,no,no,no,cellular,jul,fri,5,999,0,nonexistent,1.4,93.918,-42.7,4.957,5228.1
15552,29,services,single,high.school,no,no,no,cellular,jul,fri,2,999,0,nonexistent,1.4,93.918,-42.7,4.957,5228.1
15559,43,blue-collar,married,basic.9y,no,no,no,cellular,jul,fri,3,999,0,nonexistent,1.4,93.918,-42.7,4.957,5228.1
15607,30,technician,single,university.degree,no,yes,no,cellular,jul,mon,2,999,0,nonexistent,1.4,93.918,-42.7,4.96,5228.1
15608,54,blue-collar,married,basic.9y,no,yes,no,cellular,jul,mon,2,999,0,nonexistent,1.4,93.918,-42.7,4.96,5228.1
15631,43,blue-collar,married,basic.9y,unknown,yes,no,cellular,jul,mon,3,999,0,nonexistent,1.4,93.918,-42.7,4.96,5228.1
15642,24,admin.,single,professional.course,no,yes,no,cellular,jul,mon,1,999,0,nonexistent,1.4,93.918,-42.7,4.96,5228.1
15650,32,admin.,single,high.school,unknown,no,yes,cellular,jul,mon,4,999,0,nonexistent,1.4,93.918,-42.7,4.96,5228.1
15665,27,self-employed,single,professional.course,no,no,no,cellular,jul,mon,2,999,0,nonexistent,1.4,93.918,-42.7,4.96,5228.1
15673,49,management,married,university.degree,no,yes,no,cellular,jul,mon,1,999,0,nonexistent,1.4,93.918,-42.7,4.96,5228.1
15674,30,technician,single,university.degree,no,yes,yes,cellular,jul,mon,4,999,0,nonexistent,1.4,93.918,-42.7,4.96,5228.1
15690,37,blue-collar,single,basic.6y,unknown,no,no,telephone,jul,mon,1,999,0,nonexistent,1.4,93.918,-42.7,4.96,5228.1
15691,36,services,divorced,high.school,no,yes,no,cellular,jul,mon,1,999,0,nonexistent,1.4,93.918,-42.7,4.96,5228.1
15705,35,entrepreneur,single,university.degree,no,no,no,cellular,jul,mon,3,999,0,nonexistent,1.4,93.918,-42.7,4.96,5228.1
15714,46,blue-collar,single,basic.6y,unknown,yes,no,cellular,jul,mon,1,999,0,nonexistent,1.4,93.918,-42.7,4.96,5228.1
15720,38,blue-collar,single,basic.9y,no,no,yes,cellular,jul,mon,8,999,0,nonexistent,1.4,93.918,-42.7,4.96,5228.1
15731,48,entrepreneur,married,basic.9y,no,no,no,cellular,jul,mon,1,999,0,nonexistent,1.4,93.918,-42.7,4.96,5228.1
15736,39,services,married,high.school,no,yes,no,telephone,jul,mon,1,999,0,nonexistent,1.4,93.918,-42.7,4.96,5228.1
15739,32,admin.,married,high.school,no,yes,no,telephone,jul,mon,1,999,0,nonexistent,1.4,93.918,-42.7,4.96,5228.1
15743,29,services,married,high.school,unknown,no,yes,cellular,jul,mon,1,999,0,nonexistent,1.4,93.918,-42.7,4.96,5228.1
15744,44,admin.,single,basic.9y,no,no,no,cellular,jul,mon,11,999,0,nonexistent,1.4,93.918,-42.7,4.96,5228.1
15748,27,blue-collar,single,high.school,no,yes,no,cellular,jul,mon,1,999,0,nonexistent,1.4,93.918,-42.7,4.96,5228.1
15749,32,admin.,divorced,basic.9y,no,no,no,cellular,jul,mon,1,999,0,nonexistent,1.4,93.918,-42.7,4.96,5228.1
15756,30,admin.,single,high.school,no,no,yes,cellular,jul,mon,3,999,0,nonexistent,1.4,93.918,-42.7,4.96,5228.1
15765,44,admin.,married,high.school,no,no,no,cellular,jul,mon,1,999,0,nonexistent,1.4,93.918,-42.7,4.96,5228.1
15767,47,technician,married,professional.course,no,no,no,cellular,jul,mon,1,999,0,nonexistent,1.4,93.918,-42.7,4.96,5228.1
15779,27,blue-collar,single,basic.9y,no,yes,yes,cellular,jul,mon,3,999,0,nonexistent,1.4,93.918,-42.7,4.96,5228.1
15791,43,blue-collar,married,high.school,unknown,yes,no,cellular,jul,mon,1,999,0,nonexistent,1.4,93.918,-42.7,4.96,5228.1
15811,32,services,married,basic.4y,unknown,no,no,cellular,jul,mon,4,999,0,nonexistent,1.4,93.918,-42.7,4.96,5228.1
15812,22,blue-collar,single,unknown,unknown,no,no,cellular,jul,mon,3,999,0,nonexistent,1.4,93.918,-42.7,4.96,5228.1
15859,25,blue-collar,married,basic.9y,no,no,no,cellular,jul,mon,3,999,0,nonexistent,1.4,93.918,-42.7,4.96,5228.1
15872,58,management,married,university.degree,no,yes,no,cellular,jul,mon,1,999,0,nonexistent,1.4,93.918,-42.7,4.96,5228.1
15905,47,blue-collar,married,basic.6y,no,no,yes,cellular,jul,mon,1,999,0,nonexistent,1.4,93.918,-42.7,4.96,5228.1
15910,58,admin.,divorced,university.degree,no,yes,no,cellular,jul,mon,5,999,0,nonexistent,1.4,93.918,-42.7,4.96,5228.1
15922,48,services,divorced,high.school,no,yes,no,cellular,jul,mon,2,999,0,nonexistent,1.4,93.918,-42.7,4.96,5228.1
15926,30,blue-collar,single,basic.9y,no,no,yes,cellular,jul,mon,11,999,0,nonexistent,1.4,93.918,-42.7,4.96,5228.1
15928,32,admin.,married,high.school,no,yes,no,cellular,jul,mon,2,999,0,nonexistent,1.4,93.918,-42.7,4.96,5228.1
15931,39,admin.,married,university.degree,no,yes,no,cellular,jul,mon,15,999,0,nonexistent,1.4,93.918,-42.7,4.96,5228.1
15932,33,blue-collar,married,unknown,no,no,no,cellular,jul,mon,4,999,0,nonexistent,1.4,93.918,-42.7,4.96,5228.1
15955,46,housemaid,married,basic.4y,unknown,yes,no,cellular,jul,mon,20,999,0,nonexistent,1.4,93.918,-42.7,4.96,5228.1
15966,30,admin.,single,high.school,no,no,no,telephone,jul,mon,3,999,0,nonexistent,1.4,93.918,-42.7,4.96,5228.1
15969,55,technician,married,professional.course,unknown,no,no,cellular,jul,mon,4,999,0,nonexistent,1.4,93.918,-42.7,4.96,5228.1
15978,29,retired,single,basic.4y,unknown,no,no,cellular,jul,mon,7,999,0,nonexistent,1.4,93.918,-42.7,4.96,5228.1
15982,45,blue-collar,married,basic.4y,unknown,yes,no,cellular,jul,mon,3,999,0,nonexistent,1.4,93.918,-42.7,4.96,5228.1
15988,41,admin.,divorced,high.school,no,no,no,cellular,jul,tue,3,999,0,nonexistent,1.4,93.918,-42.7,4.961,5228.1
15992,53,retired,divorced,basic.4y,unknown,no,yes,cellular,jul,tue,3,999,0,nonexistent,1.4,93.918,-42.7,4.961,5228.1
15995,37,admin.,single,high.school,unknown,no,no,cellular,jul,tue,6,999,0,nonexistent,1.4,93.918,-42.7,4.961,5228.1
16007,28,technician,married,professional.course,no,no,no,cellular,jul,tue,3,999,0,nonexistent,1.4,93.918,-42.7,4.961,5228.1
16008,38,services,single,high.school,unknown,yes,no,cellular,jul,tue,3,999,0,nonexistent,1.4,93.918,-42.7,4.961,5228.1
16026,41,services,divorced,high.school,no,yes,no,cellular,jul,tue,5,999,0,nonexistent,1.4,93.918,-42.7,4.961,5228.1
16027,24,blue-collar,married,professional.course,no,no,no,cellular,jul,tue,8,999,0,nonexistent,1.4,93.918,-42.7,4.961,5228.1
16040,36,admin.,single,high.school,no,no,no,cellular,jul,tue,1,999,0,nonexistent,1.4,93.918,-42.7,4.961,5228.1
16043,36,admin.,single,high.school,no,no,no,cellular,jul,tue,1,999,0,nonexistent,1.4,93.918,-42.7,4.961,5228.1
16063,30,blue-collar,divorced,basic.9y,no,yes,no,cellular,jul,tue,2,999,0,nonexistent,1.4,93.918,-42.7,4.961,5228.1
16064,44,blue-collar,married,professional.course,unknown,no,no,cellular,jul,tue,4,999,0,nonexistent,1.4,93.918,-42.7,4.961,5228.1
16068,40,admin.,married,high.school,no,no,no,cellular,jul,tue,1,999,0,nonexistent,1.4,93.918,-42.7,4.961,5228.1
16070,32,technician,single,unknown,no,yes,no,cellular,jul,tue,3,999,0,nonexistent,1.4,93.918,-42.7,4.961,5228.1
16077,37,admin.,married,university.degree,no,yes,no,cellular,jul,tue,3,999,0,nonexistent,1.4,93.918,-42.7,4.961,5228.1
16126,32,blue-collar,married,basic.4y,no,no,yes,telephone,jul,tue,1,999,0,nonexistent,1.4,93.918,-42.7,4.961,5228.1
16130,39,technician,married,professional.course,no,no,yes,cellular,jul,tue,1,999,0,nonexistent,1.4,93.918,-42.7,4.961,5228.1
16155,26,blue-collar,single,basic.6y,unknown,yes,no,cellular,jul,tue,2,999,0,nonexistent,1.4,93.918,-42.7,4.961,5228.1
16160,40,blue-collar,married,basic.9y,no,yes,no,cellular,jul,tue,1,999,0,nonexistent,1.4,93.918,-42.7,4.961,5228.1
16163,55,entrepreneur,divorced,unknown,no,no,no,cellular,jul,tue,9,999,0,nonexistent,1.4,93.918,-42.7,4.961,5228.1
16176,37,admin.,married,university.degree,no,yes,no,telephone,jul,tue,3,999,0,nonexistent,1.4,93.918,-42.7,4.961,5228.1
16180,36,admin.,single,unknown,no,no,no,cellular,jul,tue,1,999,0,nonexistent,1.4,93.918,-42.7,4.961,5228.1
16196,48,blue-collar,married,basic.4y,no,yes,no,telephone,jul,tue,1,999,0,nonexistent,1.4,93.918,-42.7,4.961,5228.1
16198,31,self-employed,single,high.school,no,no,no,cellular,jul,tue,3,999,0,nonexistent,1.4,93.918,-42.7,4.961,5228.1
16201,28,technician,single,high.school,no,yes,no,cellular,jul,tue,2,999,0,nonexistent,1.4,93.918,-42.7,4.961,5228.1
16209,44,technician,married,high.school,no,yes,no,telephone,jul,tue,1,999,0,nonexistent,1.4,93.918,-42.7,4.961,5228.1
16212,35,admin.,married,professional.course,no,no,no,cellular,jul,tue,1,999,0,nonexistent,1.4,93.918,-42.7,4.961,5228.1
16216,35,blue-collar,divorced,basic.4y,no,no,yes,cellular,jul,tue,4,999,0,nonexistent,1.4,93.918,-42.7,4.961,5228.1
16217,31,admin.,single,university.degree,no,yes,no,cellular,jul,tue,3,999,0,nonexistent,1.4,93.918,-42.7,4.961,5228.1
16227,27,admin.,single,university.degree,unknown,yes,no,cellular,jul,tue,1,999,0,nonexistent,1.4,93.918,-42.7,4.961,5228.1
16233,42,entrepreneur,married,university.degree,no,yes,no,cellular,jul,tue,2,999,0,nonexistent,1.4,93.918,-42.7,4.961,5228.1
16243,49,services,divorced,high.school,unknown,yes,no,cellular,jul,tue,9,999,0,nonexistent,1.4,93.918,-42.7,4.961,5228.1
16253,23,blue-collar,single,basic.9y,no,yes,no,cellular,jul,tue,1,999,0,nonexistent,1.4,93.918,-42.7,4.961,5228.1
16263,30,admin.,single,high.school,no,yes,no,telephone,jul,tue,21,999,0,nonexistent,1.4,93.918,-42.7,4.961,5228.1
16266,24,blue-collar,married,professional.course,no,no,no,cellular,jul,tue,10,999,0,nonexistent,1.4,93.918,-42.7,4.961,5228.1
16274,33,services,single,high.school,unknown,yes,no,cellular,jul,tue,2,999,0,nonexistent,1.4,93.918,-42.7,4.961,5228.1
16280,27,blue-collar,single,unknown,no,unknown,unknown,cellular,jul,tue,4,999,0,nonexistent,1.4,93.918,-42.7,4.961,5228.1
16297,29,blue-collar,single,basic.9y,unknown,yes,no,cellular,jul,tue,5,999,0,nonexistent,1.4,93.918,-42.7,4.961,5228.1
16314,38,blue-collar,married,basic.6y,no,no,no,cellular,jul,tue,8,999,0,nonexistent,1.4,93.918,-42.7,4.961,5228.1
16325,53,admin.,married,university.degree,unknown,yes,no,cellular,jul,tue,3,999,0,nonexistent,1.4,93.918,-42.7,4.961,5228.1
16329,51,blue-collar,married,basic.4y,no,yes,no,cellular,jul,tue,3,999,0,nonexistent,1.4,93.918,-42.7,4.961,5228.1
16333,20,student,single,high.school,no,yes,yes,cellular,jul,tue,4,999,0,nonexistent,1.4,93.918,-42.7,4.961,5228.1
16336,35,housemaid,married,basic.4y,no,yes,no,cellular,jul,tue,1,999,0,nonexistent,1.4,93.918,-42.7,4.961,5228.1
16363,30,blue-collar,married,unknown,no,no,no,cellular,jul,wed,4,999,0,nonexistent,1.4,93.918,-42.7,4.963,5228.1
16385,59,blue-collar,married,basic.9y,unknown,yes,no,cellular,jul,wed,1,999,0,nonexistent,1.4,93.918,-42.7,4.963,5228.1
16392,31,admin.,single,high.school,no,yes,no,cellular,jul,wed,1,999,0,nonexistent,1.4,93.918,-42.7,4.963,5228.1
16413,33,admin.,single,university.degree,no,yes,no,telephone,jul,wed,1,999,0,nonexistent,1.4,93.918,-42.7,4.963,5228.1
16414,30,services,single,high.school,no,no,yes,cellular,jul,wed,1,999,0,nonexistent,1.4,93.918,-42.7,4.963,5228.1
16436,36,blue-collar,married,high.school,no,yes,no,cellular,jul,wed,11,999,0,nonexistent,1.4,93.918,-42.7,4.963,5228.1
16437,32,technician,single,high.school,no,yes,no,cellular,jul,wed,1,999,0,nonexistent,1.4,93.918,-42.7,4.963,5228.1
16438,39,admin.,married,basic.6y,unknown,no,no,cellular,jul,wed,1,999,0,nonexistent,1.4,93.918,-42.7,4.963,5228.1
16453,32,services,single,high.school,no,yes,no,telephone,jul,wed,2,999,0,nonexistent,1.4,93.918,-42.7,4.963,5228.1
16456,44,management,married,university.degree,no,yes,yes,telephone,jul,wed,1,999,0,nonexistent,1.4,93.918,-42.7,4.963,5228.1
16458,39,services,married,unknown,unknown,yes,no,cellular,jul,wed,1,999,0,nonexistent,1.4,93.918,-42.7,4.963,5228.1
16460,31,blue-collar,divorced,basic.9y,unknown,yes,no,cellular,jul,wed,1,999,0,nonexistent,1.4,93.918,-42.7,4.963,5228.1
16476,48,unknown,married,basic.6y,no,no,no,cellular,jul,wed,1,999,0,nonexistent,1.4,93.918,-42.7,4.963,5228.1
16499,36,blue-collar,single,basic.6y,no,yes,no,cellular,jul,wed,1,999,0,nonexistent,1.4,93.918,-42.7,4.963,5228.1
16508,22,blue-collar,single,high.school,no,yes,no,cellular,jul,wed,2,999,0,nonexistent,1.4,93.918,-42.7,4.963,5228.1
16528,30,admin.,married,university.degree,no,yes,no,telephone,jul,wed,8,999,0,nonexistent,1.4,93.918,-42.7,4.963,5228.1
16541,33,blue-collar,married,basic.4y,no,yes,no,cellular,jul,wed,2,999,0,nonexistent,1.4,93.918,-42.7,4.963,5228.1
16543,28,admin.,married,university.degree,no,no,no,cellular,jul,wed,2,999,0,nonexistent,1.4,93.918,-42.7,4.963,5228.1
16555,50,housemaid,married,unknown,no,yes,no,cellular,jul,wed,2,999,0,nonexistent,1.4,93.918,-42.7,4.963,5228.1
16577,31,blue-collar,married,basic.9y,no,no,no,cellular,jul,wed,1,999,0,nonexistent,1.4,93.918,-42.7,4.963,5228.1
16578,51,blue-collar,married,basic.4y,no,no,yes,telephone,jul,wed,6,999,0,nonexistent,1.4,93.918,-42.7,4.963,5228.1
16627,30,blue-collar,married,basic.6y,no,yes,no,cellular,jul,wed,10,999,0,nonexistent,1.4,93.918,-42.7,4.963,5228.1
16631,53,admin.,married,university.degree,unknown,no,yes,cellular,jul,wed,3,999,0,nonexistent,1.4,93.918,-42.7,4.963,5228.1
16647,38,blue-collar,married,basic.6y,no,no,no,cellular,jul,wed,3,999,0,nonexistent,1.4,93.918,-42.7,4.963,5228.1
16651,42,unknown,married,university.degree,no,no,yes,cellular,jul,wed,1,999,0,nonexistent,1.4,93.918,-42.7,4.963,5228.1
16674,50,management,married,university.degree,no,yes,no,cellular,jul,wed,2,999,0,nonexistent,1.4,93.918,-42.7,4.963,5228.1
16678,22,admin.,single,high.school,no,yes,no,telephone,jul,wed,5,999,0,nonexistent,1.4,93.918,-42.7,4.963,5228.1
16686,27,blue-collar,single,basic.9y,unknown,yes,no,cellular,jul,wed,4,999,0,nonexistent,1.4,93.918,-42.7,4.963,5228.1
16698,38,entrepreneur,married,university.degree,no,yes,no,telephone,jul,wed,4,999,0,nonexistent,1.4,93.918,-42.7,4.963,5228.1
16718,27,blue-collar,single,basic.9y,unknown,yes,yes,cellular,jul,wed,4,999,0,nonexistent,1.4,93.918,-42.7,4.963,5228.1
16720,32,technician,married,professional.course,no,no,no,cellular,jul,wed,2,999,0,nonexistent,1.4,93.918,-42.7,4.963,5228.1
16727,26,blue-collar,married,basic.6y,no,no,no,cellular,jul,wed,5,999,0,nonexistent,1.4,93.918,-42.7,4.963,5228.1
16737,52,services,married,high.school,unknown,yes,no,cellular,jul,thu,2,999,0,nonexistent,1.4,93.918,-42.7,4.962,5228.1
16742,58,blue-collar,married,basic.4y,no,yes,no,telephone,jul,thu,6,999,0,nonexistent,1.4,93.918,-42.7,4.962,5228.1
16777,41,technician,single,university.degree,no,yes,yes,cellular,jul,thu,1,999,0,nonexistent,1.4,93.918,-42.7,4.962,5228.1
16780,27,blue-collar,single,basic.6y,no,no,no,cellular,jul,thu,1,999,0,nonexistent,1.4,93.918,-42.7,4.962,5228.1
16781,41,entrepreneur,single,high.school,no,yes,no,telephone,jul,thu,1,999,0,nonexistent,1.4,93.918,-42.7,4.962,5228.1
16785,43,housemaid,divorced,basic.6y,unknown,yes,yes,cellular,jul,thu,2,999,0,nonexistent,1.4,93.918,-42.7,4.962,5228.1
16787,41,technician,single,university.degree,no,no,no,cellular,jul,thu,3,999,0,nonexistent,1.4,93.918,-42.7,4.962,5228.1
16797,41,entrepreneur,single,high.school,no,yes,no,cellular,jul,thu,1,999,0,nonexistent,1.4,93.918,-42.7,4.962,5228.1
16798,31,blue-collar,married,basic.4y,no,yes,no,cellular,jul,thu,1,999,0,nonexistent,1.4,93.918,-42.7,4.962,5228.1
16802,54,technician,married,professional.course,unknown,no,yes,cellular,jul,thu,1,999,0,nonexistent,1.4,93.918,-42.7,4.962,5228.1
16825,53,technician,married,basic.9y,no,yes,no,cellular,jul,thu,1,999,0,nonexistent,1.4,93.918,-42.7,4.962,5228.1
16842,53,blue-collar,married,unknown,unknown,unknown,unknown,telephone,jul,thu,1,999,0,nonexistent,1.4,93.918,-42.7,4.962,5228.1
16858,43,blue-collar,single,basic.9y,no,no,no,cellular,jul,thu,2,999,0,nonexistent,1.4,93.918,-42.7,4.962,5228.1
16882,37,blue-collar,single,basic.9y,no,no,no,cellular,jul,thu,1,999,0,nonexistent,1.4,93.918,-42.7,4.962,5228.1
16897,50,unemployed,married,professional.course,unknown,yes,yes,cellular,jul,thu,1,999,0,nonexistent,1.4,93.918,-42.7,4.962,5228.1
16899,53,management,married,unknown,unknown,yes,no,cellular,jul,thu,1,999,0,nonexistent,1.4,93.918,-42.7,4.962,5228.1
16902,55,blue-collar,married,basic.6y,unknown,no,no,cellular,jul,thu,1,999,0,nonexistent,1.4,93.918,-42.7,4.962,5228.1
16909,48,blue-collar,married,basic.4y,unknown,no,no,cellular,jul,thu,2,999,0,nonexistent,1.4,93.918,-42.7,4.962,5228.1
16920,29,admin.,single,university.degree,no,yes,no,telephone,jul,thu,12,999,0,nonexistent,1.4,93.918,-42.7,4.962,5228.1
16925,50,management,married,university.degree,unknown,no,no,cellular,jul,thu,1,999,0,nonexistent,1.4,93.918,-42.7,4.962,5228.1
16932,54,retired,married,basic.9y,no,yes,no,cellular,jul,thu,1,999,0,nonexistent,1.4,93.918,-42.7,4.962,5228.1
16936,36,management,married,university.degree,no,yes,yes,cellular,jul,thu,2,999,0,nonexistent,1.4,93.918,-42.7,4.962,5228.1
16940,29,technician,single,professional.course,no,no,no,telephone,jul,thu,4,999,0,nonexistent,1.4,93.918,-42.7,4.962,5228.1
16941,36,blue-collar,married,basic.6y,unknown,no,yes,cellular,jul,thu,2,999,0,nonexistent,1.4,93.918,-42.7,4.962,5228.1
16950,53,technician,married,unknown,unknown,yes,no,cellular,jul,thu,5,999,0,nonexistent,1.4,93.918,-42.7,4.962,5228.1
16953,25,blue-collar,single,basic.9y,no,yes,no,cellular,jul,thu,3,999,0,nonexistent,1.4,93.918,-42.7,4.962,5228.1
16963,33,technician,single,basic.9y,no,no,no,cellular,jul,thu,2,999,0,nonexistent,1.4,93.918,-42.7,4.962,5228.1
16973,51,admin.,married,university.degree,unknown,yes,no,cellular,jul,thu,11,999,0,nonexistent,1.4,93.918,-42.7,4.962,5228.1
16984,43,entrepreneur,married,high.school,no,yes,no,cellular,jul,thu,1,999,0,nonexistent,1.4,93.918,-42.7,4.962,5228.1
16990,22,blue-collar,married,basic.9y,no,yes,no,cellular,jul,thu,1,999,0,nonexistent,1.4,93.918,-42.7,4.962,5228.1
17032,57,technician,married,professional.course,unknown,no,yes,cellular,jul,thu,2,999,0,nonexistent,1.4,93.918,-42.7,4.962,5228.1
17037,57,blue-collar,married,basic.4y,unknown,no,no,cellular,jul,fri,3,999,0,nonexistent,1.4,93.918,-42.7,4.962,5228.1
17043,36,admin.,single,high.school,no,no,no,telephone,jul,fri,2,999,0,nonexistent,1.4,93.918,-42.7,4.962,5228.1
17045,52,blue-collar,married,basic.9y,unknown,no,no,telephone,jul,fri,2,999,0,nonexistent,1.4,93.918,-42.7,4.962,5228.1
17056,33,technician,single,high.school,no,yes,no,cellular,jul,fri,2,999,0,nonexistent,1.4,93.918,-42.7,4.962,5228.1
17057,52,blue-collar,married,basic.4y,unknown,no,yes,cellular,jul,fri,12,999,0,nonexistent,1.4,93.918,-42.7,4.962,5228.1
17058,31,admin.,divorced,high.school,no,no,yes,cellular,jul,fri,2,999,0,nonexistent,1.4,93.918,-42.7,4.962,5228.1
17076,42,admin.,single,high.school,no,no,yes,cellular,jul,fri,1,999,0,nonexistent,1.4,93.918,-42.7,4.962,5228.1
17082,55,technician,married,unknown,no,no,no,cellular,jul,fri,8,999,0,nonexistent,1.4,93.918,-42.7,4.962,5228.1
17096,55,unemployed,married,high.school,no,yes,yes,cellular,jul,fri,5,999,0,nonexistent,1.4,93.918,-42.7,4.962,5228.1
17102,45,technician,married,university.degree,no,yes,no,cellular,jul,fri,1,999,0,nonexistent,1.4,93.918,-42.7,4.962,5228.1
17106,48,admin.,married,university.degree,no,no,no,cellular,jul,fri,1,999,0,nonexistent,1.4,93.918,-42.7,4.962,5228.1
17107,38,technician,single,unknown,no,yes,no,cellular,jul,fri,1,999,0,nonexistent,1.4,93.918,-42.7,4.962,5228.1
17116,40,admin.,single,university.degree,no,no,no,telephone,jul,fri,1,999,0,nonexistent,1.4,93.918,-42.7,4.962,5228.1
17127,40,technician,married,professional.course,no,no,no,cellular,jul,fri,1,999,0,nonexistent,1.4,93.918,-42.7,4.962,5228.1
17133,56,self-employed,married,basic.9y,unknown,no,no,cellular,jul,fri,1,999,0,nonexistent,1.4,93.918,-42.7,4.962,5228.1
17134,32,blue-collar,married,basic.4y,no,no,no,telephone,jul,fri,1,999,0,nonexistent,1.4,93.918,-42.7,4.962,5228.1
17137,56,blue-collar,married,basic.9y,unknown,yes,no,cellular,jul,fri,3,999,0,nonexistent,1.4,93.918,-42.7,4.962,5228.1
17138,38,admin.,married,university.degree,no,no,no,cellular,jul,fri,5,999,0,nonexistent,1.4,93.918,-42.7,4.962,5228.1
17164,56,blue-collar,married,basic.9y,unknown,no,no,cellular,jul,fri,8,999,0,nonexistent,1.4,93.918,-42.7,4.962,5228.1
17165,43,blue-collar,married,high.school,no,yes,yes,cellular,jul,fri,5,999,0,nonexistent,1.4,93.918,-42.7,4.962,5228.1
17180,54,retired,married,professional.course,no,yes,no,cellular,jul,fri,1,999,0,nonexistent,1.4,93.918,-42.7,4.962,5228.1
17184,51,housemaid,married,basic.4y,unknown,yes,no,cellular,jul,fri,2,999,0,nonexistent,1.4,93.918,-42.7,4.962,5228.1
17188,49,admin.,married,high.school,no,no,yes,cellular,jul,fri,1,999,0,nonexistent,1.4,93.918,-42.7,4.962,5228.1
17190,51,services,married,high.school,unknown,yes,yes,cellular,jul,fri,5,999,0,nonexistent,1.4,93.918,-42.7,4.962,5228.1
17192,54,technician,married,professional.course,no,yes,no,telephone,jul,fri,1,999,0,nonexistent,1.4,93.918,-42.7,4.962,5228.1
17217,39,admin.,married,university.degree,no,no,no,cellular,jul,fri,13,999,0,nonexistent,1.4,93.918,-42.7,4.962,5228.1
17218,55,retired,married,basic.4y,unknown,yes,no,cellular,jul,fri,3,999,0,nonexistent,1.4,93.918,-42.7,4.962,5228.1
17256,42,blue-collar,single,basic.4y,no,unknown,unknown,telephone,jul,fri,1,999,0,nonexistent,1.4,93.918,-42.7,4.962,5228.1
17276,31,services,married,high.school,no,no,yes,cellular,jul,fri,2,999,0,nonexistent,1.4,93.918,-42.7,4.962,5228.1
17277,43,entrepreneur,married,university.degree,no,no,yes,cellular,jul,fri,3,999,0,nonexistent,1.4,93.918,-42.7,4.962,5228.1
17290,56,services,married,high.school,no,no,yes,cellular,jul,fri,4,999,0,nonexistent,1.4,93.918,-42.7,4.962,5228.1
17324,44,management,married,high.school,unknown,yes,no,cellular,jul,mon,6,999,0,nonexistent,1.4,93.918,-42.7,4.962,5228.1
17336,45,entrepreneur,single,university.degree,no,no,no,cellular,jul,mon,5,999,0,nonexistent,1.4,93.918,-42.7,4.962,5228.1
17341,44,technician,divorced,university.degree,unknown,yes,yes,telephone,jul,mon,3,999,0,nonexistent,1.4,93.918,-42.7,4.962,5228.1
17344,51,technician,married,basic.9y,unknown,yes,yes,cellular,jul,mon,2,999,0,nonexistent,1.4,93.918,-42.7,4.962,5228.1
17348,41,services,married,high.school,no,yes,yes,cellular,jul,mon,2,999,0,nonexistent,1.4,93.918,-42.7,4.962,5228.1
17350,56,admin.,divorced,basic.6y,unknown,no,yes,cellular,jul,mon,2,999,0,nonexistent,1.4,93.918,-42.7,4.962,5228.1
17368,36,blue-collar,single,basic.9y,no,no,no,cellular,jul,mon,2,999,0,nonexistent,1.4,93.918,-42.7,4.962,5228.1
17371,44,blue-collar,single,high.school,unknown,no,no,telephone,jul,mon,2,999,0,nonexistent,1.4,93.918,-42.7,4.962,5228.1
17382,31,management,single,university.degree,no,yes,no,cellular,jul,mon,2,999,0,nonexistent,1.4,93.918,-42.7,4.962,5228.1
17389,47,management,single,university.degree,unknown,yes,no,cellular,jul,mon,2,999,0,nonexistent,1.4,93.918,-42.7,4.962,5228.1
17394,45,admin.,divorced,university.degree,no,yes,yes,cellular,jul,mon,1,999,0,nonexistent,1.4,93.918,-42.7,4.962,5228.1
17402,30,admin.,married,high.school,no,no,no,cellular,jul,mon,1,999,0,nonexistent,1.4,93.918,-42.7,4.962,5228.1
17415,40,blue-collar,married,professional.course,no,no,no,cellular,jul,mon,2,999,0,nonexistent,1.4,93.918,-42.7,4.962,5228.1
17418,58,admin.,single,unknown,unknown,no,no,telephone,jul,mon,1,999,0,nonexistent,1.4,93.918,-42.7,4.962,5228.1
17457,40,admin.,divorced,high.school,no,no,no,cellular,jul,mon,2,999,0,nonexistent,1.4,93.918,-42.7,4.962,5228.1
17460,45,admin.,married,high.school,unknown,no,yes,telephone,jul,mon,1,999,0,nonexistent,1.4,93.918,-42.7,4.962,5228.1
17461,51,services,married,high.school,unknown,yes,no,telephone,jul,mon,3,999,0,nonexistent,1.4,93.918,-42.7,4.962,5228.1
17470,45,admin.,divorced,basic.6y,no,no,yes,telephone,jul,mon,1,999,0,nonexistent,1.4,93.918,-42.7,4.962,5228.1
17471,35,entrepreneur,single,university.degree,no,no,no,cellular,jul,mon,3,999,0,nonexistent,1.4,93.918,-42.7,4.962,5228.1
17472,37,admin.,married,university.degree,unknown,no,no,cellular,jul,mon,1,999,0,nonexistent,1.4,93.918,-42.7,4.962,5228.1
17474,45,admin.,married,high.school,unknown,no,yes,cellular,jul,mon,1,999,0,nonexistent,1.4,93.918,-42.7,4.962,5228.1
17477,51,technician,married,basic.9y,unknown,yes,no,cellular,jul,mon,1,999,0,nonexistent,1.4,93.918,-42.7,4.962,5228.1
17494,55,technician,married,professional.course,no,no,no,telephone,jul,mon,1,999,0,nonexistent,1.4,93.918,-42.7,4.962,5228.1
17501,37,admin.,married,university.degree,no,no,no,cellular,jul,mon,4,999,0,nonexistent,1.4,93.918,-42.7,4.962,5228.1
17505,43,services,married,basic.6y,unknown,yes,yes,cellular,jul,mon,5,999,0,nonexistent,1.4,93.918,-42.7,4.962,5228.1
17508,50,management,divorced,university.degree,no,no,no,cellular,jul,mon,3,999,0,nonexistent,1.4,93.918,-42.7,4.962,5228.1
17513,56,admin.,divorced,basic.6y,unknown,no,no,cellular,jul,mon,3,999,0,nonexistent,1.4,93.918,-42.7,4.962,5228.1
17514,36,blue-collar,single,basic.9y,no,no,no,cellular,jul,mon,2,999,0,nonexistent,1.4,93.918,-42.7,4.962,5228.1
17528,46,housemaid,married,basic.4y,unknown,yes,no,cellular,jul,mon,8,999,0,nonexistent,1.4,93.918,-42.7,4.962,5228.1
17533,37,admin.,married,university.degree,no,no,no,telephone,jul,mon,5,999,0,nonexistent,1.4,93.918,-42.7,4.962,5228.1
17547,53,admin.,divorced,high.school,no,yes,no,telephone,jul,mon,3,999,0,nonexistent,1.4,93.918,-42.7,4.962,5228.1
17561,45,self-employed,divorced,university.degree,no,no,no,cellular,jul,mon,8,999,0,nonexistent,1.4,93.918,-42.7,4.962,5228.1
17563,43,housemaid,married,basic.4y,no,yes,no,cellular,jul,mon,4,999,0,nonexistent,1.4,93.918,-42.7,4.962,5228.1
17570,41,admin.,married,high.school,no,no,no,cellular,jul,mon,8,999,0,nonexistent,1.4,93.918,-42.7,4.962,5228.1
17576,57,retired,married,university.degree,no,yes,no,cellular,jul,mon,11,999,0,nonexistent,1.4,93.918,-42.7,4.962,5228.1
17584,36,housemaid,married,basic.4y,no,yes,no,cellular,jul,mon,2,999,0,nonexistent,1.4,93.918,-42.7,4.962,5228.1
17600,46,admin.,divorced,professional.course,no,no,yes,cellular,jul,mon,2,999,0,nonexistent,1.4,93.918,-42.7,4.962,5228.1
17601,37,services,married,high.school,no,no,yes,cellular,jul,mon,5,999,0,nonexistent,1.4,93.918,-42.7,4.962,5228.1
17604,58,housemaid,married,university.degree,unknown,yes,no,cellular,jul,mon,6,999,0,nonexistent,1.4,93.918,-42.7,4.962,5228.1
17611,30,admin.,married,unknown,no,no,no,cellular,jul,mon,3,999,0,nonexistent,1.4,93.918,-42.7,4.962,5228.1
17618,47,blue-collar,divorced,basic.9y,no,yes,yes,cellular,jul,mon,3,999,0,nonexistent,1.4,93.918,-42.7,4.962,5228.1
17621,55,retired,divorced,high.school,no,no,no,cellular,jul,mon,6,999,0,nonexistent,1.4,93.918,-42.7,4.962,5228.1
17636,51,entrepreneur,divorced,university.degree,no,unknown,unknown,cellular,jul,mon,14,999,0,nonexistent,1.4,93.918,-42.7,4.962,5228.1
17637,41,admin.,married,high.school,no,yes,yes,cellular,jul,mon,3,999,0,nonexistent,1.4,93.918,-42.7,4.962,5228.1
17659,42,housemaid,married,basic.9y,unknown,no,no,cellular,jul,mon,16,999,0,nonexistent,1.4,93.918,-42.7,4.962,5228.1
17660,46,management,married,basic.9y,unknown,yes,yes,cellular,jul,mon,4,999,0,nonexistent,1.4,93.918,-42.7,4.962,5228.1
17672,40,admin.,divorced,university.degree,no,no,no,cellular,jul,mon,10,999,0,nonexistent,1.4,93.918,-42.7,4.962,5228.1
17676,49,technician,married,high.school,no,yes,no,telephone,jul,mon,8,999,0,nonexistent,1.4,93.918,-42.7,4.962,5228.1
17680,49,blue-collar,divorced,basic.6y,unknown,yes,no,cellular,jul,mon,4,999,0,nonexistent,1.4,93.918,-42.7,4.962,5228.1
17681,47,housemaid,married,basic.4y,unknown,no,no,cellular,jul,tue,16,999,0,nonexistent,1.4,93.918,-42.7,4.961,5228.1
17686,38,self-employed,married,high.school,no,yes,no,telephone,jul,tue,5,999,0,nonexistent,1.4,93.918,-42.7,4.961,5228.1
17706,55,technician,married,basic.9y,unknown,yes,no,cellular,jul,tue,4,999,0,nonexistent,1.4,93.918,-42.7,4.961,5228.1
17726,36,technician,married,professional.course,no,no,no,cellular,jul,tue,2,999,0,nonexistent,1.4,93.918,-42.7,4.961,5228.1
17729,43,management,divorced,university.degree,no,yes,no,cellular,jul,tue,1,999,0,nonexistent,1.4,93.918,-42.7,4.961,5228.1
17754,50,technician,married,professional.course,unknown,no,yes,cellular,jul,tue,1,999,0,nonexistent,1.4,93.918,-42.7,4.961,5228.1
17775,43,admin.,married,university.degree,no,yes,no,cellular,jul,tue,1,999,0,nonexistent,1.4,93.918,-42.7,4.961,5228.1
17783,46,housemaid,divorced,professional.course,unknown,no,no,cellular,jul,tue,2,999,0,nonexistent,1.4,93.918,-42.7,4.961,5228.1
17792,57,admin.,single,university.degree,no,yes,no,cellular,jul,tue,1,999,0,nonexistent,1.4,93.918,-42.7,4.961,5228.1
17807,56,services,divorced,high.school,no,no,no,cellular,jul,tue,3,999,0,nonexistent,1.4,93.918,-42.7,4.961,5228.1
17827,44,technician,divorced,professional.course,no,yes,no,cellular,jul,tue,2,999,0,nonexistent,1.4,93.918,-42.7,4.961,5228.1
17830,57,retired,single,unknown,unknown,yes,no,cellular,jul,tue,19,999,0,nonexistent,1.4,93.918,-42.7,4.961,5228.1
17843,37,blue-collar,divorced,high.school,no,yes,no,cellular,jul,tue,5,999,0,nonexistent,1.4,93.918,-42.7,4.961,5228.1
17852,44,entrepreneur,married,high.school,no,yes,no,cellular,jul,tue,1,999,0,nonexistent,1.4,93.918,-42.7,4.961,5228.1
17854,35,admin.,married,high.school,no,no,no,cellular,jul,tue,11,999,0,nonexistent,1.4,93.918,-42.7,4.961,5228.1
17862,60,retired,divorced,professional.course,no,no,no,cellular,jul,tue,5,999,0,nonexistent,1.4,93.918,-42.7,4.961,5228.1
17874,39,admin.,divorced,high.school,no,no,no,cellular,jul,tue,17,999,0,nonexistent,1.4,93.918,-42.7,4.961,5228.1
17885,47,admin.,single,university.degree,no,no,no,cellular,jul,tue,1,999,0,nonexistent,1.4,93.918,-42.7,4.961,5228.1
17903,50,services,single,high.school,no,yes,no,cellular,jul,tue,2,999,0,nonexistent,1.4,93.918,-42.7,4.961,5228.1
17906,59,housemaid,divorced,university.degree,no,no,no,cellular,jul,tue,1,999,0,nonexistent,1.4,93.918,-42.7,4.961,5228.1
17909,30,admin.,married,high.school,no,no,no,cellular,jul,tue,4,999,0,nonexistent,1.4,93.918,-42.7,4.961,5228.1
17929,60,retired,married,basic.6y,unknown,yes,no,cellular,jul,tue,13,999,0,nonexistent,1.4,93.918,-42.7,4.961,5228.1
17933,37,admin.,single,high.school,no,yes,no,cellular,jul,tue,11,999,0,nonexistent,1.4,93.918,-42.7,4.961,5228.1
17951,37,admin.,single,high.school,no,no,yes,cellular,jul,tue,6,999,0,nonexistent,1.4,93.918,-42.7,4.961,5228.1
17952,44,housemaid,married,university.degree,unknown,no,yes,cellular,jul,tue,2,999,0,nonexistent,1.4,93.918,-42.7,4.961,5228.1
17962,53,housemaid,married,basic.4y,unknown,no,no,cellular,jul,tue,20,999,0,nonexistent,1.4,93.918,-42.7,4.961,5228.1
17968,55,housemaid,married,basic.4y,unknown,yes,no,telephone,jul,tue,2,999,0,nonexistent,1.4,93.918,-42.7,4.961,5228.1
17969,30,admin.,single,university.degree,no,no,no,telephone,jul,tue,11,999,0,nonexistent,1.4,93.918,-42.7,4.961,5228.1
17970,46,admin.,married,university.degree,no,no,no,telephone,jul,tue,6,999,0,nonexistent,1.4,93.918,-42.7,4.961,5228.1
17972,44,technician,divorced,unknown,no,no,no,telephone,jul,tue,3,999,0,nonexistent,1.4,93.918,-42.7,4.961,5228.1
17985,40,housemaid,married,basic.6y,no,yes,no,telephone,jul,tue,3,999,0,nonexistent,1.4,93.918,-42.7,4.961,5228.1
18000,31,housemaid,single,high.school,no,yes,no,cellular,jul,wed,3,999,0,nonexistent,1.4,93.918,-42.7,4.963,5228.1
18005,46,admin.,married,university.degree,no,yes,no,cellular,jul,wed,11,999,0,nonexistent,1.4,93.918,-42.7,4.963,5228.1
18021,49,admin.,divorced,basic.9y,no,no,no,cellular,jul,wed,1,999,0,nonexistent,1.4,93.918,-42.7,4.963,5228.1
18024,25,services,single,high.school,unknown,yes,no,cellular,jul,wed,1,999,0,nonexistent,1.4,93.918,-42.7,4.963,5228.1
18030,33,technician,married,university.degree,no,yes,yes,telephone,jul,wed,1,999,0,nonexistent,1.4,93.918,-42.7,4.963,5228.1
18048,36,services,married,high.school,no,no,no,cellular,jul,wed,4,999,0,nonexistent,1.4,93.918,-42.7,4.963,5228.1
18060,28,self-employed,married,university.degree,no,yes,no,cellular,jul,wed,1,999,0,nonexistent,1.4,93.918,-42.7,4.963,5228.1
18070,58,entrepreneur,married,university.degree,no,no,no,cellular,jul,wed,1,999,0,nonexistent,1.4,93.918,-42.7,4.963,5228.1
18076,39,technician,married,university.degree,no,yes,no,cellular,jul,wed,8,999,0,nonexistent,1.4,93.918,-42.7,4.963,5228.1
18079,28,technician,single,professional.course,no,no,no,cellular,jul,wed,2,999,0,nonexistent,1.4,93.918,-42.7,4.963,5228.1
18082,41,housemaid,divorced,basic.9y,unknown,no,no,cellular,jul,wed,1,999,0,nonexistent,1.4,93.918,-42.7,4.963,5228.1
18083,34,technician,married,professional.course,no,no,no,cellular,jul,wed,1,999,0,nonexistent,1.4,93.918,-42.7,4.963,5228.1
18106,41,housemaid,divorced,basic.9y,unknown,no,yes,cellular,jul,wed,1,999,0,nonexistent,1.4,93.918,-42.7,4.963,5228.1
18141,31,admin.,single,university.degree,no,yes,no,cellular,jul,wed,4,999,0,nonexistent,1.4,93.918,-42.7,4.963,5228.1
18142,51,technician,married,professional.course,no,yes,no,cellular,jul,wed,3,999,0,nonexistent,1.4,93.918,-42.7,4.963,5228.1
18147,51,housemaid,married,high.school,no,yes,no,cellular,jul,wed,3,999,0,nonexistent,1.4,93.918,-42.7,4.963,5228.1
18166,34,self-employed,single,university.degree,no,no,no,cellular,jul,wed,1,999,0,nonexistent,1.4,93.918,-42.7,4.963,5228.1
18187,40,self-employed,married,university.degree,no,yes,no,cellular,jul,wed,5,999,0,nonexistent,1.4,93.918,-42.7,4.963,5228.1
18189,29,services,single,high.school,no,yes,no,cellular,jul,wed,3,999,0,nonexistent,1.4,93.918,-42.7,4.963,5228.1
18191,39,technician,single,university.degree,no,no,no,cellular,jul,wed,1,999,0,nonexistent,1.4,93.918,-42.7,4.963,5228.1
18202,30,blue-collar,single,high.school,no,yes,no,cellular,jul,wed,7,999,0,nonexistent,1.4,93.918,-42.7,4.963,5228.1
18207,33,admin.,single,professional.course,no,yes,no,cellular,jul,wed,2,999,0,nonexistent,1.4,93.918,-42.7,4.963,5228.1
18229,42,self-employed,married,university.degree,no,no,no,cellular,jul,wed,3,999,0,nonexistent,1.4,93.918,-42.7,4.963,5228.1
18240,56,retired,divorced,high.school,no,yes,no,cellular,jul,wed,4,999,0,nonexistent,1.4,93.918,-42.7,4.963,5228.1
18261,43,admin.,divorced,high.school,no,no,no,cellular,jul,wed,4,999,0,nonexistent,1.4,93.918,-42.7,4.963,5228.1
18271,41,management,married,university.degree,no,no,no,telephone,jul,wed,5,999,0,nonexistent,1.4,93.918,-42.7,4.963,5228.1
18274,24,technician,single,university.degree,no,no,no,cellular,jul,wed,4,999,0,nonexistent,1.4,93.918,-42.7,4.963,5228.1
18285,32,admin.,married,university.degree,no,yes,no,telephone,jul,wed,8,999,0,nonexistent,1.4,93.918,-42.7,4.963,5228.1
18287,49,technician,married,basic.9y,unknown,yes,no,cellular,jul,wed,17,999,0,nonexistent,1.4,93.918,-42.7,4.963,5228.1
18310,33,admin.,divorced,high.school,no,no,no,cellular,jul,wed,3,999,0,nonexistent,1.4,93.918,-42.7,4.963,5228.1
18327,42,blue-collar,married,basic.4y,no,yes,no,cellular,jul,wed,4,999,0,nonexistent,1.4,93.918,-42.7,4.963,5228.1
18340,56,entrepreneur,married,basic.4y,unknown,yes,no,cellular,jul,thu,20,999,0,nonexistent,1.4,93.918,-42.7,4.968,5228.1
18347,38,admin.,married,high.school,no,no,no,cellular,jul,thu,5,999,0,nonexistent,1.4,93.918,-42.7,4.968,5228.1
18349,47,admin.,married,basic.9y,no,yes,yes,telephone,jul,thu,4,999,0,nonexistent,1.4,93.918,-42.7,4.968,5228.1
18369,56,retired,divorced,high.school,no,yes,no,cellular,jul,thu,10,999,0,nonexistent,1.4,93.918,-42.7,4.968,5228.1
18376,36,blue-collar,single,high.school,no,yes,no,cellular,jul,thu,24,999,0,nonexistent,1.4,93.918,-42.7,4.968,5228.1
18378,29,admin.,single,high.school,no,no,yes,cellular,jul,thu,3,999,0,nonexistent,1.4,93.918,-42.7,4.968,5228.1
18397,35,technician,married,professional.course,no,yes,no,cellular,jul,thu,3,999,0,nonexistent,1.4,93.918,-42.7,4.968,5228.1
18424,33,services,married,professional.course,no,no,yes,cellular,jul,thu,7,999,0,nonexistent,1.4,93.918,-42.7,4.968,5228.1
18432,42,technician,married,university.degree,no,no,yes,cellular,jul,thu,2,999,0,nonexistent,1.4,93.918,-42.7,4.968,5228.1
18440,50,management,married,university.degree,unknown,yes,no,cellular,jul,thu,1,999,0,nonexistent,1.4,93.918,-42.7,4.968,5228.1
18449,38,services,married,high.school,no,no,yes,cellular,jul,thu,1,999,0,nonexistent,1.4,93.918,-42.7,4.968,5228.1
18459,32,admin.,married,high.school,no,yes,yes,cellular,jul,thu,22,999,0,nonexistent,1.4,93.918,-42.7,4.968,5228.1
18467,32,technician,single,professional.course,no,no,no,cellular,jul,thu,1,999,0,nonexistent,1.4,93.918,-42.7,4.968,5228.1
18501,39,services,married,high.school,no,yes,no,cellular,jul,thu,29,999,0,nonexistent,1.4,93.918,-42.7,4.968,5228.1
18514,56,technician,divorced,university.degree,unknown,yes,no,cellular,jul,thu,1,999,0,nonexistent,1.4,93.918,-42.7,4.968,5228.1
18516,28,admin.,single,university.degree,no,no,no,cellular,jul,thu,2,999,0,nonexistent,1.4,93.918,-42.7,4.968,5228.1
18518,53,blue-collar,married,basic.4y,unknown,no,no,cellular,jul,thu,1,999,0,nonexistent,1.4,93.918,-42.7,4.968,5228.1
18529,30,technician,single,university.degree,no,no,no,cellular,jul,thu,8,999,0,nonexistent,1.4,93.918,-42.7,4.968,5228.1
18544,28,technician,married,professional.course,no,no,no,telephone,jul,thu,1,999,0,nonexistent,1.4,93.918,-42.7,4.968,5228.1
18549,35,self-employed,single,university.degree,no,no,no,cellular,jul,thu,1,999,0,nonexistent,1.4,93.918,-42.7,4.968,5228.1
18558,37,housemaid,single,professional.course,no,yes,no,cellular,jul,thu,1,999,0,nonexistent,1.4,93.918,-42.7,4.968,5228.1
18564,44,admin.,divorced,high.school,no,yes,no,cellular,jul,thu,2,999,0,nonexistent,1.4,93.918,-42.7,4.968,5228.1
18566,57,admin.,single,high.school,unknown,yes,no,telephone,jul,thu,6,999,0,nonexistent,1.4,93.918,-42.7,4.968,5228.1
18584,32,admin.,married,high.school,no,yes,no,cellular,jul,thu,2,999,0,nonexistent,1.4,93.918,-42.7,4.968,5228.1
18587,47,technician,married,high.school,no,yes,no,cellular,jul,thu,3,999,0,nonexistent,1.4,93.918,-42.7,4.968,5228.1
18600,27,self-employed,married,university.degree,no,yes,no,telephone,jul,thu,3,999,0,nonexistent,1.4,93.918,-42.7,4.968,5228.1
18604,48,admin.,divorced,university.degree,no,yes,no,cellular,jul,thu,4,999,0,nonexistent,1.4,93.918,-42.7,4.968,5228.1
18616,45,blue-collar,married,basic.9y,no,unknown,unknown,cellular,jul,thu,10,999,0,nonexistent,1.4,93.918,-42.7,4.968,5228.1
18619,45,management,married,university.degree,no,no,no,cellular,jul,thu,1,999,0,nonexistent,1.4,93.918,-42.7,4.968,5228.1
18630,36,technician,single,professional.course,no,no,no,cellular,jul,thu,4,999,0,nonexistent,1.4,93.918,-42.7,4.968,5228.1
18632,54,blue-collar,married,basic.9y,no,yes,no,telephone,jul,thu,1,999,0,nonexistent,1.4,93.918,-42.7,4.968,5228.1
18639,36,admin.,single,university.degree,no,yes,no,cellular,jul,thu,8,999,0,nonexistent,1.4,93.918,-42.7,4.968,5228.1
18648,28,technician,single,university.degree,no,yes,no,cellular,jul,thu,2,999,0,nonexistent,1.4,93.918,-42.7,4.968,5228.1
18654,36,admin.,single,university.degree,no,yes,no,cellular,jul,thu,33,999,0,nonexistent,1.4,93.918,-42.7,4.968,5228.1
18655,36,admin.,single,university.degree,no,yes,yes,telephone,jul,thu,8,999,0,nonexistent,1.4,93.918,-42.7,4.968,5228.1
18664,59,services,married,high.school,no,yes,no,cellular,jul,thu,5,999,0,nonexistent,1.4,93.918,-42.7,4.968,5228.1
18666,50,self-employed,married,professional.course,no,yes,no,cellular,jul,thu,2,999,0,nonexistent,1.4,93.918,-42.7,4.968,5228.1
18685,31,services,single,high.school,no,no,no,cellular,jul,thu,35,999,0,nonexistent,1.4,93.918,-42.7,4.968,5228.1
18687,47,technician,married,professional.course,no,yes,no,cellular,jul,thu,18,999,0,nonexistent,1.4,93.918,-42.7,4.968,5228.1
18689,38,admin.,married,basic.6y,no,yes,no,cellular,jul,thu,3,999,0,nonexistent,1.4,93.918,-42.7,4.968,5228.1
18705,38,blue-collar,single,basic.6y,no,no,no,telephone,jul,thu,4,999,0,nonexistent,1.4,93.918,-42.7,4.968,5228.1
18724,34,technician,divorced,unknown,no,yes,no,cellular,jul,thu,21,999,0,nonexistent,1.4,93.918,-42.7,4.968,5228.1
18733,38,admin.,married,basic.6y,no,no,no,cellular,jul,thu,3,999,0,nonexistent,1.4,93.918,-42.7,4.968,5228.1
18735,42,entrepreneur,married,professional.course,no,yes,no,cellular,jul,thu,7,999,0,nonexistent,1.4,93.918,-42.7,4.968,5228.1
18744,38,admin.,married,basic.6y,no,no,no,cellular,jul,thu,6,999,0,nonexistent,1.4,93.918,-42.7,4.968,5228.1
18746,43,admin.,married,professional.course,unknown,yes,no,cellular,jul,thu,4,999,0,nonexistent,1.4,93.918,-42.7,4.968,5228.1
18752,45,blue-collar,married,basic.6y,no,no,yes,cellular,jul,thu,4,999,0,nonexistent,1.4,93.918,-42.7,4.968,5228.1
18758,28,technician,single,professional.course,no,no,no,cellular,jul,thu,5,999,0,nonexistent,1.4,93.918,-42.7,4.968,5228.1
18767,36,admin.,single,university.degree,no,yes,no,cellular,jul,thu,6,999,0,nonexistent,1.4,93.918,-42.7,4.968,5228.1
18769,34,management,single,university.degree,no,no,no,cellular,jul,thu,13,999,0,nonexistent,1.4,93.918,-42.7,4.968,5228.1
18782,28,blue-collar,married,basic.4y,unknown,yes,no,cellular,jul,thu,8,999,0,nonexistent,1.4,93.918,-42.7,4.968,5228.1
18789,38,admin.,married,basic.6y,no,yes,no,telephone,jul,thu,3,999,0,nonexistent,1.4,93.918,-42.7,4.968,5228.1
18792,58,blue-collar,married,basic.6y,unknown,yes,yes,telephone,jul,thu,3,999,0,nonexistent,1.4,93.918,-42.7,4.968,5228.1
18811,33,admin.,single,professional.course,no,yes,no,cellular,jul,thu,4,999,0,nonexistent,1.4,93.918,-42.7,4.968,5228.1
18820,43,admin.,married,professional.course,unknown,no,no,cellular,jul,thu,3,999,0,nonexistent,1.4,93.918,-42.7,4.968,5228.1
18837,41,technician,married,university.degree,no,yes,no,cellular,aug,mon,1,999,0,nonexistent,1.4,93.444,-36.1,4.97,5228.1
18843,33,admin.,single,university.degree,no,no,no,cellular,aug,mon,1,999,0,nonexistent,1.4,93.444,-36.1,4.97,5228.1
18848,49,services,married,high.school,no,no,no,cellular,aug,mon,1,999,0,nonexistent,1.4,93.444,-36.1,4.97,5228.1
18853,56,admin.,married,basic.6y,no,yes,no,cellular,aug,mon,1,999,0,nonexistent,1.4,93.444,-36.1,4.97,5228.1
18858,56,blue-collar,married,basic.9y,no,unknown,unknown,cellular,aug,mon,1,999,0,nonexistent,1.4,93.444,-36.1,4.97,5228.1
18869,33,admin.,divorced,university.degree,no,yes,no,cellular,aug,mon,1,999,0,nonexistent,1.4,93.444,-36.1,4.97,5228.1
18888,31,technician,married,professional.course,unknown,no,no,cellular,aug,mon,2,999,0,nonexistent,1.4,93.444,-36.1,4.97,5228.1
18907,46,technician,single,professional.course,unknown,no,no,cellular,aug,mon,2,999,0,nonexistent,1.4,93.444,-36.1,4.97,5228.1
18920,48,blue-collar,married,basic.4y,unknown,yes,no,cellular,aug,mon,2,999,0,nonexistent,1.4,93.444,-36.1,4.97,5228.1
18921,46,blue-collar,married,basic.9y,no,no,no,cellular,aug,mon,1,999,0,nonexistent,1.4,93.444,-36.1,4.97,5228.1
18935,36,technician,divorced,professional.course,no,yes,no,cellular,aug,mon,1,999,0,nonexistent,1.4,93.444,-36.1,4.97,5228.1
18940,56,admin.,married,university.degree,no,yes,no,cellular,aug,mon,2,999,0,nonexistent,1.4,93.444,-36.1,4.97,5228.1
18943,35,management,single,university.degree,no,yes,no,cellular,aug,mon,2,999,0,nonexistent,1.4,93.444,-36.1,4.97,5228.1
18956,30,unknown,married,university.degree,no,yes,no,cellular,aug,mon,1,999,0,nonexistent,1.4,93.444,-36.1,4.97,5228.1
18966,50,admin.,married,high.school,no,no,no,cellular,aug,mon,6,999,0,nonexistent,1.4,93.444,-36.1,4.97,5228.1
18979,30,admin.,married,university.degree,no,no,yes,cellular,aug,mon,2,999,0,nonexistent,1.4,93.444,-36.1,4.97,5228.1
18981,44,services,married,professional.course,no,no,no,cellular,aug,mon,2,999,0,nonexistent,1.4,93.444,-36.1,4.97,5228.1
18987,54,technician,married,university.degree,no,yes,no,telephone,aug,mon,2,999,0,nonexistent,1.4,93.444,-36.1,4.97,5228.1
18999,30,technician,single,high.school,no,yes,no,cellular,aug,tue,2,999,0,nonexistent,1.4,93.444,-36.1,4.968,5228.1
19000,56,retired,married,university.degree,no,yes,no,cellular,aug,tue,3,999,0,nonexistent,1.4,93.444,-36.1,4.968,5228.1
19002,47,entrepreneur,married,university.degree,no,yes,no,cellular,aug,tue,2,999,0,nonexistent,1.4,93.444,-36.1,4.968,5228.1
19003,52,technician,divorced,professional.course,no,yes,no,cellular,aug,tue,4,999,0,nonexistent,1.4,93.444,-36.1,4.968,5228.1
19011,58,admin.,married,high.school,no,yes,no,cellular,aug,tue,1,999,0,nonexistent,1.4,93.444,-36.1,4.968,5228.1
19036,37,admin.,married,university.degree,no,yes,no,cellular,aug,tue,1,999,0,nonexistent,1.4,93.444,-36.1,4.968,5228.1
19040,39,technician,divorced,professional.course,no,yes,no,cellular,aug,tue,1,999,0,nonexistent,1.4,93.444,-36.1,4.968,5228.1
19044,42,technician,married,high.school,no,yes,no,cellular,aug,tue,1,999,0,nonexistent,1.4,93.444,-36.1,4.968,5228.1
19054,51,technician,divorced,high.school,unknown,no,no,cellular,aug,tue,3,999,0,nonexistent,1.4,93.444,-36.1,4.968,5228.1
19070,34,admin.,single,university.degree,no,yes,no,cellular,aug,tue,2,999,0,nonexistent,1.4,93.444,-36.1,4.968,5228.1
19073,48,blue-collar,married,basic.9y,unknown,yes,no,cellular,aug,tue,1,999,0,nonexistent,1.4,93.444,-36.1,4.968,5228.1
19077,30,technician,married,professional.course,no,yes,no,cellular,aug,tue,1,999,0,nonexistent,1.4,93.444,-36.1,4.968,5228.1
19081,53,technician,married,high.school,no,yes,no,cellular,aug,tue,1,999,0,nonexistent,1.4,93.444,-36.1,4.968,5228.1
19100,49,admin.,divorced,university.degree,no,no,no,cellular,aug,tue,1,999,0,nonexistent,1.4,93.444,-36.1,4.968,5228.1
19106,52,services,divorced,basic.6y,no,yes,no,cellular,aug,tue,2,999,0,nonexistent,1.4,93.444,-36.1,4.968,5228.1
19127,46,blue-collar,married,basic.9y,no,yes,yes,cellular,aug,tue,2,999,0,nonexistent,1.4,93.444,-36.1,4.968,5228.1
19130,53,blue-collar,married,basic.4y,unknown,yes,no,cellular,aug,tue,1,999,0,nonexistent,1.4,93.444,-36.1,4.968,5228.1
19134,58,technician,married,professional.course,unknown,no,no,cellular,aug,tue,1,999,0,nonexistent,1.4,93.444,-36.1,4.968,5228.1
19180,38,housemaid,married,university.degree,no,yes,no,cellular,aug,tue,2,999,0,nonexistent,1.4,93.444,-36.1,4.968,5228.1
19182,51,admin.,married,university.degree,unknown,yes,no,cellular,aug,tue,2,999,0,nonexistent,1.4,93.444,-36.1,4.968,5228.1
19195,53,admin.,married,university.degree,no,no,no,cellular,aug,wed,5,999,0,nonexistent,1.4,93.444,-36.1,4.967,5228.1
19209,46,blue-collar,married,basic.9y,no,yes,no,cellular,aug,wed,1,999,0,nonexistent,1.4,93.444,-36.1,4.967,5228.1
19211,46,admin.,married,university.degree,no,no,no,cellular,aug,wed,1,999,0,nonexistent,1.4,93.444,-36.1,4.967,5228.1
19221,47,services,married,high.school,unknown,yes,no,cellular,aug,wed,2,999,0,nonexistent,1.4,93.444,-36.1,4.967,5228.1
19226,53,management,married,university.degree,no,yes,no,cellular,aug,wed,1,999,0,nonexistent,1.4,93.444,-36.1,4.967,5228.1
19246,32,technician,single,professional.course,no,no,no,cellular,aug,wed,1,999,0,nonexistent,1.4,93.444,-36.1,4.967,5228.1
19248,31,technician,single,high.school,no,yes,yes,cellular,aug,wed,2,999,0,nonexistent,1.4,93.444,-36.1,4.967,5228.1
19250,31,blue-collar,single,basic.9y,no,no,no,cellular,aug,wed,1,999,0,nonexistent,1.4,93.444,-36.1,4.967,5228.1
19261,52,technician,married,professional.course,unknown,no,no,cellular,aug,wed,1,999,0,nonexistent,1.4,93.444,-36.1,4.967,5228.1
19280,33,technician,married,university.degree,no,no,no,cellular,aug,wed,1,999,0,nonexistent,1.4,93.444,-36.1,4.967,5228.1
19290,42,admin.,married,university.degree,no,yes,no,cellular,aug,wed,1,999,0,nonexistent,1.4,93.444,-36.1,4.967,5228.1
19291,53,technician,married,high.school,no,yes,no,cellular,aug,wed,1,999,0,nonexistent,1.4,93.444,-36.1,4.967,5228.1
19294,50,unemployed,married,high.school,unknown,yes,yes,cellular,aug,wed,1,999,0,nonexistent,1.4,93.444,-36.1,4.967,5228.1
19307,31,technician,single,high.school,no,yes,no,cellular,aug,wed,2,999,0,nonexistent,1.4,93.444,-36.1,4.967,5228.1
19332,33,technician,single,professional.course,no,no,no,cellular,aug,wed,1,999,0,nonexistent,1.4,93.444,-36.1,4.967,5228.1
19333,51,admin.,single,university.degree,unknown,yes,no,cellular,aug,wed,1,999,0,nonexistent,1.4,93.444,-36.1,4.967,5228.1
19339,29,technician,single,university.degree,no,yes,yes,cellular,aug,wed,1,999,0,nonexistent,1.4,93.444,-36.1,4.967,5228.1
19342,43,admin.,married,university.degree,unknown,yes,no,cellular,aug,wed,1,999,0,nonexistent,1.4,93.444,-36.1,4.967,5228.1
19348,56,retired,married,basic.4y,unknown,yes,no,cellular,aug,wed,1,999,0,nonexistent,1.4,93.444,-36.1,4.967,5228.1
19356,35,admin.,married,university.degree,no,yes,no,cellular,aug,wed,6,999,0,nonexistent,1.4,93.444,-36.1,4.967,5228.1
19359,58,blue-collar,married,basic.4y,no,yes,no,cellular,aug,wed,1,999,0,nonexistent,1.4,93.444,-36.1,4.967,5228.1
19365,31,admin.,single,university.degree,no,yes,no,cellular,aug,wed,2,999,0,nonexistent,1.4,93.444,-36.1,4.967,5228.1
19433,30,self-employed,single,university.degree,no,yes,yes,cellular,aug,wed,3,999,0,nonexistent,1.4,93.444,-36.1,4.967,5228.1
19434,39,technician,married,high.school,no,yes,yes,cellular,aug,wed,2,999,0,nonexistent,1.4,93.444,-36.1,4.967,5228.1
19445,45,unemployed,married,high.school,no,no,no,cellular,aug,thu,2,999,0,nonexistent,1.4,93.444,-36.1,4.968,5228.1
19448,41,technician,married,unknown,unknown,yes,yes,cellular,aug,thu,1,999,0,nonexistent,1.4,93.444,-36.1,4.968,5228.1
19479,29,admin.,married,university.degree,no,no,no,cellular,aug,thu,1,999,0,nonexistent,1.4,93.444,-36.1,4.968,5228.1
19499,35,technician,single,university.degree,no,yes,no,cellular,aug,thu,1,999,0,nonexistent,1.4,93.444,-36.1,4.968,5228.1
19508,32,technician,married,university.degree,no,yes,no,cellular,aug,thu,2,999,0,nonexistent,1.4,93.444,-36.1,4.968,5228.1
19524,38,services,single,high.school,no,yes,no,cellular,aug,thu,1,999,0,nonexistent,1.4,93.444,-36.1,4.968,5228.1
19525,31,admin.,divorced,university.degree,no,yes,no,cellular,aug,thu,1,999,0,nonexistent,1.4,93.444,-36.1,4.968,5228.1
19533,41,technician,divorced,university.degree,no,yes,no,cellular,aug,thu,1,999,0,nonexistent,1.4,93.444,-36.1,4.968,5228.1
19535,40,housemaid,divorced,basic.9y,no,yes,no,cellular,aug,thu,1,999,0,nonexistent,1.4,93.444,-36.1,4.968,5228.1
19537,31,admin.,single,university.degree,unknown,yes,no,cellular,aug,thu,1,999,0,nonexistent,1.4,93.444,-36.1,4.968,5228.1
19544,48,services,married,basic.4y,unknown,no,no,cellular,aug,thu,1,999,0,nonexistent,1.4,93.444,-36.1,4.968,5228.1
19547,39,admin.,single,high.school,no,no,yes,cellular,aug,thu,1,999,0,nonexistent,1.4,93.444,-36.1,4.968,5228.1
19555,49,admin.,married,high.school,unknown,yes,no,cellular,aug,thu,1,999,0,nonexistent,1.4,93.444,-36.1,4.968,5228.1
19561,31,admin.,married,high.school,no,no,no,cellular,aug,thu,1,999,0,nonexistent,1.4,93.444,-36.1,4.968,5228.1
19563,46,technician,single,university.degree,no,no,no,cellular,aug,thu,2,999,0,nonexistent,1.4,93.444,-36.1,4.968,5228.1
19569,30,technician,single,university.degree,unknown,yes,no,cellular,aug,thu,2,999,0,nonexistent,1.4,93.444,-36.1,4.968,5228.1
19583,34,technician,married,high.school,no,yes,no,cellular,aug,thu,5,999,0,nonexistent,1.4,93.444,-36.1,4.968,5228.1
19586,33,admin.,married,university.degree,unknown,yes,yes,cellular,aug,thu,2,999,0,nonexistent,1.4,93.444,-36.1,4.968,5228.1
19590,45,blue-collar,married,basic.9y,no,yes,no,cellular,aug,thu,5,999,0,nonexistent,1.4,93.444,-36.1,4.968,5228.1
19592,48,services,married,basic.4y,unknown,no,yes,cellular,aug,thu,2,999,0,nonexistent,1.4,93.444,-36.1,4.968,5228.1
19594,31,admin.,married,high.school,no,no,no,cellular,aug,thu,2,999,0,nonexistent,1.4,93.444,-36.1,4.968,5228.1
19595,29,services,single,professional.course,no,yes,yes,cellular,aug,thu,3,999,0,nonexistent,1.4,93.444,-36.1,4.968,5228.1
19618,45,entrepreneur,married,university.degree,no,no,no,cellular,aug,thu,2,999,0,nonexistent,1.4,93.444,-36.1,4.968,5228.1
19622,34,management,married,university.degree,no,no,yes,cellular,aug,thu,2,999,0,nonexistent,1.4,93.444,-36.1,4.968,5228.1
19624,30,admin.,married,university.degree,no,no,no,cellular,aug,thu,5,999,0,nonexistent,1.4,93.444,-36.1,4.968,5228.1
19628,50,technician,married,professional.course,no,no,no,cellular,aug,thu,2,999,0,nonexistent,1.4,93.444,-36.1,4.968,5228.1
19630,37,student,married,professional.course,unknown,no,no,cellular,aug,thu,1,999,0,nonexistent,1.4,93.444,-36.1,4.968,5228.1
19632,32,admin.,single,university.degree,no,yes,yes,cellular,aug,thu,2,999,0,nonexistent,1.4,93.444,-36.1,4.968,5228.1
19636,32,admin.,single,university.degree,no,no,no,cellular,aug,thu,2,999,0,nonexistent,1.4,93.444,-36.1,4.968,5228.1
19638,47,management,married,university.degree,no,no,no,cellular,aug,thu,1,999,0,nonexistent,1.4,93.444,-36.1,4.968,5228.1
19657,46,technician,married,professional.course,unknown,no,no,cellular,aug,thu,3,999,0,nonexistent,1.4,93.444,-36.1,4.968,5228.1
19660,48,admin.,single,university.degree,no,yes,no,cellular,aug,thu,1,999,0,nonexistent,1.4,93.444,-36.1,4.968,5228.1
19667,42,admin.,married,university.degree,no,yes,no,cellular,aug,thu,5,999,0,nonexistent,1.4,93.444,-36.1,4.968,5228.1
19669,47,admin.,divorced,university.degree,no,no,no,cellular,aug,thu,7,999,0,nonexistent,1.4,93.444,-36.1,4.968,5228.1
19679,48,blue-collar,married,unknown,unknown,unknown,unknown,cellular,aug,thu,3,999,0,nonexistent,1.4,93.444,-36.1,4.968,5228.1
19683,34,admin.,single,university.degree,no,yes,no,cellular,aug,thu,2,999,0,nonexistent,1.4,93.444,-36.1,4.968,5228.1
19699,44,self-employed,married,university.degree,no,no,no,cellular,aug,thu,4,999,0,nonexistent,1.4,93.444,-36.1,4.968,5228.1
19714,38,housemaid,married,basic.6y,no,yes,no,cellular,aug,thu,3,999,0,nonexistent,1.4,93.444,-36.1,4.968,5228.1
19717,31,admin.,single,university.degree,no,no,yes,cellular,aug,thu,3,999,0,nonexistent,1.4,93.444,-36.1,4.968,5228.1
19719,36,admin.,married,high.school,unknown,yes,yes,cellular,aug,thu,5,999,0,nonexistent,1.4,93.444,-36.1,4.968,5228.1
19722,45,blue-collar,married,basic.4y,no,yes,yes,cellular,aug,thu,3,999,0,nonexistent,1.4,93.444,-36.1,4.968,5228.1
19726,30,admin.,single,university.degree,no,no,no,cellular,aug,thu,4,999,0,nonexistent,1.4,93.444,-36.1,4.968,5228.1
19729,59,unemployed,married,professional.course,no,no,no,cellular,aug,thu,3,999,0,nonexistent,1.4,93.444,-36.1,4.968,5228.1
19730,31,admin.,married,university.degree,no,no,no,cellular,aug,thu,3,999,0,nonexistent,1.4,93.444,-36.1,4.968,5228.1
19757,31,admin.,married,professional.course,unknown,yes,no,cellular,aug,fri,1,999,0,nonexistent,1.4,93.444,-36.1,4.966,5228.1
19769,57,retired,married,professional.course,no,yes,no,cellular,aug,fri,3,999,0,nonexistent,1.4,93.444,-36.1,4.966,5228.1
19785,30,admin.,single,university.degree,no,no,no,cellular,aug,fri,3,999,0,nonexistent,1.4,93.444,-36.1,4.966,5228.1
19802,56,housemaid,married,basic.4y,unknown,no,no,cellular,aug,fri,1,999,0,nonexistent,1.4,93.444,-36.1,4.966,5228.1
19805,40,technician,single,university.degree,no,yes,yes,cellular,aug,fri,2,999,0,nonexistent,1.4,93.444,-36.1,4.966,5228.1
19830,49,admin.,married,high.school,no,no,no,cellular,aug,fri,1,999,0,nonexistent,1.4,93.444,-36.1,4.966,5228.1
19834,37,admin.,married,high.school,unknown,no,no,cellular,aug,fri,1,999,0,nonexistent,1.4,93.444,-36.1,4.966,5228.1
19847,46,admin.,married,professional.course,no,no,no,cellular,aug,fri,1,999,0,nonexistent,1.4,93.444,-36.1,4.966,5228.1
19849,58,admin.,married,university.degree,no,yes,no,cellular,aug,fri,2,999,0,nonexistent,1.4,93.444,-36.1,4.966,5228.1
19854,29,admin.,single,university.degree,unknown,no,no,cellular,aug,fri,1,999,0,nonexistent,1.4,93.444,-36.1,4.966,5228.1
19856,29,admin.,single,university.degree,unknown,yes,no,cellular,aug,fri,1,999,0,nonexistent,1.4,93.444,-36.1,4.966,5228.1
19859,49,technician,married,professional.course,unknown,unknown,unknown,cellular,aug,fri,2,999,0,nonexistent,1.4,93.444,-36.1,4.966,5228.1
19875,47,admin.,married,basic.9y,no,yes,no,cellular,aug,fri,1,999,0,nonexistent,1.4,93.444,-36.1,4.966,5228.1
19890,29,admin.,single,university.degree,unknown,no,no,cellular,aug,fri,2,999,0,nonexistent,1.4,93.444,-36.1,4.966,5228.1
19900,45,admin.,married,high.school,unknown,unknown,unknown,cellular,aug,fri,2,999,0,nonexistent,1.4,93.444,-36.1,4.966,5228.1
19903,44,services,married,high.school,unknown,yes,no,cellular,aug,fri,2,999,0,nonexistent,1.4,93.444,-36.1,4.966,5228.1
19904,38,admin.,married,university.degree,no,yes,no,cellular,aug,fri,7,999,0,nonexistent,1.4,93.444,-36.1,4.966,5228.1
19912,44,technician,divorced,high.school,unknown,yes,no,cellular,aug,fri,1,999,0,nonexistent,1.4,93.444,-36.1,4.966,5228.1
19932,30,admin.,single,university.degree,no,no,no,cellular,aug,fri,1,999,0,nonexistent,1.4,93.444,-36.1,4.966,5228.1
19940,33,technician,married,professional.course,no,no,no,cellular,aug,fri,3,999,0,nonexistent,1.4,93.444,-36.1,4.966,5228.1
19962,48,entrepreneur,married,university.degree,no,no,no,cellular,aug,fri,1,999,0,nonexistent,1.4,93.444,-36.1,4.966,5228.1
19983,31,unemployed,married,university.degree,no,yes,no,cellular,aug,fri,4,999,0,nonexistent,1.4,93.444,-36.1,4.966,5228.1
20017,41,technician,divorced,university.degree,no,yes,yes,cellular,aug,fri,2,999,0,nonexistent,1.4,93.444,-36.1,4.966,5228.1
20040,31,admin.,divorced,university.degree,no,yes,no,cellular,aug,mon,2,999,0,nonexistent,1.4,93.444,-36.1,4.965,5228.1
20043,31,management,single,university.degree,no,yes,no,cellular,aug,mon,1,999,0,nonexistent,1.4,93.444,-36.1,4.965,5228.1
20044,36,management,married,university.degree,no,yes,no,cellular,aug,mon,1,999,0,nonexistent,1.4,93.444,-36.1,4.965,5228.1
20051,32,admin.,single,university.degree,no,yes,no,cellular,aug,mon,2,999,0,nonexistent,1.4,93.444,-36.1,4.965,5228.1
20052,34,admin.,single,university.degree,no,yes,no,cellular,aug,mon,1,999,0,nonexistent,1.4,93.444,-36.1,4.965,5228.1
20057,31,technician,married,professional.course,no,yes,yes,cellular,aug,mon,1,999,0,nonexistent,1.4,93.444,-36.1,4.965,5228.1
20063,29,technician,single,professional.course,no,yes,no,cellular,aug,mon,1,999,0,nonexistent,1.4,93.444,-36.1,4.965,5228.1
20066,37,admin.,married,university.degree,unknown,yes,no,cellular,aug,mon,1,999,0,nonexistent,1.4,93.444,-36.1,4.965,5228.1
20072,35,admin.,married,university.degree,no,no,no,cellular,aug,mon,1,999,0,nonexistent,1.4,93.444,-36.1,4.965,5228.1
20073,55,services,married,high.school,unknown,no,no,cellular,aug,mon,1,999,0,nonexistent,1.4,93.444,-36.1,4.965,5228.1
20102,41,self-employed,married,professional.course,no,yes,no,cellular,aug,mon,1,999,0,nonexistent,1.4,93.444,-36.1,4.965,5228.1
20105,37,admin.,married,university.degree,unknown,yes,yes,cellular,aug,mon,2,999,0,nonexistent,1.4,93.444,-36.1,4.965,5228.1
20107,35,technician,single,professional.course,no,no,no,cellular,aug,mon,1,999,0,nonexistent,1.4,93.444,-36.1,4.965,5228.1
20110,59,retired,married,basic.4y,unknown,no,no,cellular,aug,mon,1,999,0,nonexistent,1.4,93.444,-36.1,4.965,5228.1
20116,35,admin.,single,university.degree,no,no,no,cellular,aug,mon,2,999,0,nonexistent,1.4,93.444,-36.1,4.965,5228.1
20119,52,services,married,high.school,unknown,yes,no,cellular,aug,mon,1,999,0,nonexistent,1.4,93.444,-36.1,4.965,5228.1
20138,33,technician,married,high.school,no,yes,no,cellular,aug,mon,1,999,0,nonexistent,1.4,93.444,-36.1,4.965,5228.1
20149,30,admin.,single,university.degree,no,no,no,cellular,aug,mon,1,999,0,nonexistent,1.4,93.444,-36.1,4.965,5228.1
20175,34,technician,married,professional.course,unknown,no,no,cellular,aug,mon,1,999,0,nonexistent,1.4,93.444,-36.1,4.965,5228.1
20177,50,management,married,university.degree,unknown,no,no,cellular,aug,mon,2,999,0,nonexistent,1.4,93.444,-36.1,4.965,5228.1
20186,44,management,married,university.degree,no,yes,no,cellular,aug,mon,2,999,0,nonexistent,1.4,93.444,-36.1,4.965,5228.1
20193,36,housemaid,married,basic.6y,no,no,no,cellular,aug,mon,9,999,0,nonexistent,1.4,93.444,-36.1,4.965,5228.1
20232,50,technician,married,professional.course,unknown,no,no,cellular,aug,mon,2,999,0,nonexistent,1.4,93.444,-36.1,4.965,5228.1
20246,49,management,married,university.degree,no,no,no,cellular,aug,mon,5,999,0,nonexistent,1.4,93.444,-36.1,4.965,5228.1
20269,56,blue-collar,married,basic.9y,unknown,yes,yes,cellular,aug,mon,2,999,0,nonexistent,1.4,93.444,-36.1,4.965,5228.1
20270,48,admin.,married,high.school,no,no,yes,cellular,aug,mon,6,999,0,nonexistent,1.4,93.444,-36.1,4.965,5228.1
20272,39,admin.,married,high.school,no,yes,no,cellular,aug,mon,3,999,0,nonexistent,1.4,93.444,-36.1,4.965,5228.1
20274,60,retired,married,basic.4y,unknown,no,no,cellular,aug,mon,3,999,0,nonexistent,1.4,93.444,-36.1,4.965,5228.1
20276,34,admin.,single,university.degree,no,yes,no,cellular,aug,mon,3,999,0,nonexistent,1.4,93.444,-36.1,4.965,5228.1
20287,34,admin.,single,university.degree,no,no,no,cellular,aug,mon,2,999,0,nonexistent,1.4,93.444,-36.1,4.965,5228.1
20295,36,technician,single,professional.course,no,no,no,cellular,aug,mon,4,999,0,nonexistent,1.4,93.444,-36.1,4.965,5228.1
20306,51,technician,married,professional.course,no,yes,no,cellular,aug,mon,3,999,0,nonexistent,1.4,93.444,-36.1,4.965,5228.1
20319,57,housemaid,married,basic.9y,unknown,yes,no,cellular,aug,mon,1,999,0,nonexistent,1.4,93.444,-36.1,4.965,5228.1
20323,35,technician,single,university.degree,no,yes,no,cellular,aug,mon,1,999,0,nonexistent,1.4,93.444,-36.1,4.965,5228.1
20324,48,admin.,married,high.school,no,yes,no,cellular,aug,mon,4,999,0,nonexistent,1.4,93.444,-36.1,4.965,5228.1
20339,43,admin.,married,university.degree,unknown,no,no,cellular,aug,tue,1,999,0,nonexistent,1.4,93.444,-36.1,4.966,5228.1
20343,31,admin.,married,university.degree,no,yes,no,cellular,aug,tue,6,999,0,nonexistent,1.4,93.444,-36.1,4.966,5228.1
20356,52,management,married,university.degree,no,yes,no,cellular,aug,tue,1,999,0,nonexistent,1.4,93.444,-36.1,4.966,5228.1
20369,31,technician,single,high.school,no,yes,yes,cellular,aug,tue,1,999,0,nonexistent,1.4,93.444,-36.1,4.966,5228.1
20406,35,services,married,high.school,no,yes,no,cellular,aug,tue,1,999,0,nonexistent,1.4,93.444,-36.1,4.966,5228.1
20426,51,entrepreneur,married,basic.4y,unknown,no,no,cellular,aug,tue,2,999,0,nonexistent,1.4,93.444,-36.1,4.966,5228.1
20427,33,technician,single,professional.course,no,yes,no,cellular,aug,tue,2,999,0,nonexistent,1.4,93.444,-36.1,4.966,5228.1
20429,31,unemployed,single,university.degree,no,yes,no,cellular,aug,tue,2,999,0,nonexistent,1.4,93.444,-36.1,4.966,5228.1
20434,38,technician,single,high.school,unknown,no,yes,cellular,aug,tue,3,999,0,nonexistent,1.4,93.444,-36.1,4.966,5228.1
20441,31,unemployed,single,university.degree,no,no,no,cellular,aug,tue,2,999,0,nonexistent,1.4,93.444,-36.1,4.966,5228.1
20454,51,blue-collar,married,basic.9y,unknown,yes,no,cellular,aug,tue,1,999,0,nonexistent,1.4,93.444,-36.1,4.966,5228.1
20467,54,admin.,married,high.school,no,no,yes,cellular,aug,tue,2,999,0,nonexistent,1.4,93.444,-36.1,4.966,5228.1
20479,51,housemaid,married,basic.4y,unknown,yes,no,cellular,aug,tue,2,999,0,nonexistent,1.4,93.444,-36.1,4.966,5228.1
20510,35,management,married,university.degree,no,no,no,cellular,aug,tue,1,999,0,nonexistent,1.4,93.444,-36.1,4.966,5228.1
20534,36,admin.,single,university.degree,no,yes,no,cellular,aug,tue,7,999,0,nonexistent,1.4,93.444,-36.1,4.966,5228.1
20539,56,admin.,married,university.degree,no,yes,no,cellular,aug,tue,4,999,0,nonexistent,1.4,93.444,-36.1,4.966,5228.1
20544,54,blue-collar,married,basic.4y,unknown,yes,no,cellular,aug,tue,5,999,0,nonexistent,1.4,93.444,-36.1,4.966,5228.1
20563,46,admin.,married,high.school,no,yes,no,cellular,aug,tue,3,999,0,nonexistent,1.4,93.444,-36.1,4.966,5228.1
20565,52,housemaid,divorced,high.school,no,yes,no,cellular,aug,tue,3,999,0,nonexistent,1.4,93.444,-36.1,4.966,5228.1
20567,52,services,married,basic.4y,no,yes,no,cellular,aug,tue,4,999,0,nonexistent,1.4,93.444,-36.1,4.966,5228.1
20569,32,technician,single,high.school,no,yes,no,cellular,aug,tue,2,999,0,nonexistent,1.4,93.444,-36.1,4.966,5228.1
20582,32,technician,married,professional.course,unknown,yes,no,cellular,aug,tue,4,999,0,nonexistent,1.4,93.444,-36.1,4.966,5228.1
20589,34,admin.,single,university.degree,no,no,no,cellular,aug,tue,3,999,0,nonexistent,1.4,93.444,-36.1,4.966,5228.1
20595,36,technician,married,university.degree,no,yes,no,cellular,aug,tue,3,999,0,nonexistent,1.4,93.444,-36.1,4.966,5228.1
20605,29,technician,unknown,high.school,no,yes,no,cellular,aug,wed,1,999,0,nonexistent,1.4,93.444,-36.1,4.965,5228.1
20612,35,technician,married,professional.course,unknown,yes,yes,cellular,aug,wed,1,999,0,nonexistent,1.4,93.444,-36.1,4.965,5228.1
20625,34,admin.,single,university.degree,unknown,no,no,telephone,aug,wed,2,999,0,nonexistent,1.4,93.444,-36.1,4.965,5228.1
20629,38,management,married,university.degree,no,no,no,cellular,aug,wed,1,999,0,nonexistent,1.4,93.444,-36.1,4.965,5228.1
20641,52,admin.,married,high.school,no,no,no,cellular,aug,wed,1,999,0,nonexistent,1.4,93.444,-36.1,4.965,5228.1
20644,46,blue-collar,married,basic.9y,no,no,no,cellular,aug,wed,1,999,0,nonexistent,1.4,93.444,-36.1,4.965,5228.1
20666,42,admin.,married,university.degree,no,yes,no,cellular,aug,wed,1,999,0,nonexistent,1.4,93.444,-36.1,4.965,5228.1
20676,36,admin.,divorced,university.degree,unknown,yes,yes,cellular,aug,wed,1,999,0,nonexistent,1.4,93.444,-36.1,4.965,5228.1
20680,31,admin.,married,high.school,no,yes,no,cellular,aug,wed,1,999,0,nonexistent,1.4,93.444,-36.1,4.965,5228.1
20681,41,admin.,married,university.degree,no,yes,no,cellular,aug,wed,1,999,0,nonexistent,1.4,93.444,-36.1,4.965,5228.1
20682,33,technician,single,university.degree,unknown,unknown,unknown,cellular,aug,wed,1,999,0,nonexistent,1.4,93.444,-36.1,4.965,5228.1
20719,31,technician,married,professional.course,no,yes,no,cellular,aug,wed,1,999,0,nonexistent,1.4,93.444,-36.1,4.965,5228.1
20724,39,technician,married,professional.course,no,yes,yes,cellular,aug,wed,6,999,0,nonexistent,1.4,93.444,-36.1,4.965,5228.1
20758,52,admin.,divorced,university.degree,no,no,no,cellular,aug,wed,2,999,0,nonexistent,1.4,93.444,-36.1,4.965,5228.1
20761,34,unknown,married,basic.6y,no,yes,no,cellular,aug,wed,1,999,0,nonexistent,1.4,93.444,-36.1,4.965,5228.1
20766,44,blue-collar,married,basic.6y,no,no,no,cellular,aug,wed,1,999,0,nonexistent,1.4,93.444,-36.1,4.965,5228.1
20767,32,management,married,university.degree,no,yes,no,cellular,aug,wed,1,999,0,nonexistent,1.4,93.444,-36.1,4.965,5228.1
20773,34,entrepreneur,married,professional.course,no,no,no,cellular,aug,wed,1,999,0,nonexistent,1.4,93.444,-36.1,4.965,5228.1
20782,41,technician,married,professional.course,no,no,no,cellular,aug,wed,1,999,0,nonexistent,1.4,93.444,-36.1,4.965,5228.1
20785,33,technician,married,professional.course,unknown,yes,no,cellular,aug,wed,1,999,0,nonexistent,1.4,93.444,-36.1,4.965,5228.1
20798,52,blue-collar,married,basic.6y,unknown,yes,no,cellular,aug,wed,1,999,0,nonexistent,1.4,93.444,-36.1,4.965,5228.1
20814,30,admin.,married,university.degree,no,no,no,cellular,aug,wed,2,999,0,nonexistent,1.4,93.444,-36.1,4.965,5228.1
20829,31,technician,single,professional.course,no,yes,no,cellular,aug,wed,3,999,0,nonexistent,1.4,93.444,-36.1,4.965,5228.1
20842,53,services,married,high.school,unknown,yes,no,cellular,aug,thu,1,999,0,nonexistent,1.4,93.444,-36.1,4.964,5228.1
20853,39,technician,married,professional.course,no,yes,no,cellular,aug,thu,3,999,0,nonexistent,1.4,93.444,-36.1,4.964,5228.1
20862,42,admin.,married,professional.course,unknown,yes,no,cellular,aug,thu,1,999,0,nonexistent,1.4,93.444,-36.1,4.964,5228.1
20871,31,admin.,married,university.degree,no,no,no,cellular,aug,thu,1,999,0,nonexistent,1.4,93.444,-36.1,4.964,5228.1
20873,35,admin.,married,university.degree,no,no,yes,cellular,aug,thu,1,999,0,nonexistent,1.4,93.444,-36.1,4.964,5228.1
20881,54,technician,married,university.degree,no,yes,no,cellular,aug,thu,2,999,0,nonexistent,1.4,93.444,-36.1,4.964,5228.1
20882,32,technician,married,professional.course,no,yes,no,cellular,aug,thu,1,999,0,nonexistent,1.4,93.444,-36.1,4.964,5228.1
20930,34,technician,married,high.school,no,yes,no,cellular,aug,thu,1,999,0,nonexistent,1.4,93.444,-36.1,4.964,5228.1
20935,29,admin.,single,high.school,no,no,no,cellular,aug,thu,1,999,0,nonexistent,1.4,93.444,-36.1,4.964,5228.1
20943,39,admin.,single,university.degree,no,no,no,cellular,aug,thu,1,999,0,nonexistent,1.4,93.444,-36.1,4.964,5228.1
20946,40,admin.,married,university.degree,no,yes,no,cellular,aug,thu,2,999,0,nonexistent,1.4,93.444,-36.1,4.964,5228.1
20951,31,admin.,married,university.degree,no,yes,no,cellular,aug,thu,1,999,0,nonexistent,1.4,93.444,-36.1,4.964,5228.1
20956,36,technician,divorced,professional.course,no,yes,no,cellular,aug,thu,3,999,0,nonexistent,1.4,93.444,-36.1,4.964,5228.1
20964,50,technician,single,university.degree,no,yes,no,cellular,aug,thu,1,999,0,nonexistent,1.4,93.444,-36.1,4.964,5228.1
20968,34,admin.,single,university.degree,no,yes,no,cellular,aug,thu,1,999,0,nonexistent,1.4,93.444,-36.1,4.964,5228.1
20973,29,technician,single,professional.course,no,yes,no,telephone,aug,thu,2,999,0,nonexistent,1.4,93.444,-36.1,4.964,5228.1
20985,30,admin.,divorced,university.degree,no,yes,no,cellular,aug,thu,2,999,0,nonexistent,1.4,93.444,-36.1,4.964,5228.1
21005,31,housemaid,married,basic.6y,no,yes,yes,telephone,aug,thu,1,999,0,nonexistent,1.4,93.444,-36.1,4.964,5228.1
21006,49,technician,married,professional.course,no,yes,yes,cellular,aug,thu,14,999,0,nonexistent,1.4,93.444,-36.1,4.964,5228.1
21021,49,blue-collar,married,basic.4y,no,yes,no,telephone,aug,thu,1,999,0,nonexistent,1.4,93.444,-36.1,4.964,5228.1
21031,30,technician,single,professional.course,no,yes,yes,cellular,aug,thu,3,999,0,nonexistent,1.4,93.444,-36.1,4.964,5228.1
21051,50,self-employed,married,basic.9y,no,yes,no,cellular,aug,thu,7,999,0,nonexistent,1.4,93.444,-36.1,4.964,5228.1
21067,47,blue-collar,married,unknown,unknown,no,no,telephone,aug,thu,13,999,0,nonexistent,1.4,93.444,-36.1,4.964,5228.1
21093,54,blue-collar,married,basic.4y,no,yes,no,cellular,aug,thu,2,999,0,nonexistent,1.4,93.444,-36.1,4.964,5228.1
21100,38,technician,divorced,university.degree,unknown,no,no,cellular,aug,mon,3,999,0,nonexistent,1.4,93.444,-36.1,4.963,5228.1
21112,33,admin.,married,university.degree,no,unknown,unknown,cellular,aug,mon,4,999,0,nonexistent,1.4,93.444,-36.1,4.963,5228.1
21119,53,blue-collar,married,basic.9y,no,yes,no,cellular,aug,mon,2,999,0,nonexistent,1.4,93.444,-36.1,4.963,5228.1
21125,56,retired,married,basic.6y,no,no,no,cellular,aug,mon,2,999,0,nonexistent,1.4,93.444,-36.1,4.963,5228.1
21127,39,admin.,single,university.degree,no,yes,no,cellular,aug,mon,3,999,0,nonexistent,1.4,93.444,-36.1,4.963,5228.1
21148,48,blue-collar,married,unknown,no,no,no,cellular,aug,mon,3,999,0,nonexistent,1.4,93.444,-36.1,4.963,5228.1
21153,46,services,married,unknown,unknown,yes,no,cellular,aug,mon,5,999,0,nonexistent,1.4,93.444,-36.1,4.963,5228.1
21158,30,admin.,married,university.degree,unknown,yes,no,cellular,aug,mon,2,999,0,nonexistent,1.4,93.444,-36.1,4.963,5228.1
21177,37,technician,married,professional.course,no,yes,no,cellular,aug,mon,2,999,0,nonexistent,1.4,93.444,-36.1,4.963,5228.1
21181,49,unemployed,married,high.school,no,yes,no,cellular,aug,mon,4,999,0,nonexistent,1.4,93.444,-36.1,4.963,5228.1
21208,31,management,married,university.degree,no,yes,yes,cellular,aug,mon,2,999,0,nonexistent,1.4,93.444,-36.1,4.963,5228.1
21218,33,admin.,married,university.degree,no,yes,no,cellular,aug,mon,2,999,0,nonexistent,1.4,93.444,-36.1,4.963,5228.1
21237,35,admin.,married,university.degree,unknown,no,no,telephone,aug,mon,1,999,0,nonexistent,1.4,93.444,-36.1,4.963,5228.1
21239,35,technician,married,professional.course,no,no,no,cellular,aug,mon,1,999,0,nonexistent,1.4,93.444,-36.1,4.963,5228.1
21242,33,admin.,married,university.degree,no,yes,no,cellular,aug,mon,1,999,0,nonexistent,1.4,93.444,-36.1,4.963,5228.1
21247,36,admin.,divorced,university.degree,unknown,yes,no,cellular,aug,mon,2,999,0,nonexistent,1.4,93.444,-36.1,4.963,5228.1
21250,38,technician,divorced,university.degree,unknown,no,no,cellular,aug,mon,5,999,0,nonexistent,1.4,93.444,-36.1,4.963,5228.1
21265,32,admin.,married,university.degree,no,yes,no,cellular,aug,mon,1,999,0,nonexistent,1.4,93.444,-36.1,4.963,5228.1
21270,30,technician,single,professional.course,unknown,yes,yes,cellular,aug,mon,2,999,0,nonexistent,1.4,93.444,-36.1,4.963,5228.1
21285,55,technician,married,professional.course,no,yes,yes,cellular,aug,mon,4,999,0,nonexistent,1.4,93.444,-36.1,4.963,5228.1
21286,34,admin.,single,university.degree,unknown,no,no,cellular,aug,mon,3,999,0,nonexistent,1.4,93.444,-36.1,4.963,5228.1
21290,33,unemployed,divorced,professional.course,no,yes,no,cellular,aug,mon,2,999,0,nonexistent,1.4,93.444,-36.1,4.963,5228.1
21296,30,admin.,married,university.degree,no,no,no,cellular,aug,mon,1,999,0,nonexistent,1.4,93.444,-36.1,4.963,5228.1
21310,38,admin.,single,university.degree,no,yes,no,cellular,aug,mon,5,999,0,nonexistent,1.4,93.444,-36.1,4.963,5228.1
21312,54,management,married,university.degree,unknown,yes,no,cellular,aug,mon,4,999,0,nonexistent,1.4,93.444,-36.1,4.963,5228.1
21316,42,management,married,university.degree,no,yes,no,cellular,aug,mon,2,999,0,nonexistent,1.4,93.444,-36.1,4.963,5228.1
21349,38,technician,married,professional.course,no,no,no,cellular,aug,mon,2,999,0,nonexistent,1.4,93.444,-36.1,4.963,5228.1
21363,44,management,married,university.degree,unknown,yes,no,cellular,aug,mon,5,999,0,nonexistent,1.4,93.444,-36.1,4.963,5228.1
21386,34,technician,single,professional.course,no,yes,no,cellular,aug,tue,9,999,0,nonexistent,1.4,93.444,-36.1,4.963,5228.1
21399,37,technician,married,university.degree,no,yes,no,cellular,aug,tue,1,999,0,nonexistent,1.4,93.444,-36.1,4.963,5228.1
21402,31,admin.,single,university.degree,unknown,yes,no,cellular,aug,tue,1,999,0,nonexistent,1.4,93.444,-36.1,4.963,5228.1
21421,54,technician,married,professional.course,unknown,yes,no,cellular,aug,tue,1,999,0,nonexistent,1.4,93.444,-36.1,4.963,5228.1
21436,42,management,married,high.school,no,yes,no,cellular,aug,tue,1,999,0,nonexistent,1.4,93.444,-36.1,4.963,5228.1
21445,35,admin.,married,university.degree,no,yes,no,cellular,aug,tue,2,999,0,nonexistent,1.4,93.444,-36.1,4.963,5228.1
21452,37,admin.,married,university.degree,no,yes,no,cellular,aug,tue,2,999,0,nonexistent,1.4,93.444,-36.1,4.963,5228.1
21470,33,technician,single,professional.course,no,no,no,cellular,aug,tue,1,999,0,nonexistent,1.4,93.444,-36.1,4.963,5228.1
21471,32,admin.,divorced,university.degree,no,no,no,cellular,aug,tue,6,999,0,nonexistent,1.4,93.444,-36.1,4.963,5228.1
21472,36,admin.,single,university.degree,no,no,no,cellular,aug,tue,1,999,0,nonexistent,1.4,93.444,-36.1,4.963,5228.1
21500,55,technician,married,professional.course,unknown,yes,no,cellular,aug,tue,2,999,0,nonexistent,1.4,93.444,-36.1,4.963,5228.1
21512,33,technician,married,professional.course,no,yes,no,cellular,aug,tue,1,999,0,nonexistent,1.4,93.444,-36.1,4.963,5228.1
21516,33,admin.,single,high.school,no,yes,no,cellular,aug,tue,1,999,0,nonexistent,1.4,93.444,-36.1,4.963,5228.1
21524,37,technician,married,high.school,no,no,no,cellular,aug,tue,1,999,0,nonexistent,1.4,93.444,-36.1,4.963,5228.1
21541,36,admin.,married,university.degree,unknown,no,no,cellular,aug,tue,13,999,0,nonexistent,1.4,93.444,-36.1,4.963,5228.1
21560,52,admin.,married,university.degree,no,yes,no,cellular,aug,tue,1,999,0,nonexistent,1.4,93.444,-36.1,4.963,5228.1
21563,33,technician,married,professional.course,no,no,no,cellular,aug,tue,2,999,0,nonexistent,1.4,93.444,-36.1,4.963,5228.1
21576,41,technician,married,university.degree,no,yes,no,cellular,aug,tue,2,999,0,nonexistent,1.4,93.444,-36.1,4.963,5228.1
21590,54,admin.,married,university.degree,unknown,no,no,cellular,aug,tue,1,999,0,nonexistent,1.4,93.444,-36.1,4.963,5228.1
21599,49,blue-collar,married,basic.9y,unknown,no,no,cellular,aug,tue,1,999,0,nonexistent,1.4,93.444,-36.1,4.963,5228.1
21617,31,management,married,university.degree,no,no,no,cellular,aug,tue,2,999,0,nonexistent,1.4,93.444,-36.1,4.963,5228.1
21625,31,admin.,married,university.degree,no,yes,no,cellular,aug,tue,1,999,0,nonexistent,1.4,93.444,-36.1,4.963,5228.1
21631,36,admin.,single,university.degree,no,no,no,cellular,aug,tue,1,999,0,nonexistent,1.4,93.444,-36.1,4.963,5228.1
21632,32,admin.,single,university.degree,no,yes,yes,cellular,aug,tue,3,999,0,nonexistent,1.4,93.444,-36.1,4.963,5228.1
21656,31,admin.,single,university.degree,no,yes,no,cellular,aug,tue,2,999,0,nonexistent,1.4,93.444,-36.1,4.963,5228.1
21662,35,technician,married,professional.course,no,no,no,cellular,aug,tue,1,999,0,nonexistent,1.4,93.444,-36.1,4.963,5228.1
21688,33,technician,single,university.degree,no,no,no,cellular,aug,tue,3,999,0,nonexistent,1.4,93.444,-36.1,4.963,5228.1
21691,33,admin.,divorced,high.school,no,no,no,cellular,aug,tue,3,999,0,nonexistent,1.4,93.444,-36.1,4.963,5228.1
21703,30,admin.,single,professional.course,no,no,no,cellular,aug,tue,7,999,0,nonexistent,1.4,93.444,-36.1,4.963,5228.1
21708,53,self-employed,married,basic.4y,no,no,no,cellular,aug,tue,11,999,0,nonexistent,1.4,93.444,-36.1,4.963,5228.1
21714,41,technician,single,professional.course,unknown,no,yes,cellular,aug,tue,3,999,0,nonexistent,1.4,93.444,-36.1,4.963,5228.1
21719,37,services,married,high.school,no,no,no,cellular,aug,tue,3,999,0,nonexistent,1.4,93.444,-36.1,4.963,5228.1
21731,30,admin.,single,university.degree,no,yes,no,cellular,aug,tue,3,999,0,nonexistent,1.4,93.444,-36.1,4.963,5228.1
21735,52,admin.,divorced,unknown,no,no,no,cellular,aug,tue,5,999,0,nonexistent,1.4,93.444,-36.1,4.963,5228.1
21751,52,blue-collar,married,basic.9y,unknown,yes,no,telephone,aug,tue,4,999,0,nonexistent,1.4,93.444,-36.1,4.963,5228.1
21757,60,retired,married,basic.4y,unknown,yes,yes,cellular,aug,tue,8,999,0,nonexistent,1.4,93.444,-36.1,4.963,5228.1
21758,40,admin.,divorced,university.degree,unknown,yes,no,cellular,aug,tue,2,999,0,nonexistent,1.4,93.444,-36.1,4.963,5228.1
21760,40,admin.,divorced,university.degree,unknown,yes,no,cellular,aug,tue,11,999,0,nonexistent,1.4,93.444,-36.1,4.963,5228.1
21766,38,admin.,single,university.degree,unknown,yes,yes,cellular,aug,wed,5,999,0,nonexistent,1.4,93.444,-36.1,4.964,5228.1
21770,30,technician,single,professional.course,no,no,no,cellular,aug,wed,4,999,0,nonexistent,1.4,93.444,-36.1,4.964,5228.1
21778,33,admin.,single,university.degree,unknown,yes,no,cellular,aug,wed,3,999,0,nonexistent,1.4,93.444,-36.1,4.964,5228.1
21791,53,management,married,university.degree,no,no,no,cellular,aug,wed,2,999,0,nonexistent,1.4,93.444,-36.1,4.964,5228.1
21807,29,admin.,single,university.degree,no,no,no,cellular,aug,wed,2,999,0,nonexistent,1.4,93.444,-36.1,4.964,5228.1
21833,29,admin.,single,university.degree,no,yes,no,cellular,aug,wed,1,999,0,nonexistent,1.4,93.444,-36.1,4.964,5228.1
21835,42,technician,married,professional.course,no,yes,no,cellular,aug,wed,1,999,0,nonexistent,1.4,93.444,-36.1,4.964,5228.1
21854,42,technician,married,professional.course,no,yes,no,cellular,aug,wed,1,999,0,nonexistent,1.4,93.444,-36.1,4.964,5228.1
21857,31,technician,married,university.degree,no,yes,yes,cellular,aug,wed,2,999,0,nonexistent,1.4,93.444,-36.1,4.964,5228.1
21879,50,blue-collar,married,basic.9y,no,no,no,cellular,aug,wed,1,999,0,nonexistent,1.4,93.444,-36.1,4.964,5228.1
21884,53,blue-collar,married,basic.4y,no,yes,no,cellular,aug,wed,2,999,0,nonexistent,1.4,93.444,-36.1,4.964,5228.1
21893,48,blue-collar,married,basic.9y,no,yes,no,cellular,aug,wed,2,999,0,nonexistent,1.4,93.444,-36.1,4.964,5228.1
21898,31,admin.,married,university.degree,no,no,no,cellular,aug,wed,1,999,0,nonexistent,1.4,93.444,-36.1,4.964,5228.1
21915,48,admin.,married,high.school,no,no,no,cellular,aug,wed,2,999,0,nonexistent,1.4,93.444,-36.1,4.964,5228.1
21938,37,technician,married,professional.course,no,yes,no,cellular,aug,wed,2,999,0,nonexistent,1.4,93.444,-36.1,4.964,5228.1
21958,53,admin.,married,university.degree,no,no,no,cellular,aug,wed,3,999,0,nonexistent,1.4,93.444,-36.1,4.964,5228.1
21963,43,management,married,university.degree,no,no,no,cellular,aug,wed,2,999,0,nonexistent,1.4,93.444,-36.1,4.964,5228.1
21964,33,admin.,divorced,university.degree,no,no,no,cellular,aug,wed,2,999,0,nonexistent,1.4,93.444,-36.1,4.964,5228.1
21981,34,technician,single,university.degree,no,yes,no,cellular,aug,wed,1,999,0,nonexistent,1.4,93.444,-36.1,4.964,5228.1
21988,46,blue-collar,married,basic.4y,no,no,no,cellular,aug,wed,1,999,0,nonexistent,1.4,93.444,-36.1,4.964,5228.1
21996,29,technician,single,university.degree,no,no,no,cellular,aug,wed,2,999,0,nonexistent,1.4,93.444,-36.1,4.964,5228.1
22013,43,admin.,divorced,university.degree,no,no,yes,cellular,aug,wed,3,999,0,nonexistent,1.4,93.444,-36.1,4.964,5228.1
22018,56,retired,married,basic.4y,unknown,no,no,cellular,aug,wed,2,999,0,nonexistent,1.4,93.444,-36.1,4.964,5228.1
22030,32,admin.,married,university.degree,no,yes,no,cellular,aug,wed,3,999,0,nonexistent,1.4,93.444,-36.1,4.964,5228.1
22040,36,admin.,married,university.degree,no,yes,no,cellular,aug,wed,3,999,0,nonexistent,1.4,93.444,-36.1,4.964,5228.1
22045,36,technician,married,high.school,no,yes,no,cellular,aug,wed,3,999,0,nonexistent,1.4,93.444,-36.1,4.964,5228.1
22050,31,technician,single,high.school,no,yes,yes,cellular,aug,wed,3,999,0,nonexistent,1.4,93.444,-36.1,4.964,5228.1
22055,30,housemaid,married,university.degree,no,yes,no,cellular,aug,wed,4,999,0,nonexistent,1.4,93.444,-36.1,4.964,5228.1
22058,33,admin.,married,university.degree,no,yes,no,cellular,aug,wed,3,999,0,nonexistent,1.4,93.444,-36.1,4.964,5228.1
22060,53,admin.,divorced,university.degree,no,yes,no,cellular,aug,wed,4,999,0,nonexistent,1.4,93.444,-36.1,4.964,5228.1
22074,45,housemaid,married,basic.4y,no,no,no,cellular,aug,wed,5,999,0,nonexistent,1.4,93.444,-36.1,4.964,5228.1
22100,31,technician,single,university.degree,no,yes,no,cellular,aug,wed,4,999,0,nonexistent,1.4,93.444,-36.1,4.964,5228.1
22183,34,housemaid,single,university.degree,no,yes,no,cellular,aug,thu,3,999,0,nonexistent,1.4,93.444,-36.1,4.963,5228.1
22201,47,services,married,basic.9y,no,unknown,unknown,cellular,aug,thu,2,999,0,nonexistent,1.4,93.444,-36.1,4.963,5228.1
22223,49,blue-collar,married,basic.6y,no,no,no,cellular,aug,thu,2,999,0,nonexistent,1.4,93.444,-36.1,4.963,5228.1
22228,47,housemaid,married,basic.9y,no,no,no,cellular,aug,thu,1,999,0,nonexistent,1.4,93.444,-36.1,4.963,5228.1
22243,41,technician,married,professional.course,no,no,yes,cellular,aug,thu,2,999,0,nonexistent,1.4,93.444,-36.1,4.963,5228.1
22245,56,housemaid,married,basic.9y,unknown,no,no,cellular,aug,thu,3,999,0,nonexistent,1.4,93.444,-36.1,4.963,5228.1
22252,29,admin.,single,university.degree,no,no,no,cellular,aug,thu,15,999,0,nonexistent,1.4,93.444,-36.1,4.963,5228.1
22262,40,technician,married,professional.course,no,yes,no,cellular,aug,thu,3,999,0,nonexistent,1.4,93.444,-36.1,4.963,5228.1
22264,31,admin.,single,university.degree,no,yes,no,cellular,aug,thu,5,999,0,nonexistent,1.4,93.444,-36.1,4.963,5228.1
22267,31,admin.,single,university.degree,unknown,yes,no,cellular,aug,thu,1,999,0,nonexistent,1.4,93.444,-36.1,4.963,5228.1
22274,56,blue-collar,married,basic.9y,no,yes,no,cellular,aug,thu,1,999,0,nonexistent,1.4,93.444,-36.1,4.963,5228.1
22294,35,technician,single,professional.course,no,yes,yes,cellular,aug,thu,1,999,0,nonexistent,1.4,93.444,-36.1,4.963,5228.1
22301,31,technician,single,professional.course,no,no,no,cellular,aug,thu,1,999,0,nonexistent,1.4,93.444,-36.1,4.963,5228.1
22303,48,blue-collar,married,basic.6y,no,yes,no,cellular,aug,thu,1,999,0,nonexistent,1.4,93.444,-36.1,4.963,5228.1
22327,48,management,married,university.degree,unknown,no,no,cellular,aug,thu,3,999,0,nonexistent,1.4,93.444,-36.1,4.963,5228.1
22331,55,blue-collar,married,basic.4y,unknown,yes,no,cellular,aug,thu,3,999,0,nonexistent,1.4,93.444,-36.1,4.963,5228.1
22349,34,technician,married,professional.course,unknown,yes,yes,cellular,aug,thu,3,999,0,nonexistent,1.4,93.444,-36.1,4.963,5228.1
22362,50,admin.,married,unknown,no,yes,no,cellular,aug,thu,1,999,0,nonexistent,1.4,93.444,-36.1,4.963,5228.1
22364,53,blue-collar,married,basic.4y,no,yes,no,cellular,aug,thu,1,999,0,nonexistent,1.4,93.444,-36.1,4.963,5228.1
22365,30,technician,divorced,high.school,no,no,no,cellular,aug,thu,4,999,0,nonexistent,1.4,93.444,-36.1,4.963,5228.1
22367,41,housemaid,married,university.degree,no,yes,no,cellular,aug,thu,1,999,0,nonexistent,1.4,93.444,-36.1,4.963,5228.1
22368,50,admin.,married,unknown,no,yes,no,cellular,aug,thu,1,999,0,nonexistent,1.4,93.444,-36.1,4.963,5228.1
22372,35,technician,single,professional.course,no,no,no,cellular,aug,thu,3,999,0,nonexistent,1.4,93.444,-36.1,4.963,5228.1
22377,31,admin.,divorced,university.degree,no,unknown,unknown,cellular,aug,fri,3,999,0,nonexistent,1.4,93.444,-36.1,4.964,5228.1
22381,36,admin.,married,university.degree,unknown,yes,yes,cellular,aug,fri,1,999,0,nonexistent,1.4,93.444,-36.1,4.964,5228.1
22386,39,admin.,married,university.degree,no,yes,no,cellular,aug,fri,4,999,0,nonexistent,1.4,93.444,-36.1,4.964,5228.1
22391,35,technician,single,university.degree,no,yes,no,cellular,aug,fri,4,999,0,nonexistent,1.4,93.444,-36.1,4.964,5228.1
22396,45,housemaid,married,unknown,unknown,yes,yes,cellular,aug,fri,1,999,0,nonexistent,1.4,93.444,-36.1,4.964,5228.1
22409,44,admin.,married,high.school,no,yes,no,cellular,aug,fri,1,999,0,nonexistent,1.4,93.444,-36.1,4.964,5228.1
22412,59,admin.,married,professional.course,no,yes,no,cellular,aug,fri,1,999,0,nonexistent,1.4,93.444,-36.1,4.964,5228.1
22422,33,admin.,married,university.degree,no,yes,no,cellular,aug,fri,1,999,0,nonexistent,1.4,93.444,-36.1,4.964,5228.1
22425,41,self-employed,married,basic.9y,no,yes,no,cellular,aug,fri,4,999,0,nonexistent,1.4,93.444,-36.1,4.964,5228.1
22426,59,admin.,married,professional.course,no,yes,yes,cellular,aug,fri,1,999,0,nonexistent,1.4,93.444,-36.1,4.964,5228.1
22451,30,admin.,single,high.school,no,no,no,cellular,aug,fri,1,999,0,nonexistent,1.4,93.444,-36.1,4.964,5228.1
22462,51,blue-collar,married,basic.4y,no,no,no,cellular,aug,fri,2,999,0,nonexistent,1.4,93.444,-36.1,4.964,5228.1
22466,47,admin.,divorced,university.degree,no,yes,no,cellular,aug,fri,2,999,0,nonexistent,1.4,93.444,-36.1,4.964,5228.1
22506,30,admin.,single,high.school,no,no,no,cellular,aug,fri,1,999,0,nonexistent,1.4,93.444,-36.1,4.964,5228.1
22524,29,technician,single,high.school,no,yes,no,cellular,aug,fri,3,999,0,nonexistent,1.4,93.444,-36.1,4.964,5228.1
22533,38,technician,single,university.degree,no,yes,no,cellular,aug,fri,1,999,0,nonexistent,1.4,93.444,-36.1,4.964,5228.1
22541,48,technician,married,university.degree,no,no,no,cellular,aug,fri,1,999,0,nonexistent,1.4,93.444,-36.1,4.964,5228.1
22556,29,admin.,married,university.degree,no,yes,no,cellular,aug,fri,2,999,0,nonexistent,1.4,93.444,-36.1,4.964,5228.1
22562,33,admin.,single,university.degree,no,no,no,cellular,aug,fri,3,999,0,nonexistent,1.4,93.444,-36.1,4.964,5228.1
22581,37,admin.,single,university.degree,no,yes,no,cellular,aug,fri,7,999,0,nonexistent,1.4,93.444,-36.1,4.964,5228.1
22584,31,technician,married,university.degree,no,no,no,cellular,aug,fri,3,999,0,nonexistent,1.4,93.444,-36.1,4.964,5228.1
22602,52,admin.,married,unknown,unknown,no,no,cellular,aug,fri,2,999,0,nonexistent,1.4,93.444,-36.1,4.964,5228.1
22606,30,admin.,single,university.degree,unknown,no,no,cellular,aug,fri,3,999,0,nonexistent,1.4,93.444,-36.1,4.964,5228.1
22612,53,self-employed,married,basic.9y,no,yes,yes,cellular,aug,fri,7,999,0,nonexistent,1.4,93.444,-36.1,4.964,5228.1
22616,53,admin.,divorced,university.degree,no,yes,no,cellular,aug,fri,2,999,0,nonexistent,1.4,93.444,-36.1,4.964,5228.1
22633,59,management,married,university.degree,no,no,no,cellular,aug,fri,3,999,0,nonexistent,1.4,93.444,-36.1,4.964,5228.1
22662,31,technician,married,professional.course,no,yes,no,cellular,aug,fri,3,999,0,nonexistent,1.4,93.444,-36.1,4.964,5228.1
22668,31,technician,married,professional.course,no,yes,yes,cellular,aug,fri,4,999,0,nonexistent,1.4,93.444,-36.1,4.964,5228.1
22683,31,management,married,university.degree,no,no,no,cellular,aug,fri,3,999,0,nonexistent,1.4,93.444,-36.1,4.964,5228.1
22691,46,housemaid,married,basic.4y,no,no,no,cellular,aug,fri,1,999,0,nonexistent,1.4,93.444,-36.1,4.964,5228.1
22696,32,technician,single,professional.course,no,no,yes,cellular,aug,fri,5,999,0,nonexistent,1.4,93.444,-36.1,4.964,5228.1
22698,53,blue-collar,married,basic.9y,no,yes,no,cellular,aug,fri,1,999,0,nonexistent,1.4,93.444,-36.1,4.964,5228.1
22710,31,technician,divorced,professional.course,no,yes,no,cellular,aug,fri,1,999,0,nonexistent,1.4,93.444,-36.1,4.964,5228.1
22723,52,services,married,high.school,unknown,unknown,unknown,cellular,aug,mon,5,999,0,nonexistent,1.4,93.444,-36.1,4.965,5228.1
22724,47,technician,married,professional.course,no,yes,no,cellular,aug,mon,3,999,0,nonexistent,1.4,93.444,-36.1,4.965,5228.1
22726,33,technician,married,professional.course,unknown,yes,no,cellular,aug,mon,3,999,0,nonexistent,1.4,93.444,-36.1,4.965,5228.1
22731,29,admin.,single,university.degree,no,yes,no,cellular,aug,mon,3,999,0,nonexistent,1.4,93.444,-36.1,4.965,5228.1
22732,30,technician,single,professional.course,no,no,no,cellular,aug,mon,3,999,0,nonexistent,1.4,93.444,-36.1,4.965,5228.1
22748,40,admin.,single,university.degree,no,yes,no,cellular,aug,mon,3,999,0,nonexistent,1.4,93.444,-36.1,4.965,5228.1
22749,36,admin.,married,professional.course,no,yes,no,cellular,aug,mon,7,999,0,nonexistent,1.4,93.444,-36.1,4.965,5228.1
22757,29,admin.,single,university.degree,unknown,yes,no,cellular,aug,mon,3,999,0,nonexistent,1.4,93.444,-36.1,4.965,5228.1
22760,46,admin.,married,university.degree,unknown,no,no,cellular,aug,mon,2,999,0,nonexistent,1.4,93.444,-36.1,4.965,5228.1
22765,35,management,divorced,university.degree,no,yes,no,cellular,aug,mon,2,999,0,nonexistent,1.4,93.444,-36.1,4.965,5228.1
22787,57,self-employed,married,university.degree,unknown,yes,no,cellular,aug,mon,2,999,0,nonexistent,1.4,93.444,-36.1,4.965,5228.1
22801,35,technician,married,professional.course,no,no,no,cellular,aug,mon,2,999,0,nonexistent,1.4,93.444,-36.1,4.965,5228.1
22813,40,technician,married,professional.course,no,no,no,cellular,aug,mon,9,999,0,nonexistent,1.4,93.444,-36.1,4.965,5228.1
22817,58,management,married,university.degree,no,yes,no,cellular,aug,mon,3,999,0,nonexistent,1.4,93.444,-36.1,4.965,5228.1
22844,48,housemaid,married,basic.4y,no,no,no,cellular,aug,mon,1,999,0,nonexistent,1.4,93.444,-36.1,4.965,5228.1
22886,44,blue-collar,married,basic.4y,no,no,yes,cellular,aug,mon,2,999,0,nonexistent,1.4,93.444,-36.1,4.965,5228.1
22889,29,admin.,married,university.degree,no,no,no,cellular,aug,mon,2,999,0,nonexistent,1.4,93.444,-36.1,4.965,5228.1
22902,52,services,married,professional.course,unknown,yes,yes,cellular,aug,mon,3,999,0,nonexistent,1.4,93.444,-36.1,4.965,5228.1
22914,37,technician,married,professional.course,no,yes,no,cellular,aug,mon,4,999,0,nonexistent,1.4,93.444,-36.1,4.965,5228.1
22925,57,services,married,high.school,unknown,yes,no,telephone,aug,mon,9,999,0,nonexistent,1.4,93.444,-36.1,4.965,5228.1
22947,53,management,married,university.degree,no,no,no,cellular,aug,mon,4,999,0,nonexistent,1.4,93.444,-36.1,4.965,5228.1
22952,32,technician,divorced,high.school,no,yes,yes,cellular,aug,mon,2,999,0,nonexistent,1.4,93.444,-36.1,4.965,5228.1
22967,59,management,married,university.degree,no,no,yes,cellular,aug,mon,3,999,0,nonexistent,1.4,93.444,-36.1,4.965,5228.1
22968,53,admin.,married,university.degree,no,yes,no,cellular,aug,mon,3,999,0,nonexistent,1.4,93.444,-36.1,4.965,5228.1
22969,47,self-employed,married,university.degree,no,no,no,cellular,aug,mon,3,999,0,nonexistent,1.4,93.444,-36.1,4.965,5228.1
22990,37,technician,married,professional.course,no,no,no,cellular,aug,mon,5,999,0,nonexistent,1.4,93.444,-36.1,4.965,5228.1
22995,34,technician,married,high.school,no,yes,no,cellular,aug,mon,3,999,0,nonexistent,1.4,93.444,-36.1,4.965,5228.1
22997,59,housemaid,married,basic.4y,unknown,yes,yes,cellular,aug,mon,5,999,0,nonexistent,1.4,93.444,-36.1,4.965,5228.1
23005,38,admin.,married,university.degree,no,no,no,cellular,aug,tue,2,999,0,nonexistent,1.4,93.444,-36.1,4.965,5228.1
23021,50,admin.,divorced,high.school,no,no,no,cellular,aug,tue,9,999,0,nonexistent,1.4,93.444,-36.1,4.965,5228.1
23056,55,technician,divorced,professional.course,unknown,yes,no,cellular,aug,tue,1,999,0,nonexistent,1.4,93.444,-36.1,4.965,5228.1
23059,46,admin.,married,basic.9y,no,no,no,cellular,aug,tue,4,999,0,nonexistent,1.4,93.444,-36.1,4.965,5228.1
23062,34,technician,single,professional.course,no,yes,no,cellular,aug,tue,1,999,0,nonexistent,1.4,93.444,-36.1,4.965,5228.1
23077,50,blue-collar,married,professional.course,no,yes,yes,cellular,aug,tue,8,999,0,nonexistent,1.4,93.444,-36.1,4.965,5228.1
23107,33,management,married,university.degree,no,yes,no,cellular,aug,tue,1,999,0,nonexistent,1.4,93.444,-36.1,4.965,5228.1
23111,30,technician,married,professional.course,no,no,no,cellular,aug,tue,1,999,0,nonexistent,1.4,93.444,-36.1,4.965,5228.1
23118,48,technician,married,university.degree,no,yes,no,cellular,aug,tue,2,999,0,nonexistent,1.4,93.444,-36.1,4.965,5228.1
23130,37,housemaid,married,basic.4y,unknown,yes,no,cellular,aug,tue,1,999,0,nonexistent,1.4,93.444,-36.1,4.965,5228.1
23135,38,technician,married,university.degree,no,no,no,cellular,aug,tue,1,999,0,nonexistent,1.4,93.444,-36.1,4.965,5228.1
23141,38,admin.,married,university.degree,no,no,no,cellular,aug,tue,1,999,0,nonexistent,1.4,93.444,-36.1,4.965,5228.1
23156,52,blue-collar,married,basic.4y,no,no,no,cellular,aug,tue,6,999,0,nonexistent,1.4,93.444,-36.1,4.965,5228.1
23191,55,admin.,married,university.degree,no,yes,no,cellular,aug,tue,2,999,0,nonexistent,1.4,93.444,-36.1,4.965,5228.1
23195,43,management,married,university.degree,no,no,no,cellular,aug,tue,3,999,0,nonexistent,1.4,93.444,-36.1,4.965,5228.1
23197,51,admin.,married,university.degree,no,yes,no,cellular,aug,tue,7,999,0,nonexistent,1.4,93.444,-36.1,4.965,5228.1
23211,53,unknown,married,basic.4y,unknown,no,no,cellular,aug,tue,2,999,0,nonexistent,1.4,93.444,-36.1,4.965,5228.1
23214,37,services,married,high.school,no,no,no,cellular,aug,tue,7,999,0,nonexistent,1.4,93.444,-36.1,4.965,5228.1
23226,44,technician,married,professional.course,no,no,no,cellular,aug,tue,6,999,0,nonexistent,1.4,93.444,-36.1,4.965,5228.1
23229,29,services,married,professional.course,unknown,yes,no,cellular,aug,tue,6,999,0,nonexistent,1.4,93.444,-36.1,4.965,5228.1
23248,58,housemaid,married,professional.course,no,yes,no,cellular,aug,tue,10,999,0,nonexistent,1.4,93.444,-36.1,4.965,5228.1
23249,47,technician,married,professional.course,no,yes,no,cellular,aug,wed,3,999,0,nonexistent,1.4,93.444,-36.1,4.964,5228.1
23264,29,admin.,single,university.degree,no,no,no,cellular,aug,wed,6,999,0,nonexistent,1.4,93.444,-36.1,4.964,5228.1
23267,29,technician,single,professional.course,no,no,no,cellular,aug,wed,4,999,0,nonexistent,1.4,93.444,-36.1,4.964,5228.1
23274,53,unknown,married,basic.4y,unknown,no,no,cellular,aug,wed,4,999,0,nonexistent,1.4,93.444,-36.1,4.964,5228.1
23280,36,admin.,married,university.degree,unknown,yes,no,cellular,aug,wed,11,999,0,nonexistent,1.4,93.444,-36.1,4.964,5228.1
23286,51,technician,married,high.school,no,yes,no,cellular,aug,wed,4,999,0,nonexistent,1.4,93.444,-36.1,4.964,5228.1
23295,58,admin.,single,university.degree,no,no,no,cellular,aug,wed,5,999,0,nonexistent,1.4,93.444,-36.1,4.964,5228.1
23302,46,admin.,married,university.degree,unknown,yes,no,cellular,aug,wed,9,999,0,nonexistent,1.4,93.444,-36.1,4.964,5228.1
23305,40,admin.,married,university.degree,no,yes,no,cellular,aug,wed,1,999,0,nonexistent,1.4,93.444,-36.1,4.964,5228.1
23310,57,retired,married,professional.course,unknown,no,no,cellular,aug,wed,3,999,0,nonexistent,1.4,93.444,-36.1,4.964,5228.1
23314,30,admin.,single,university.degree,no,no,no,cellular,aug,wed,1,999,0,nonexistent,1.4,93.444,-36.1,4.964,5228.1
23320,41,technician,single,high.school,no,yes,no,cellular,aug,wed,3,999,0,nonexistent,1.4,93.444,-36.1,4.964,5228.1
23359,54,technician,married,professional.course,no,yes,no,cellular,aug,wed,10,999,0,nonexistent,1.4,93.444,-36.1,4.964,5228.1
23367,57,retired,married,professional.course,no,yes,no,telephone,aug,wed,4,999,0,nonexistent,1.4,93.444,-36.1,4.964,5228.1
23373,47,technician,divorced,high.school,no,yes,no,cellular,aug,wed,3,999,0,nonexistent,1.4,93.444,-36.1,4.964,5228.1
23377,30,technician,single,professional.course,no,yes,no,cellular,aug,wed,2,999,0,nonexistent,1.4,93.444,-36.1,4.964,5228.1
23387,38,technician,single,high.school,no,no,no,cellular,aug,wed,2,999,0,nonexistent,1.4,93.444,-36.1,4.964,5228.1
23394,56,retired,divorced,university.degree,unknown,no,no,cellular,aug,wed,2,999,0,nonexistent,1.4,93.444,-36.1,4.964,5228.1
23397,37,technician,married,university.degree,no,yes,no,cellular,aug,wed,3,999,0,nonexistent,1.4,93.444,-36.1,4.964,5228.1
23399,43,technician,married,professional.course,no,yes,no,cellular,aug,wed,7,999,0,nonexistent,1.4,93.444,-36.1,4.964,5228.1
23416,44,technician,married,professional.course,no,no,no,cellular,aug,wed,2,999,0,nonexistent,1.4,93.444,-36.1,4.964,5228.1
23450,36,management,married,university.degree,no,no,no,cellular,aug,wed,7,999,0,nonexistent,1.4,93.444,-36.1,4.964,5228.1
23459,54,housemaid,married,basic.4y,unknown,no,no,telephone,aug,wed,6,999,0,nonexistent,1.4,93.444,-36.1,4.964,5228.1
23468,39,technician,married,professional.course,unknown,yes,no,cellular,aug,wed,2,999,0,nonexistent,1.4,93.444,-36.1,4.964,5228.1
23471,55,admin.,married,high.school,no,yes,yes,cellular,aug,wed,3,999,0,nonexistent,1.4,93.444,-36.1,4.964,5228.1
23480,30,technician,single,professional.course,no,yes,no,cellular,aug,thu,4,999,0,nonexistent,1.4,93.444,-36.1,4.962,5228.1
23482,33,technician,single,university.degree,no,yes,no,cellular,aug,thu,11,999,0,nonexistent,1.4,93.444,-36.1,4.962,5228.1
23498,32,technician,married,professional.course,no,yes,no,cellular,aug,thu,6,999,0,nonexistent,1.4,93.444,-36.1,4.962,5228.1
23509,32,admin.,single,university.degree,no,yes,no,cellular,aug,thu,2,999,0,nonexistent,1.4,93.444,-36.1,4.962,5228.1
23513,41,technician,divorced,professional.course,no,yes,no,cellular,aug,thu,6,999,0,nonexistent,1.4,93.444,-36.1,4.962,5228.1
23516,57,technician,married,university.degree,unknown,yes,yes,cellular,aug,thu,9,999,0,nonexistent,1.4,93.444,-36.1,4.962,5228.1
23558,33,services,married,professional.course,no,yes,yes,cellular,aug,thu,1,999,0,nonexistent,1.4,93.444,-36.1,4.962,5228.1
23575,47,admin.,married,high.school,no,yes,yes,cellular,aug,thu,6,999,0,nonexistent,1.4,93.444,-36.1,4.962,5228.1
23587,49,admin.,married,university.degree,unknown,no,no,cellular,aug,thu,2,999,0,nonexistent,1.4,93.444,-36.1,4.962,5228.1
23593,40,technician,divorced,professional.course,no,no,yes,cellular,aug,thu,22,999,0,nonexistent,1.4,93.444,-36.1,4.962,5228.1
23610,30,admin.,single,university.degree,no,no,no,cellular,aug,thu,5,999,0,nonexistent,1.4,93.444,-36.1,4.962,5228.1
23611,35,admin.,married,university.degree,no,yes,no,cellular,aug,thu,10,999,0,nonexistent,1.4,93.444,-36.1,4.962,5228.1
23613,53,housemaid,married,basic.4y,unknown,yes,no,telephone,aug,thu,7,999,0,nonexistent,1.4,93.444,-36.1,4.962,5228.1
23673,35,technician,married,university.degree,no,yes,no,cellular,aug,thu,10,999,0,nonexistent,1.4,93.444,-36.1,4.962,5228.1
23688,33,technician,single,university.degree,no,no,no,cellular,aug,thu,9,999,0,nonexistent,1.4,93.444,-36.1,4.962,5228.1
23696,53,management,married,university.degree,no,no,no,cellular,aug,thu,4,999,0,nonexistent,1.4,93.444,-36.1,4.962,5228.1
23699,31,technician,married,professional.course,no,no,no,cellular,aug,thu,10,999,0,nonexistent,1.4,93.444,-36.1,4.962,5228.1
23709,53,technician,married,professional.course,unknown,yes,no,cellular,aug,thu,1,999,0,nonexistent,1.4,93.444,-36.1,4.962,5228.1
23724,44,admin.,married,university.degree,no,yes,no,cellular,aug,thu,4,999,0,nonexistent,1.4,93.444,-36.1,4.962,5228.1
23726,31,admin.,single,university.degree,no,yes,yes,cellular,aug,thu,7,999,0,nonexistent,1.4,93.444,-36.1,4.962,5228.1
23727,48,blue-collar,married,basic.9y,no,yes,no,cellular,aug,thu,3,999,0,nonexistent,1.4,93.444,-36.1,4.962,5228.1
23728,30,admin.,married,university.degree,no,yes,no,cellular,aug,thu,23,999,0,nonexistent,1.4,93.444,-36.1,4.962,5228.1
23745,39,admin.,single,university.degree,no,yes,yes,cellular,aug,thu,8,999,0,nonexistent,1.4,93.444,-36.1,4.962,5228.1
23768,43,admin.,married,university.degree,no,yes,no,cellular,aug,thu,10,999,0,nonexistent,1.4,93.444,-36.1,4.962,5228.1
23774,29,admin.,single,university.degree,no,no,no,cellular,aug,thu,9,999,0,nonexistent,1.4,93.444,-36.1,4.962,5228.1
23776,31,technician,married,professional.course,no,yes,no,cellular,aug,thu,1,999,0,nonexistent,1.4,93.444,-36.1,4.962,5228.1
23779,41,management,married,university.degree,no,yes,no,cellular,aug,fri,1,999,0,nonexistent,1.4,93.444,-36.1,4.963,5228.1
23780,34,technician,divorced,professional.course,no,yes,no,cellular,aug,fri,1,999,0,nonexistent,1.4,93.444,-36.1,4.963,5228.1
23789,41,admin.,married,university.degree,no,yes,no,cellular,aug,fri,13,999,0,nonexistent,1.4,93.444,-36.1,4.963,5228.1
23799,33,technician,single,university.degree,no,no,no,cellular,aug,fri,1,999,0,nonexistent,1.4,93.444,-36.1,4.963,5228.1
23805,49,technician,married,high.school,unknown,no,no,cellular,aug,fri,2,999,0,nonexistent,1.4,93.444,-36.1,4.963,5228.1
23814,30,admin.,married,university.degree,no,yes,no,cellular,aug,fri,1,999,0,nonexistent,1.4,93.444,-36.1,4.963,5228.1
23825,42,admin.,divorced,university.degree,no,yes,no,cellular,aug,fri,1,999,0,nonexistent,1.4,93.444,-36.1,4.963,5228.1
23826,55,admin.,married,university.degree,unknown,no,yes,cellular,aug,fri,2,999,0,nonexistent,1.4,93.444,-36.1,4.963,5228.1
23837,59,retired,married,university.degree,no,yes,no,cellular,aug,fri,1,999,0,nonexistent,1.4,93.444,-36.1,4.963,5228.1
23840,45,technician,married,professional.course,no,yes,no,cellular,aug,fri,1,999,0,nonexistent,1.4,93.444,-36.1,4.963,5228.1
23842,55,unknown,married,unknown,unknown,no,no,cellular,aug,fri,1,999,0,nonexistent,1.4,93.444,-36.1,4.963,5228.1
23848,55,unknown,married,unknown,unknown,yes,no,cellular,aug,fri,1,999,0,nonexistent,1.4,93.444,-36.1,4.963,5228.1
23850,51,management,married,university.degree,no,no,no,cellular,aug,fri,1,999,0,nonexistent,1.4,93.444,-36.1,4.963,5228.1
23862,38,technician,divorced,professional.course,no,yes,no,cellular,aug,fri,2,999,0,nonexistent,1.4,93.444,-36.1,4.963,5228.1
23864,33,admin.,married,university.degree,unknown,no,no,cellular,aug,fri,1,999,0,nonexistent,1.4,93.444,-36.1,4.963,5228.1
23868,29,admin.,married,university.degree,no,yes,no,cellular,aug,fri,1,999,0,nonexistent,1.4,93.444,-36.1,4.963,5228.1
23869,35,admin.,married,university.degree,no,no,no,cellular,aug,fri,1,999,0,nonexistent,1.4,93.444,-36.1,4.963,5228.1
23878,32,admin.,single,university.degree,no,yes,no,telephone,aug,fri,1,999,0,nonexistent,1.4,93.444,-36.1,4.963,5228.1
23881,31,technician,divorced,university.degree,no,no,yes,cellular,aug,fri,1,999,0,nonexistent,1.4,93.444,-36.1,4.963,5228.1
23894,45,management,married,university.degree,no,yes,yes,cellular,aug,fri,1,999,0,nonexistent,1.4,93.444,-36.1,4.963,5228.1
23915,35,admin.,married,university.degree,no,yes,no,cellular,aug,fri,2,999,0,nonexistent,1.4,93.444,-36.1,4.963,5228.1
23916,31,admin.,single,university.degree,no,yes,no,cellular,aug,fri,2,999,0,nonexistent,1.4,93.444,-36.1,4.963,5228.1
23941,31,admin.,married,university.degree,no,yes,yes,cellular,aug,fri,2,999,0,nonexistent,1.4,93.444,-36.1,4.963,5228.1
23948,38,admin.,married,university.degree,no,no,no,cellular,aug,fri,9,999,0,nonexistent,1.4,93.444,-36.1,4.963,5228.1
23966,52,blue-collar,married,basic.9y,no,no,no,cellular,aug,fri,8,999,0,nonexistent,1.4,93.444,-36.1,4.963,5228.1
23969,45,admin.,married,university.degree,no,no,no,cellular,aug,fri,2,999,0,nonexistent,1.4,93.444,-36.1,4.963,5228.1
23976,50,admin.,married,basic.9y,no,no,no,cellular,aug,fri,3,999,0,nonexistent,1.4,93.444,-36.1,4.963,5228.1
23981,41,admin.,married,university.degree,no,no,no,telephone,aug,fri,1,999,0,nonexistent,1.4,93.444,-36.1,4.963,5228.1
23990,31,technician,single,professional.course,unknown,yes,yes,cellular,aug,fri,7,999,0,nonexistent,1.4,93.444,-36.1,4.963,5228.1
24012,30,admin.,single,university.degree,no,yes,yes,telephone,oct,mon,1,999,0,nonexistent,-0.1,93.798,-40.4,5.0,5195.8
24034,39,blue-collar,married,basic.9y,no,yes,no,telephone,oct,fri,1,999,0,nonexistent,-0.1,93.798,-40.4,4.918,5195.8
24042,49,admin.,single,university.degree,no,yes,no,telephone,oct,mon,1,999,0,nonexistent,-0.1,93.798,-40.4,4.912,5195.8
24046,43,blue-collar,married,basic.9y,no,no,no,telephone,oct,tue,1,999,0,nonexistent,-0.1,93.798,-40.4,4.86,5195.8
24052,33,technician,married,professional.course,no,yes,no,telephone,oct,wed,1,999,0,nonexistent,-0.1,93.798,-40.4,4.827,5195.8
24061,58,admin.,divorced,high.school,no,no,no,telephone,oct,thu,1,999,0,nonexistent,-0.1,93.798,-40.4,4.794,5195.8
24084,41,admin.,single,high.school,no,yes,no,telephone,nov,thu,1,999,0,nonexistent,-0.1,93.2,-42.0,4.592,5195.8
24085,30,admin.,married,high.school,no,yes,no,telephone,nov,thu,1,999,0,nonexistent,-0.1,93.2,-42.0,4.592,5195.8
24091,32,admin.,single,university.degree,no,no,no,telephone,nov,mon,1,999,0,nonexistent,-0.1,93.2,-42.0,4.406,5195.8
24117,40,blue-collar,married,basic.9y,no,unknown,unknown,telephone,nov,thu,1,999,0,nonexistent,-0.1,93.2,-42.0,4.245,5195.8
24125,42,technician,divorced,professional.course,no,no,no,cellular,nov,mon,1,999,1,failure,-0.1,93.2,-42.0,4.191,5195.8
24153,40,admin.,married,university.degree,no,no,no,telephone,nov,mon,1,999,0,nonexistent,-0.1,93.2,-42.0,4.191,5195.8
24163,36,unemployed,divorced,high.school,no,no,no,cellular,nov,mon,1,999,0,nonexistent,-0.1,93.2,-42.0,4.191,5195.8
24164,36,unemployed,divorced,high.school,no,yes,no,cellular,nov,mon,1,999,0,nonexistent,-0.1,93.2,-42.0,4.191,5195.8
24169,41,admin.,married,high.school,no,no,no,cellular,nov,mon,1,999,1,failure,-0.1,93.2,-42.0,4.191,5195.8
24172,57,admin.,married,university.degree,no,no,yes,cellular,nov,mon,1,999,0,nonexistent,-0.1,93.2,-42.0,4.191,5195.8
24175,34,admin.,married,university.degree,no,yes,no,cellular,nov,mon,1,999,0,nonexistent,-0.1,93.2,-42.0,4.191,5195.8
24176,46,management,married,university.degree,no,no,no,cellular,nov,mon,1,999,0,nonexistent,-0.1,93.2,-42.0,4.191,5195.8
24186,51,blue-collar,married,high.school,no,yes,no,cellular,nov,mon,1,999,0,nonexistent,-0.1,93.2,-42.0,4.191,5195.8
24188,54,admin.,married,university.degree,no,no,no,cellular,nov,mon,1,999,0,nonexistent,-0.1,93.2,-42.0,4.191,5195.8
24207,41,management,married,university.degree,no,yes,no,cellular,nov,mon,1,999,0,nonexistent,-0.1,93.2,-42.0,4.191,5195.8
24229,39,unemployed,married,basic.9y,no,yes,no,cellular,nov,mon,1,999,0,nonexistent,-0.1,93.2,-42.0,4.191,5195.8
24244,43,management,married,university.degree,no,no,no,cellular,nov,mon,1,999,0,nonexistent,-0.1,93.2,-42.0,4.191,5195.8
24259,42,housemaid,married,university.degree,no,yes,no,telephone,nov,mon,1,999,0,nonexistent,-0.1,93.2,-42.0,4.191,5195.8
24260,39,unemployed,married,professional.course,no,yes,no,cellular,nov,mon,1,999,1,failure,-0.1,93.2,-42.0,4.191,5195.8
24267,45,admin.,married,high.school,no,yes,no,cellular,nov,mon,1,999,1,failure,-0.1,93.2,-42.0,4.191,5195.8
24275,50,admin.,married,university.degree,no,no,no,cellular,nov,mon,1,999,0,nonexistent,-0.1,93.2,-42.0,4.191,5195.8
24297,53,blue-collar,married,basic.4y,no,no,no,cellular,nov,mon,1,999,0,nonexistent,-0.1,93.2,-42.0,4.191,5195.8
24323,36,blue-collar,married,basic.4y,no,yes,no,cellular,nov,mon,1,999,0,nonexistent,-0.1,93.2,-42.0,4.191,5195.8
24333,34,unemployed,married,university.degree,no,yes,no,telephone,nov,mon,1,999,0,nonexistent,-0.1,93.2,-42.0,4.191,5195.8
24354,47,admin.,married,university.degree,no,yes,no,cellular,nov,mon,1,999,1,failure,-0.1,93.2,-42.0,4.191,5195.8
24374,39,admin.,married,unknown,no,yes,yes,cellular,nov,mon,2,999,1,failure,-0.1,93.2,-42.0,4.191,5195.8
24376,52,management,divorced,university.degree,no,yes,no,cellular,nov,mon,2,999,1,failure,-0.1,93.2,-42.0,4.191,5195.8
24386,42,admin.,married,unknown,no,no,no,cellular,nov,mon,1,999,1,failure,-0.1,93.2,-42.0,4.191,5195.8
24388,33,technician,single,university.degree,no,no,no,cellular,nov,mon,1,999,0,nonexistent,-0.1,93.2,-42.0,4.191,5195.8
24396,43,management,married,university.degree,no,yes,no,cellular,nov,mon,1,999,0,nonexistent,-0.1,93.2,-42.0,4.191,5195.8
24468,38,technician,married,professional.course,no,yes,no,cellular,nov,mon,1,999,1,failure,-0.1,93.2,-42.0,4.191,5195.8
24516,32,services,married,basic.4y,no,yes,yes,cellular,nov,mon,1,999,0,nonexistent,-0.1,93.2,-42.0,4.191,5195.8
24531,46,entrepreneur,married,university.degree,no,unknown,unknown,cellular,nov,mon,1,999,0,nonexistent,-0.1,93.2,-42.0,4.191,5195.8
24536,31,self-employed,single,university.degree,no,yes,no,cellular,nov,mon,1,999,0,nonexistent,-0.1,93.2,-42.0,4.191,5195.8
24537,35,management,married,basic.9y,no,yes,no,cellular,nov,mon,1,999,0,nonexistent,-0.1,93.2,-42.0,4.191,5195.8
24539,34,admin.,married,high.school,no,yes,yes,cellular,nov,mon,1,999,0,nonexistent,-0.1,93.2,-42.0,4.191,5195.8
24563,53,technician,married,university.degree,no,yes,no,cellular,nov,mon,2,999,0,nonexistent,-0.1,93.2,-42.0,4.191,5195.8
24586,42,admin.,divorced,high.school,no,yes,no,cellular,nov,mon,1,999,0,nonexistent,-0.1,93.2,-42.0,4.191,5195.8
24618,39,services,married,professional.course,no,yes,yes,cellular,nov,mon,2,999,1,failure,-0.1,93.2,-42.0,4.191,5195.8
24623,46,entrepreneur,married,basic.4y,no,no,no,cellular,nov,mon,2,999,0,nonexistent,-0.1,93.2,-42.0,4.191,5195.8
24627,43,services,married,high.school,no,yes,yes,cellular,nov,mon,2,999,0,nonexistent,-0.1,93.2,-42.0,4.191,5195.8
24631,57,blue-collar,divorced,basic.9y,no,no,no,cellular,nov,mon,2,999,1,failure,-0.1,93.2,-42.0,4.191,5195.8
24643,49,admin.,married,university.degree,no,yes,yes,telephone,nov,mon,2,999,1,failure,-0.1,93.2,-42.0,4.191,5195.8
24653,48,technician,married,professional.course,no,yes,no,cellular,nov,mon,2,999,0,nonexistent,-0.1,93.2,-42.0,4.191,5195.8
24658,43,management,married,high.school,no,yes,yes,cellular,nov,mon,3,999,0,nonexistent,-0.1,93.2,-42.0,4.191,5195.8
24666,33,student,single,unknown,no,no,no,cellular,nov,mon,2,999,0,nonexistent,-0.1,93.2,-42.0,4.191,5195.8
24667,52,retired,married,university.degree,no,yes,yes,telephone,nov,mon,3,999,0,nonexistent,-0.1,93.2,-42.0,4.191,5195.8
24678,33,management,married,university.degree,no,yes,no,cellular,nov,mon,2,999,0,nonexistent,-0.1,93.2,-42.0,4.191,5195.8
24691,44,admin.,married,professional.course,no,no,no,cellular,nov,mon,1,999,1,failure,-0.1,93.2,-42.0,4.191,5195.8
24698,53,entrepreneur,divorced,university.degree,no,no,no,telephone,nov,mon,1,999,0,nonexistent,-0.1,93.2,-42.0,4.191,5195.8
24753,49,admin.,divorced,basic.6y,no,no,no,cellular,nov,tue,2,999,0,nonexistent,-0.1,93.2,-42.0,4.153,5195.8
24764,47,management,married,university.degree,no,yes,no,cellular,nov,tue,2,999,0,nonexistent,-0.1,93.2,-42.0,4.153,5195.8
24767,54,admin.,single,university.degree,no,no,no,cellular,nov,tue,1,999,0,nonexistent,-0.1,93.2,-42.0,4.153,5195.8
24768,54,admin.,single,university.degree,no,yes,no,cellular,nov,tue,1,999,1,failure,-0.1,93.2,-42.0,4.153,5195.8
24770,34,entrepreneur,single,basic.9y,no,no,no,cellular,nov,tue,1,999,0,nonexistent,-0.1,93.2,-42.0,4.153,5195.8
24777,41,management,married,university.degree,no,yes,no,cellular,nov,tue,1,999,0,nonexistent,-0.1,93.2,-42.0,4.153,5195.8
24787,52,technician,married,basic.9y,no,yes,no,cellular,nov,tue,1,999,0,nonexistent,-0.1,93.2,-42.0,4.153,5195.8
24815,58,technician,married,unknown,no,no,no,cellular,nov,tue,1,999,0,nonexistent,-0.1,93.2,-42.0,4.153,5195.8
24816,36,admin.,married,high.school,no,yes,yes,telephone,nov,tue,3,999,0,nonexistent,-0.1,93.2,-42.0,4.153,5195.8
24822,35,unemployed,single,basic.6y,unknown,yes,no,cellular,nov,tue,1,999,0,nonexistent,-0.1,93.2,-42.0,4.153,5195.8
24826,32,services,married,basic.6y,unknown,yes,no,telephone,nov,tue,1,999,0,nonexistent,-0.1,93.2,-42.0,4.153,5195.8
24836,31,admin.,divorced,university.degree,no,yes,no,telephone,nov,tue,1,999,0,nonexistent,-0.1,93.2,-42.0,4.153,5195.8
24851,51,admin.,married,university.degree,no,no,no,cellular,nov,tue,2,1,1,success,-0.1,93.2,-42.0,4.153,5195.8
24858,41,admin.,married,university.degree,unknown,yes,no,cellular,nov,tue,1,999,0,nonexistent,-0.1,93.2,-42.0,4.153,5195.8
24868,34,blue-collar,married,professional.course,no,yes,no,cellular,nov,tue,3,999,0,nonexistent,-0.1,93.2,-42.0,4.153,5195.8
24869,46,blue-collar,married,basic.9y,no,no,no,cellular,nov,tue,1,999,0,nonexistent,-0.1,93.2,-42.0,4.153,5195.8
24874,54,admin.,divorced,university.degree,no,yes,no,cellular,nov,tue,2,999,1,failure,-0.1,93.2,-42.0,4.153,5195.8
24884,32,blue-collar,single,university.degree,unknown,yes,no,cellular,nov,tue,1,999,0,nonexistent,-0.1,93.2,-42.0,4.153,5195.8
24892,49,entrepreneur,married,professional.course,unknown,no,no,cellular,nov,tue,3,999,0,nonexistent,-0.1,93.2,-42.0,4.153,5195.8
24898,39,self-employed,married,university.degree,no,yes,no,cellular,nov,tue,2,999,0,nonexistent,-0.1,93.2,-42.0,4.153,5195.8
24933,30,admin.,divorced,university.degree,no,no,yes,cellular,nov,tue,1,999,0,nonexistent,-0.1,93.2,-42.0,4.153,5195.8
24953,32,technician,divorced,professional.course,no,no,no,cellular,nov,tue,1,999,0,nonexistent,-0.1,93.2,-42.0,4.153,5195.8
24971,49,management,married,basic.9y,no,unknown,unknown,cellular,nov,tue,1,999,0,nonexistent,-0.1,93.2,-42.0,4.153,5195.8
24977,49,services,married,high.school,no,no,no,cellular,nov,tue,1,999,1,failure,-0.1,93.2,-42.0,4.153,5195.8
24984,44,technician,married,professional.course,no,yes,no,cellular,nov,tue,1,999,0,nonexistent,-0.1,93.2,-42.0,4.153,5195.8
24993,35,management,married,high.school,no,yes,no,cellular,nov,tue,1,999,0,nonexistent,-0.1,93.2,-42.0,4.153,5195.8
25005,51,admin.,married,high.school,no,no,yes,cellular,nov,tue,2,999,1,failure,-0.1,93.2,-42.0,4.153,5195.8
25010,35,management,single,high.school,no,yes,no,cellular,nov,tue,1,999,1,failure,-0.1,93.2,-42.0,4.153,5195.8
25015,33,technician,divorced,high.school,no,no,no,cellular,nov,tue,1,999,0,nonexistent,-0.1,93.2,-42.0,4.153,5195.8
25020,29,technician,single,high.school,no,no,yes,cellular,nov,tue,2,999,0,nonexistent,-0.1,93.2,-42.0,4.153,5195.8
25024,45,technician,married,high.school,no,yes,no,cellular,nov,tue,1,999,0,nonexistent,-0.1,93.2,-42.0,4.153,5195.8
25025,41,self-employed,divorced,university.degree,no,no,no,cellular,nov,tue,1,999,0,nonexistent,-0.1,93.2,-42.0,4.153,5195.8
25031,54,technician,married,university.degree,no,no,no,cellular,nov,tue,2,999,0,nonexistent,-0.1,93.2,-42.0,4.153,5195.8
25038,31,services,divorced,professional.course,no,yes,no,cellular,nov,tue,1,999,0,nonexistent,-0.1,93.2,-42.0,4.153,5195.8
25039,58,retired,married,professional.course,no,yes,no,cellular,nov,tue,1,999,0,nonexistent,-0.1,93.2,-42.0,4.153,5195.8
25052,58,retired,married,university.degree,no,yes,no,cellular,nov,tue,1,999,0,nonexistent,-0.1,93.2,-42.0,4.153,5195.8
25059,36,technician,single,university.degree,no,no,no,telephone,nov,tue,1,999,0,nonexistent,-0.1,93.2,-42.0,4.153,5195.8
25062,33,admin.,single,university.degree,no,no,no,cellular,nov,tue,1,999,1,failure,-0.1,93.2,-42.0,4.153,5195.8
25071,50,management,single,university.degree,no,yes,no,cellular,nov,tue,2,999,1,failure,-0.1,93.2,-42.0,4.153,5195.8
25076,37,retired,divorced,basic.9y,unknown,no,no,telephone,nov,tue,1,999,1,failure,-0.1,93.2,-42.0,4.153,5195.8
25084,36,admin.,married,professional.course,no,yes,no,cellular,nov,tue,2,999,0,nonexistent,-0.1,93.2,-42.0,4.153,5195.8
25095,55,admin.,married,university.degree,no,no,no,cellular,nov,tue,3,999,0,nonexistent,-0.1,93.2,-42.0,4.153,5195.8
25105,32,services,divorced,high.school,no,no,yes,cellular,nov,tue,1,999,0,nonexistent,-0.1,93.2,-42.0,4.153,5195.8
25110,47,services,married,high.school,no,no,no,cellular,nov,tue,1,999,0,nonexistent,-0.1,93.2,-42.0,4.153,5195.8
25115,47,services,married,high.school,no,unknown,unknown,cellular,nov,tue,1,999,0,nonexistent,-0.1,93.2,-42.0,4.153,5195.8
25164,47,services,married,high.school,no,no,no,cellular,nov,tue,2,999,0,nonexistent,-0.1,93.2,-42.0,4.153,5195.8
25173,49,blue-collar,married,basic.6y,unknown,no,no,cellular,nov,tue,2,999,0,nonexistent,-0.1,93.2,-42.0,4.153,5195.8
25184,39,admin.,married,university.degree,no,no,no,cellular,nov,tue,2,999,0,nonexistent,-0.1,93.2,-42.0,4.153,5195.8
25198,58,management,married,university.degree,no,yes,yes,cellular,nov,tue,2,999,1,failure,-0.1,93.2,-42.0,4.153,5195.8
25215,47,blue-collar,married,basic.9y,no,yes,yes,cellular,nov,tue,3,999,0,nonexistent,-0.1,93.2,-42.0,4.153,5195.8
25217,53,entrepreneur,married,basic.9y,no,yes,no,cellular,nov,tue,2,999,1,failure,-0.1,93.2,-42.0,4.153,5195.8
25239,36,admin.,married,high.school,no,yes,no,cellular,nov,tue,3,999,1,failure,-0.1,93.2,-42.0,4.153,5195.8
25270,30,management,married,university.degree,no,no,yes,cellular,nov,tue,2,999,1,failure,-0.1,93.2,-42.0,4.153,5195.8
25279,54,admin.,married,basic.4y,unknown,yes,no,cellular,nov,tue,4,999,0,nonexistent,-0.1,93.2,-42.0,4.153,5195.8
25304,32,blue-collar,married,basic.4y,no,no,no,telephone,nov,tue,2,999,0,nonexistent,-0.1,93.2,-42.0,4.153,5195.8
25314,36,housemaid,divorced,basic.4y,no,no,no,cellular,nov,tue,1,999,0,nonexistent,-0.1,93.2,-42.0,4.153,5195.8
25317,34,technician,single,professional.course,no,yes,no,cellular,nov,tue,2,999,0,nonexistent,-0.1,93.2,-42.0,4.153,5195.8
25323,32,blue-collar,married,basic.9y,no,yes,no,cellular,nov,tue,2,999,1,failure,-0.1,93.2,-42.0,4.153,5195.8
25330,38,management,married,basic.9y,no,yes,no,cellular,nov,tue,3,999,0,nonexistent,-0.1,93.2,-42.0,4.153,5195.8
25344,36,blue-collar,married,basic.9y,no,no,yes,cellular,nov,tue,3,999,0,nonexistent,-0.1,93.2,-42.0,4.153,5195.8
25350,36,blue-collar,married,basic.9y,no,yes,no,cellular,nov,tue,2,999,0,nonexistent,-0.1,93.2,-42.0,4.153,5195.8
25353,52,blue-collar,single,basic.9y,unknown,yes,no,cellular,nov,tue,3,999,0,nonexistent,-0.1,93.2,-42.0,4.153,5195.8
25355,42,blue-collar,married,basic.6y,unknown,no,no,cellular,nov,tue,2,999,0,nonexistent,-0.1,93.2,-42.0,4.153,5195.8
25363,30,services,married,high.school,no,no,no,cellular,nov,tue,1,999,1,failure,-0.1,93.2,-42.0,4.153,5195.8
25383,58,blue-collar,married,basic.9y,no,yes,no,cellular,nov,tue,1,999,0,nonexistent,-0.1,93.2,-42.0,4.153,5195.8
25389,39,unemployed,married,basic.9y,unknown,no,no,cellular,nov,tue,1,999,1,failure,-0.1,93.2,-42.0,4.153,5195.8
25402,29,unemployed,divorced,university.degree,no,yes,no,telephone,nov,tue,3,999,1,failure,-0.1,93.2,-42.0,4.153,5195.8
25412,36,technician,single,professional.course,no,yes,no,cellular,nov,tue,1,999,0,nonexistent,-0.1,93.2,-42.0,4.153,5195.8
25418,37,technician,married,professional.course,no,no,no,cellular,nov,tue,1,999,0,nonexistent,-0.1,93.2,-42.0,4.153,5195.8
25434,29,management,single,university.degree,no,no,no,cellular,nov,wed,1,999,0,nonexistent,-0.1,93.2,-42.0,4.12,5195.8
25446,33,management,married,university.degree,no,yes,yes,cellular,nov,wed,1,999,0,nonexistent,-0.1,93.2,-42.0,4.12,5195.8
25455,49,management,divorced,university.degree,no,no,no,cellular,nov,wed,2,6,1,success,-0.1,93.2,-42.0,4.12,5195.8
25461,30,technician,married,professional.course,unknown,yes,no,cellular,nov,wed,1,999,0,nonexistent,-0.1,93.2,-42.0,4.12,5195.8
25477,58,retired,married,professional.course,no,no,no,cellular,nov,wed,1,999,0,nonexistent,-0.1,93.2,-42.0,4.12,5195.8
25480,40,self-employed,married,university.degree,no,no,no,cellular,nov,wed,1,999,0,nonexistent,-0.1,93.2,-42.0,4.12,5195.8
25506,34,technician,married,professional.course,no,yes,no,cellular,nov,wed,1,999,0,nonexistent,-0.1,93.2,-42.0,4.12,5195.8
25507,41,admin.,single,university.degree,no,yes,no,cellular,nov,wed,1,999,1,failure,-0.1,93.2,-42.0,4.12,5195.8
25530,34,technician,married,university.degree,no,yes,no,cellular,nov,wed,1,999,0,nonexistent,-0.1,93.2,-42.0,4.12,5195.8
25541,32,management,divorced,university.degree,no,no,no,cellular,nov,wed,1,999,0,nonexistent,-0.1,93.2,-42.0,4.12,5195.8
25544,29,technician,single,basic.9y,no,yes,no,cellular,nov,wed,1,999,0,nonexistent,-0.1,93.2,-42.0,4.12,5195.8
25546,35,technician,married,high.school,no,no,yes,cellular,nov,wed,2,999,1,failure,-0.1,93.2,-42.0,4.12,5195.8
25577,47,services,married,high.school,no,yes,no,cellular,nov,wed,1,999,0,nonexistent,-0.1,93.2,-42.0,4.12,5195.8
25589,36,self-employed,divorced,university.degree,no,yes,no,cellular,nov,wed,1,999,0,nonexistent,-0.1,93.2,-42.0,4.12,5195.8
25591,34,entrepreneur,married,professional.course,no,yes,no,cellular,nov,wed,1,999,0,nonexistent,-0.1,93.2,-42.0,4.12,5195.8
25598,32,admin.,single,university.degree,no,no,no,telephone,nov,wed,3,999,0,nonexistent,-0.1,93.2,-42.0,4.12,5195.8
25610,53,management,married,basic.4y,no,no,no,cellular,nov,wed,2,999,0,nonexistent,-0.1,93.2,-42.0,4.12,5195.8
25629,47,blue-collar,married,basic.4y,no,no,no,cellular,nov,wed,2,999,0,nonexistent,-0.1,93.2,-42.0,4.12,5195.8
25635,44,services,single,high.school,no,no,no,cellular,nov,wed,2,999,1,failure,-0.1,93.2,-42.0,4.12,5195.8
25638,30,entrepreneur,single,university.degree,no,yes,no,cellular,nov,wed,3,999,0,nonexistent,-0.1,93.2,-42.0,4.12,5195.8
25642,36,management,married,university.degree,no,yes,no,cellular,nov,wed,1,999,1,failure,-0.1,93.2,-42.0,4.12,5195.8
25668,55,admin.,married,university.degree,no,no,no,cellular,nov,wed,2,999,1,failure,-0.1,93.2,-42.0,4.12,5195.8
25676,42,entrepreneur,single,university.degree,no,yes,no,cellular,nov,wed,2,999,0,nonexistent,-0.1,93.2,-42.0,4.12,5195.8
25690,39,admin.,married,high.school,no,no,no,cellular,nov,wed,1,999,0,nonexistent,-0.1,93.2,-42.0,4.12,5195.8
25706,47,technician,married,university.degree,no,no,no,cellular,nov,wed,1,999,1,failure,-0.1,93.2,-42.0,4.12,5195.8
25711,51,admin.,married,university.degree,no,yes,no,cellular,nov,wed,1,999,0,nonexistent,-0.1,93.2,-42.0,4.12,5195.8
25713,36,blue-collar,married,high.school,no,yes,no,cellular,nov,wed,1,999,0,nonexistent,-0.1,93.2,-42.0,4.12,5195.8
25724,38,admin.,married,basic.9y,no,yes,yes,cellular,nov,wed,2,999,0,nonexistent,-0.1,93.2,-42.0,4.12,5195.8
25738,34,management,married,university.degree,no,yes,no,cellular,nov,wed,1,999,0,nonexistent,-0.1,93.2,-42.0,4.12,5195.8
25751,32,student,single,university.degree,no,no,no,cellular,nov,wed,1,999,0,nonexistent,-0.1,93.2,-42.0,4.12,5195.8
25788,55,technician,married,basic.9y,no,no,no,cellular,nov,wed,1,999,0,nonexistent,-0.1,93.2,-42.0,4.12,5195.8
25791,42,entrepreneur,single,university.degree,no,no,no,cellular,nov,wed,1,999,0,nonexistent,-0.1,93.2,-42.0,4.12,5195.8
25801,52,blue-collar,married,professional.course,unknown,yes,no,cellular,nov,wed,2,999,0,nonexistent,-0.1,93.2,-42.0,4.12,5195.8
25820,36,management,married,university.degree,no,yes,no,cellular,nov,wed,2,999,0,nonexistent,-0.1,93.2,-42.0,4.12,5195.8
25827,45,blue-collar,married,basic.4y,no,yes,yes,cellular,nov,wed,1,999,0,nonexistent,-0.1,93.2,-42.0,4.12,5195.8
25832,35,management,single,university.degree,no,yes,yes,cellular,nov,wed,2,999,1,failure,-0.1,93.2,-42.0,4.12,5195.8
25842,40,admin.,single,university.degree,no,no,no,cellular,nov,wed,2,999,0,nonexistent,-0.1,93.2,-42.0,4.12,5195.8
25848,51,admin.,married,high.school,no,yes,no,cellular,nov,wed,3,999,0,nonexistent,-0.1,93.2,-42.0,4.12,5195.8
25861,30,admin.,divorced,high.school,no,no,no,cellular,nov,wed,2,999,0,nonexistent,-0.1,93.2,-42.0,4.12,5195.8
25863,34,admin.,married,university.degree,no,yes,yes,cellular,nov,wed,1,999,0,nonexistent,-0.1,93.2,-42.0,4.12,5195.8
25866,55,admin.,divorced,high.school,no,no,no,cellular,nov,wed,3,999,0,nonexistent,-0.1,93.2,-42.0,4.12,5195.8
25868,33,self-employed,single,basic.4y,no,no,no,cellular,nov,wed,1,999,1,failure,-0.1,93.2,-42.0,4.12,5195.8
25881,39,admin.,married,university.degree,no,no,no,cellular,nov,wed,1,999,0,nonexistent,-0.1,93.2,-42.0,4.12,5195.8
25889,29,management,married,university.degree,no,no,no,cellular,nov,wed,1,999,1,failure,-0.1,93.2,-42.0,4.12,5195.8
25890,43,admin.,divorced,university.degree,no,no,no,cellular,nov,wed,1,999,0,nonexistent,-0.1,93.2,-42.0,4.12,5195.8
25892,29,admin.,married,university.degree,no,no,no,cellular,nov,wed,1,999,0,nonexistent,-0.1,93.2,-42.0,4.12,5195.8
25898,36,admin.,married,university.degree,no,yes,no,cellular,nov,wed,2,999,1,failure,-0.1,93.2,-42.0,4.12,5195.8
25903,30,admin.,single,high.school,no,yes,no,cellular,nov,wed,2,999,0,nonexistent,-0.1,93.2,-42.0,4.12,5195.8
25920,40,admin.,married,high.school,no,yes,no,cellular,nov,wed,1,999,0,nonexistent,-0.1,93.2,-42.0,4.12,5195.8
25943,34,self-employed,married,university.degree,no,yes,no,cellular,nov,wed,5,999,0,nonexistent,-0.1,93.2,-42.0,4.12,5195.8
25948,58,management,married,university.degree,no,yes,no,cellular,nov,wed,2,999,0,nonexistent,-0.1,93.2,-42.0,4.12,5195.8
25976,46,self-employed,divorced,basic.9y,no,yes,no,cellular,nov,wed,1,999,0,nonexistent,-0.1,93.2,-42.0,4.12,5195.8
25980,35,technician,single,basic.9y,no,no,no,cellular,nov,wed,1,999,1,failure,-0.1,93.2,-42.0,4.12,5195.8
25984,38,blue-collar,divorced,basic.6y,no,yes,no,cellular,nov,wed,2,999,0,nonexistent,-0.1,93.2,-42.0,4.12,5195.8
25991,32,self-employed,single,university.degree,no,yes,no,cellular,nov,wed,1,999,0,nonexistent,-0.1,93.2,-42.0,4.12,5195.8
25993,34,services,single,basic.9y,no,yes,yes,cellular,nov,wed,1,999,0,nonexistent,-0.1,93.2,-42.0,4.12,5195.8
26042,30,technician,single,professional.course,no,no,no,cellular,nov,wed,2,999,0,nonexistent,-0.1,93.2,-42.0,4.12,5195.8
26053,45,technician,married,university.degree,no,no,no,cellular,nov,wed,2,999,1,failure,-0.1,93.2,-42.0,4.12,5195.8
26056,30,admin.,married,high.school,unknown,yes,no,cellular,nov,wed,3,999,0,nonexistent,-0.1,93.2,-42.0,4.12,5195.8
26081,29,admin.,married,university.degree,no,no,no,cellular,nov,wed,3,999,0,nonexistent,-0.1,93.2,-42.0,4.12,5195.8
26084,35,blue-collar,married,basic.9y,no,yes,no,telephone,nov,wed,2,999,0,nonexistent,-0.1,93.2,-42.0,4.12,5195.8
26115,32,technician,married,professional.course,no,yes,yes,telephone,nov,wed,3,999,1,failure,-0.1,93.2,-42.0,4.12,5195.8
26117,45,admin.,divorced,basic.9y,no,yes,no,cellular,nov,wed,9,999,0,nonexistent,-0.1,93.2,-42.0,4.12,5195.8
26133,48,services,married,high.school,unknown,no,no,cellular,nov,wed,3,999,0,nonexistent,-0.1,93.2,-42.0,4.12,5195.8
26137,29,services,single,high.school,no,yes,no,cellular,nov,wed,3,999,1,failure,-0.1,93.2,-42.0,4.12,5195.8
26148,30,blue-collar,married,basic.4y,no,no,no,cellular,nov,wed,3,999,0,nonexistent,-0.1,93.2,-42.0,4.12,5195.8
26149,50,entrepreneur,married,university.degree,no,yes,no,cellular,nov,wed,2,999,1,failure,-0.1,93.2,-42.0,4.12,5195.8
26151,30,services,married,high.school,no,no,no,cellular,nov,wed,3,999,1,failure,-0.1,93.2,-42.0,4.12,5195.8
26153,52,technician,married,basic.9y,no,yes,yes,cellular,nov,wed,2,999,0,nonexistent,-0.1,93.2,-42.0,4.12,5195.8
26156,31,admin.,married,university.degree,no,no,no,cellular,nov,wed,2,999,0,nonexistent,-0.1,93.2,-42.0,4.12,5195.8
26157,48,admin.,married,university.degree,no,yes,no,cellular,nov,wed,2,999,1,failure,-0.1,93.2,-42.0,4.12,5195.8
26169,35,housemaid,single,basic.4y,unknown,yes,no,cellular,nov,wed,2,3,1,success,-0.1,93.2,-42.0,4.12,5195.8
26210,30,technician,single,university.degree,no,no,no,cellular,nov,thu,2,999,0,nonexistent,-0.1,93.2,-42.0,4.076,5195.8
26214,30,blue-collar,married,basic.6y,no,no,no,cellular,nov,thu,2,999,0,nonexistent,-0.1,93.2,-42.0,4.076,5195.8
26237,58,retired,married,high.school,no,yes,no,cellular,nov,thu,1,999,0,nonexistent,-0.1,93.2,-42.0,4.076,5195.8
26251,58,management,married,unknown,no,no,no,cellular,nov,thu,2,999,1,failure,-0.1,93.2,-42.0,4.076,5195.8
26258,36,technician,single,basic.9y,no,no,no,cellular,nov,thu,1,999,0,nonexistent,-0.1,93.2,-42.0,4.076,5195.8
26267,32,admin.,married,professional.course,no,unknown,unknown,cellular,nov,thu,1,999,0,nonexistent,-0.1,93.2,-42.0,4.076,5195.8
26277,31,admin.,single,university.degree,no,no,no,cellular,nov,thu,1,999,0,nonexistent,-0.1,93.2,-42.0,4.076,5195.8
26315,30,technician,married,university.degree,no,no,no,cellular,nov,thu,1,999,0,nonexistent,-0.1,93.2,-42.0,4.076,5195.8
26322,35,entrepreneur,married,university.degree,unknown,yes,no,cellular,nov,thu,1,999,1,failure,-0.1,93.2,-42.0,4.076,5195.8
26338,32,entrepreneur,single,university.degree,no,no,yes,cellular,nov,thu,1,999,0,nonexistent,-0.1,93.2,-42.0,4.076,5195.8
26381,29,blue-collar,married,high.school,no,yes,no,cellular,nov,thu,1,999,0,nonexistent,-0.1,93.2,-42.0,4.076,5195.8
26383,48,unemployed,married,university.degree,no,yes,no,cellular,nov,thu,1,999,0,nonexistent,-0.1,93.2,-42.0,4.076,5195.8
26384,30,admin.,married,high.school,no,yes,no,cellular,nov,thu,1,999,1,failure,-0.1,93.2,-42.0,4.076,5195.8
26390,49,admin.,married,basic.9y,no,yes,no,cellular,nov,thu,1,999,0,nonexistent,-0.1,93.2,-42.0,4.076,5195.8
26391,36,services,single,high.school,no,yes,no,cellular,nov,thu,1,999,0,nonexistent,-0.1,93.2,-42.0,4.076,5195.8
26393,42,management,married,university.degree,no,no,no,cellular,nov,thu,1,999,0,nonexistent,-0.1,93.2,-42.0,4.076,5195.8
26403,47,technician,married,basic.6y,no,yes,no,cellular,nov,thu,1,999,0,nonexistent,-0.1,93.2,-42.0,4.076,5195.8
26407,42,management,married,high.school,no,no,no,cellular,nov,thu,2,999,0,nonexistent,-0.1,93.2,-42.0,4.076,5195.8
26409,31,entrepreneur,single,university.degree,no,yes,no,cellular,nov,thu,1,999,0,nonexistent,-0.1,93.2,-42.0,4.076,5195.8
26433,31,admin.,single,university.degree,no,no,no,cellular,nov,thu,1,999,0,nonexistent,-0.1,93.2,-42.0,4.076,5195.8
26436,53,technician,divorced,high.school,no,no,no,cellular,nov,thu,2,999,0,nonexistent,-0.1,93.2,-42.0,4.076,5195.8
26437,31,management,single,high.school,no,yes,no,cellular,nov,thu,1,999,0,nonexistent,-0.1,93.2,-42.0,4.076,5195.8
26439,32,admin.,single,university.degree,no,no,no,cellular,nov,thu,2,999,0,nonexistent,-0.1,93.2,-42.0,4.076,5195.8
26456,30,technician,single,professional.course,no,yes,no,cellular,nov,thu,1,999,0,nonexistent,-0.1,93.2,-42.0,4.076,5195.8
26458,58,technician,married,professional.course,no,no,no,cellular,nov,thu,2,999,0,nonexistent,-0.1,93.2,-42.0,4.076,5195.8
26459,30,admin.,single,basic.9y,no,yes,no,cellular,nov,thu,1,999,0,nonexistent,-0.1,93.2,-42.0,4.076,5195.8
26473,33,admin.,single,university.degree,no,no,no,cellular,nov,thu,2,999,0,nonexistent,-0.1,93.2,-42.0,4.076,5195.8
26498,35,services,divorced,high.school,no,no,no,cellular,nov,thu,1,999,0,nonexistent,-0.1,93.2,-42.0,4.076,5195.8
26499,30,entrepreneur,single,university.degree,no,yes,no,cellular,nov,thu,1,999,0,nonexistent,-0.1,93.2,-42.0,4.076,5195.8
26504,31,admin.,married,university.degree,no,yes,no,cellular,nov,thu,1,999,0,nonexistent,-0.1,93.2,-42.0,4.076,5195.8
26513,36,admin.,married,high.school,no,no,no,cellular,nov,thu,2,999,0,nonexistent,-0.1,93.2,-42.0,4.076,5195.8
26541,43,entrepreneur,married,high.school,unknown,no,yes,cellular,nov,thu,2,999,0,nonexistent,-0.1,93.2,-42.0,4.076,5195.8
26543,41,services,married,unknown,no,yes,yes,cellular,nov,thu,1,999,0,nonexistent,-0.1,93.2,-42.0,4.076,5195.8
26545,39,technician,married,university.degree,no,yes,yes,cellular,nov,thu,1,999,0,nonexistent,-0.1,93.2,-42.0,4.076,5195.8
26553,43,unemployed,single,university.degree,no,yes,yes,cellular,nov,thu,3,999,0,nonexistent,-0.1,93.2,-42.0,4.076,5195.8
26557,36,admin.,married,high.school,no,yes,no,cellular,nov,thu,3,999,0,nonexistent,-0.1,93.2,-42.0,4.076,5195.8
26594,30,blue-collar,single,high.school,no,no,no,cellular,nov,thu,1,999,0,nonexistent,-0.1,93.2,-42.0,4.076,5195.8
26600,44,blue-collar,married,basic.4y,no,no,no,cellular,nov,thu,1,999,0,nonexistent,-0.1,93.2,-42.0,4.076,5195.8
26601,41,blue-collar,married,basic.4y,no,yes,no,cellular,nov,thu,2,999,0,nonexistent,-0.1,93.2,-42.0,4.076,5195.8
26612,31,blue-collar,single,high.school,no,no,no,cellular,nov,thu,1,999,0,nonexistent,-0.1,93.2,-42.0,4.076,5195.8
26614,31,admin.,single,university.degree,no,yes,no,cellular,nov,thu,1,999,0,nonexistent,-0.1,93.2,-42.0,4.076,5195.8
26617,29,admin.,single,university.degree,no,yes,yes,cellular,nov,thu,1,999,0,nonexistent,-0.1,93.2,-42.0,4.076,5195.8
26635,29,admin.,single,university.degree,no,yes,yes,cellular,nov,thu,1,999,0,nonexistent,-0.1,93.2,-42.0,4.076,5195.8
26641,30,technician,single,professional.course,no,no,no,cellular,nov,thu,1,999,0,nonexistent,-0.1,93.2,-42.0,4.076,5195.8
26680,56,retired,married,basic.4y,no,yes,yes,cellular,nov,thu,1,999,0,nonexistent,-0.1,93.2,-42.0,4.076,5195.8
26684,32,blue-collar,single,basic.9y,no,yes,no,cellular,nov,thu,2,999,0,nonexistent,-0.1,93.2,-42.0,4.076,5195.8
26689,38,blue-collar,married,basic.9y,no,yes,no,telephone,nov,thu,1,999,0,nonexistent,-0.1,93.2,-42.0,4.076,5195.8
26698,53,management,divorced,university.degree,no,yes,no,cellular,nov,thu,1,999,0,nonexistent,-0.1,93.2,-42.0,4.076,5195.8
26713,37,technician,married,professional.course,no,yes,no,cellular,nov,thu,2,999,1,failure,-0.1,93.2,-42.0,4.076,5195.8
26747,31,technician,single,professional.course,no,yes,no,cellular,nov,thu,5,999,1,failure,-0.1,93.2,-42.0,4.076,5195.8
26769,40,blue-collar,single,basic.9y,no,yes,yes,cellular,nov,thu,2,999,0,nonexistent,-0.1,93.2,-42.0,4.076,5195.8
26785,30,services,married,basic.9y,no,yes,no,cellular,nov,thu,1,999,0,nonexistent,-0.1,93.2,-42.0,4.076,5195.8
26796,45,technician,single,professional.course,no,yes,no,cellular,nov,thu,4,999,0,nonexistent,-0.1,93.2,-42.0,4.076,5195.8
26811,38,services,married,basic.6y,no,yes,no,cellular,nov,thu,2,999,0,nonexistent,-0.1,93.2,-42.0,4.076,5195.8
26816,50,blue-collar,married,professional.course,no,no,no,cellular,nov,thu,3,999,1,failure,-0.1,93.2,-42.0,4.076,5195.8
26817,31,services,married,professional.course,no,no,no,cellular,nov,thu,3,999,0,nonexistent,-0.1,93.2,-42.0,4.076,5195.8
26826,38,management,married,university.degree,no,no,no,cellular,nov,thu,2,999,0,nonexistent,-0.1,93.2,-42.0,4.076,5195.8
26829,29,blue-collar,single,basic.4y,no,yes,yes,cellular,nov,thu,5,999,0,nonexistent,-0.1,93.2,-42.0,4.076,5195.8
26831,36,technician,single,professional.course,no,yes,no,cellular,nov,thu,3,999,0,nonexistent,-0.1,93.2,-42.0,4.076,5195.8
26834,39,entrepreneur,married,professional.course,no,unknown,unknown,cellular,nov,thu,3,999,0,nonexistent,-0.1,93.2,-42.0,4.076,5195.8
26850,35,technician,married,university.degree,no,no,no,cellular,nov,thu,4,999,0,nonexistent,-0.1,93.2,-42.0,4.076,5195.8
26854,50,management,married,university.degree,no,yes,yes,cellular,nov,thu,3,999,0,nonexistent,-0.1,93.2,-42.0,4.076,5195.8
26855,31,blue-collar,single,basic.9y,no,yes,no,cellular,nov,thu,2,999,0,nonexistent,-0.1,93.2,-42.0,4.076,5195.8
26869,29,admin.,single,university.degree,no,yes,no,cellular,nov,thu,2,999,1,failure,-0.1,93.2,-42.0,4.076,5195.8
26887,37,management,married,unknown,no,yes,no,cellular,nov,thu,3,999,0,nonexistent,-0.1,93.2,-42.0,4.076,5195.8
26924,41,services,married,professional.course,no,no,yes,cellular,nov,thu,3,999,0,nonexistent,-0.1,93.2,-42.0,4.076,5195.8
26929,39,blue-collar,married,basic.6y,no,yes,no,cellular,nov,thu,3,999,0,nonexistent,-0.1,93.2,-42.0,4.076,5195.8
26931,31,technician,married,basic.6y,no,yes,yes,cellular,nov,thu,4,999,0,nonexistent,-0.1,93.2,-42.0,4.076,5195.8
26933,35,blue-collar,divorced,basic.4y,no,no,no,cellular,nov,thu,4,999,1,failure,-0.1,93.2,-42.0,4.076,5195.8
26936,36,technician,married,high.school,no,yes,no,cellular,nov,thu,2,999,0,nonexistent,-0.1,93.2,-42.0,4.076,5195.8
26945,49,management,divorced,basic.6y,no,no,no,telephone,nov,thu,6,999,0,nonexistent,-0.1,93.2,-42.0,4.076,5195.8
26946,46,admin.,divorced,university.degree,no,unknown,unknown,cellular,nov,thu,2,999,0,nonexistent,-0.1,93.2,-42.0,4.076,5195.8
26959,48,admin.,married,university.degree,no,no,no,cellular,nov,thu,2,999,0,nonexistent,-0.1,93.2,-42.0,4.076,5195.8
26961,32,blue-collar,single,basic.9y,no,no,no,cellular,nov,thu,5,999,0,nonexistent,-0.1,93.2,-42.0,4.076,5195.8
26968,58,admin.,divorced,university.degree,no,no,no,cellular,nov,thu,2,999,0,nonexistent,-0.1,93.2,-42.0,4.076,5195.8
26992,45,blue-collar,married,basic.6y,no,yes,no,cellular,nov,thu,3,999,0,nonexistent,-0.1,93.2,-42.0,4.076,5195.8
26996,34,self-employed,single,basic.9y,no,no,no,cellular,nov,thu,3,999,0,nonexistent,-0.1,93.2,-42.0,4.076,5195.8
26997,33,admin.,married,university.degree,no,no,no,cellular,nov,thu,2,999,0,nonexistent,-0.1,93.2,-42.0,4.076,5195.8
27002,29,management,married,university.degree,no,no,no,cellular,nov,fri,4,999,0,nonexistent,-0.1,93.2,-42.0,4.021,5195.8
27007,42,blue-collar,single,professional.course,no,no,no,cellular,nov,fri,4,999,0,nonexistent,-0.1,93.2,-42.0,4.021,5195.8
27015,45,admin.,divorced,university.degree,no,yes,yes,cellular,nov,fri,9,999,0,nonexistent,-0.1,93.2,-42.0,4.021,5195.8
27022,31,unemployed,single,basic.4y,no,yes,no,telephone,nov,fri,9,999,0,nonexistent,-0.1,93.2,-42.0,4.021,5195.8
27025,43,services,single,high.school,unknown,no,no,cellular,nov,fri,2,999,0,nonexistent,-0.1,93.2,-42.0,4.021,5195.8
27033,31,admin.,married,university.degree,no,yes,no,cellular,nov,fri,5,999,0,nonexistent,-0.1,93.2,-42.0,4.021,5195.8
27040,30,blue-collar,married,basic.9y,no,yes,no,cellular,nov,fri,2,999,0,nonexistent,-0.1,93.2,-42.0,4.021,5195.8
27047,38,admin.,divorced,basic.9y,no,no,no,cellular,nov,fri,1,999,0,nonexistent,-0.1,93.2,-42.0,4.021,5195.8
27052,37,admin.,married,university.degree,no,yes,yes,cellular,nov,fri,1,999,0,nonexistent,-0.1,93.2,-42.0,4.021,5195.8
27054,36,admin.,married,university.degree,no,yes,no,cellular,nov,fri,1,999,0,nonexistent,-0.1,93.2,-42.0,4.021,5195.8
27055,48,management,married,university.degree,no,no,yes,cellular,nov,fri,1,999,1,failure,-0.1,93.2,-42.0,4.021,5195.8
27065,48,admin.,divorced,high.school,no,no,no,cellular,nov,fri,1,999,0,nonexistent,-0.1,93.2,-42.0,4.021,5195.8
27067,32,student,single,professional.course,no,yes,yes,cellular,nov,fri,1,999,0,nonexistent,-0.1,93.2,-42.0,4.021,5195.8
27072,44,management,single,university.degree,unknown,yes,yes,cellular,nov,fri,3,999,0,nonexistent,-0.1,93.2,-42.0,4.021,5195.8
27085,45,technician,married,professional.course,no,yes,no,cellular,nov,fri,1,999,0,nonexistent,-0.1,93.2,-42.0,4.021,5195.8
27089,37,admin.,married,professional.course,no,no,no,cellular,nov,fri,4,999,1,failure,-0.1,93.2,-42.0,4.021,5195.8
27104,35,admin.,single,university.degree,no,yes,yes,cellular,nov,fri,1,999,0,nonexistent,-0.1,93.2,-42.0,4.021,5195.8
27119,48,blue-collar,married,basic.4y,unknown,yes,yes,cellular,nov,fri,1,999,0,nonexistent,-0.1,93.2,-42.0,4.021,5195.8
27156,51,technician,married,high.school,no,yes,no,cellular,nov,fri,4,999,0,nonexistent,-0.1,93.2,-42.0,4.021,5195.8
27165,40,blue-collar,divorced,basic.9y,no,no,no,cellular,nov,fri,1,999,0,nonexistent,-0.1,93.2,-42.0,4.021,5195.8
27169,50,admin.,married,university.degree,no,yes,no,cellular,nov,fri,1,999,0,nonexistent,-0.1,93.2,-42.0,4.021,5195.8
27170,53,unemployed,married,basic.4y,no,yes,no,cellular,nov,fri,10,999,0,nonexistent,-0.1,93.2,-42.0,4.021,5195.8
27182,40,blue-collar,divorced,basic.9y,no,yes,no,cellular,nov,fri,1,999,0,nonexistent,-0.1,93.2,-42.0,4.021,5195.8
27192,39,self-employed,single,high.school,no,yes,no,cellular,nov,fri,1,999,0,nonexistent,-0.1,93.2,-42.0,4.021,5195.8
27199,31,unemployed,single,basic.4y,no,no,no,cellular,nov,fri,1,999,0,nonexistent,-0.1,93.2,-42.0,4.021,5195.8
27202,52,retired,married,university.degree,no,no,no,cellular,nov,fri,1,999,0,nonexistent,-0.1,93.2,-42.0,4.021,5195.8
27211,33,technician,single,university.degree,no,no,no,cellular,nov,fri,1,999,0,nonexistent,-0.1,93.2,-42.0,4.021,5195.8
27214,34,admin.,married,university.degree,no,no,no,cellular,nov,fri,2,999,0,nonexistent,-0.1,93.2,-42.0,4.021,5195.8
27231,57,management,married,university.degree,no,yes,no,telephone,nov,fri,1,999,0,nonexistent,-0.1,93.2,-42.0,4.021,5195.8
27235,58,admin.,married,university.degree,no,no,no,cellular,nov,fri,1,999,1,failure,-0.1,93.2,-42.0,4.021,5195.8
27243,53,blue-collar,married,basic.4y,unknown,yes,yes,cellular,nov,fri,1,999,0,nonexistent,-0.1,93.2,-42.0,4.021,5195.8
27254,57,management,divorced,university.degree,no,unknown,unknown,telephone,nov,fri,1,999,0,nonexistent,-0.1,93.2,-42.0,4.021,5195.8
27258,56,services,married,high.school,unknown,yes,no,cellular,nov,fri,1,999,0,nonexistent,-0.1,93.2,-42.0,4.021,5195.8
27259,45,admin.,divorced,university.degree,no,yes,no,cellular,nov,fri,1,999,1,failure,-0.1,93.2,-42.0,4.021,5195.8
27260,52,technician,divorced,university.degree,unknown,no,no,cellular,nov,fri,1,999,0,nonexistent,-0.1,93.2,-42.0,4.021,5195.8
27265,37,admin.,married,unknown,no,yes,yes,cellular,nov,fri,1,999,0,nonexistent,-0.1,93.2,-42.0,4.021,5195.8
27270,55,retired,married,high.school,no,no,no,cellular,nov,fri,1,999,0,nonexistent,-0.1,93.2,-42.0,4.021,5195.8
27280,32,technician,single,professional.course,no,yes,no,cellular,nov,fri,5,999,0,nonexistent,-0.1,93.2,-42.0,4.021,5195.8
27283,39,technician,married,high.school,no,no,no,cellular,nov,fri,2,999,0,nonexistent,-0.1,93.2,-42.0,4.021,5195.8
27284,37,admin.,married,university.degree,no,yes,no,cellular,nov,fri,1,999,0,nonexistent,-0.1,93.2,-42.0,4.021,5195.8
27310,55,technician,single,professional.course,no,yes,no,cellular,nov,fri,1,999,0,nonexistent,-0.1,93.2,-42.0,4.021,5195.8
27320,32,management,married,university.degree,no,yes,no,cellular,nov,fri,3,999,0,nonexistent,-0.1,93.2,-42.0,4.021,5195.8
27327,48,services,married,professional.course,no,no,no,cellular,nov,fri,6,999,0,nonexistent,-0.1,93.2,-42.0,4.021,5195.8
27334,40,blue-collar,divorced,basic.4y,no,yes,no,cellular,nov,fri,1,999,1,failure,-0.1,93.2,-42.0,4.021,5195.8
27340,47,admin.,married,university.degree,no,no,no,cellular,nov,fri,1,999,0,nonexistent,-0.1,93.2,-42.0,4.021,5195.8
27355,51,admin.,married,university.degree,no,yes,no,cellular,nov,fri,1,999,0,nonexistent,-0.1,93.2,-42.0,4.021,5195.8
27367,34,admin.,divorced,university.degree,no,no,no,cellular,nov,fri,2,999,0,nonexistent,-0.1,93.2,-42.0,4.021,5195.8
27398,34,management,single,university.degree,no,unknown,unknown,telephone,nov,fri,5,999,0,nonexistent,-0.1,93.2,-42.0,4.021,5195.8
27404,44,blue-collar,married,basic.6y,no,no,yes,cellular,nov,fri,3,999,0,nonexistent,-0.1,93.2,-42.0,4.021,5195.8
27438,37,technician,married,professional.course,unknown,yes,no,cellular,nov,fri,6,999,0,nonexistent,-0.1,93.2,-42.0,4.021,5195.8
27439,34,admin.,single,university.degree,no,no,no,telephone,nov,fri,1,999,0,nonexistent,-0.1,93.2,-42.0,4.021,5195.8
27443,58,admin.,married,university.degree,no,no,no,telephone,nov,fri,2,999,0,nonexistent,-0.1,93.2,-42.0,4.021,5195.8
27448,30,blue-collar,married,high.school,no,yes,yes,cellular,nov,fri,5,999,0,nonexistent,-0.1,93.2,-42.0,4.021,5195.8
27460,56,blue-collar,married,basic.9y,no,yes,no,cellular,nov,fri,2,999,0,nonexistent,-0.1,93.2,-42.0,4.021,5195.8
27471,39,housemaid,married,basic.9y,no,yes,no,cellular,nov,fri,4,999,0,nonexistent,-0.1,93.2,-42.0,4.021,5195.8
27488,41,management,divorced,university.degree,no,no,no,cellular,nov,fri,8,999,1,failure,-0.1,93.2,-42.0,4.021,5195.8
27498,42,technician,divorced,professional.course,no,no,no,cellular,nov,fri,4,999,1,failure,-0.1,93.2,-42.0,4.021,5195.8
27504,53,self-employed,married,university.degree,no,yes,no,cellular,nov,fri,4,999,0,nonexistent,-0.1,93.2,-42.0,4.021,5195.8
27514,34,technician,married,professional.course,no,yes,no,cellular,nov,fri,2,999,0,nonexistent,-0.1,93.2,-42.0,4.021,5195.8
27533,32,management,single,university.degree,no,yes,yes,cellular,nov,fri,3,999,0,nonexistent,-0.1,93.2,-42.0,4.021,5195.8
27572,43,blue-collar,married,professional.course,no,no,yes,cellular,nov,fri,2,999,0,nonexistent,-0.1,93.2,-42.0,4.021,5195.8
27582,53,admin.,married,high.school,no,no,no,cellular,nov,fri,2,999,0,nonexistent,-0.1,93.2,-42.0,4.021,5195.8
27584,44,blue-collar,married,basic.6y,no,yes,no,cellular,nov,fri,3,999,0,nonexistent,-0.1,93.2,-42.0,4.021,5195.8
27589,48,admin.,married,university.degree,no,no,no,cellular,nov,fri,3,999,0,nonexistent,-0.1,93.2,-42.0,4.021,5195.8
27593,45,admin.,single,university.degree,no,no,no,cellular,nov,fri,3,999,0,nonexistent,-0.1,93.2,-42.0,4.021,5195.8
27608,29,admin.,single,university.degree,no,yes,no,cellular,nov,fri,2,999,1,failure,-0.1,93.2,-42.0,4.021,5195.8
27613,50,admin.,married,university.degree,no,yes,no,cellular,nov,fri,2,999,0,nonexistent,-0.1,93.2,-42.0,4.021,5195.8
27628,37,entrepreneur,married,university.degree,no,yes,no,cellular,nov,fri,5,999,1,failure,-0.1,93.2,-42.0,4.021,5195.8
27630,58,retired,married,professional.course,unknown,no,no,cellular,nov,fri,3,999,1,failure,-0.1,93.2,-42.0,4.021,5195.8
27647,31,unemployed,single,basic.4y,no,no,no,cellular,nov,fri,8,999,0,nonexistent,-0.1,93.2,-42.0,4.021,5195.8
27649,34,services,single,basic.9y,no,yes,no,cellular,nov,fri,3,999,0,nonexistent,-0.1,93.2,-42.0,4.021,5195.8
27651,44,admin.,married,university.degree,unknown,no,no,cellular,nov,fri,4,999,0,nonexistent,-0.1,93.2,-42.0,4.021,5195.8
27653,47,technician,married,high.school,unknown,yes,no,cellular,nov,fri,2,999,0,nonexistent,-0.1,93.2,-42.0,4.021,5195.8
27660,39,admin.,single,unknown,no,yes,no,cellular,nov,fri,4,999,0,nonexistent,-0.1,93.2,-42.0,4.021,5195.8
27663,48,admin.,married,university.degree,unknown,no,no,cellular,nov,fri,9,999,0,nonexistent,-0.1,93.2,-42.0,4.021,5195.8
27666,55,management,married,basic.9y,no,no,no,cellular,nov,fri,2,999,1,failure,-0.1,93.2,-42.0,4.021,5195.8
27676,41,blue-collar,single,basic.9y,unknown,no,no,cellular,nov,fri,3,999,0,nonexistent,-0.1,93.2,-42.0,4.021,5195.8
27677,38,technician,married,professional.course,no,yes,yes,telephone,nov,wed,1,999,0,nonexistent,-0.1,93.2,-42.0,3.901,5195.8
27680,27,admin.,single,high.school,no,yes,no,telephone,nov,fri,1,999,0,nonexistent,-0.1,93.2,-42.0,3.853,5195.8
27689,55,unemployed,divorced,professional.course,no,no,no,telephone,dec,fri,1,999,0,nonexistent,-0.2,92.756,-45.9,3.282,5176.3
27694,26,student,single,basic.9y,no,yes,no,telephone,mar,mon,4,999,0,nonexistent,-1.8,92.843,-50.0,1.811,5099.1
27708,26,admin.,married,university.degree,no,yes,no,cellular,mar,mon,5,999,0,nonexistent,-1.8,92.843,-50.0,1.811,5099.1
27757,38,technician,married,professional.course,no,no,no,cellular,mar,thu,1,999,0,nonexistent,-1.8,92.843,-50.0,1.757,5099.1
27780,32,management,single,university.degree,no,yes,no,cellular,mar,tue,1,999,0,nonexistent,-1.8,92.843,-50.0,1.687,5099.1
27800,29,self-employed,married,university.degree,no,yes,no,cellular,mar,wed,3,999,0,nonexistent,-1.8,92.843,-50.0,1.663,5099.1
27809,88,retired,divorced,basic.4y,no,yes,no,cellular,mar,wed,6,999,0,nonexistent,-1.8,92.843,-50.0,1.663,5099.1
27816,88,retired,divorced,basic.4y,no,yes,yes,cellular,mar,wed,2,999,0,nonexistent,-1.8,92.843,-50.0,1.663,5099.1
27834,28,self-employed,single,university.degree,no,yes,yes,cellular,mar,fri,1,999,0,nonexistent,-1.8,92.843,-50.0,1.64,5099.1
27837,28,self-employed,single,university.degree,no,no,no,cellular,mar,fri,2,999,0,nonexistent,-1.8,92.843,-50.0,1.64,5099.1
27855,33,technician,single,university.degree,no,yes,no,cellular,mar,tue,1,999,0,nonexistent,-1.8,92.843,-50.0,1.614,5099.1
27873,54,admin.,married,university.degree,no,no,no,cellular,mar,mon,2,999,0,nonexistent,-1.8,92.843,-50.0,1.56,5099.1
27878,27,unemployed,single,university.degree,no,yes,no,cellular,mar,mon,1,999,0,nonexistent,-1.8,92.843,-50.0,1.56,5099.1
27884,32,technician,divorced,professional.course,no,yes,yes,cellular,mar,tue,1,999,0,nonexistent,-1.8,92.843,-50.0,1.556,5099.1
27886,28,technician,single,professional.course,no,yes,no,telephone,mar,tue,2,999,0,nonexistent,-1.8,92.843,-50.0,1.556,5099.1
27888,61,retired,married,basic.9y,no,no,yes,cellular,mar,tue,2,999,0,nonexistent,-1.8,92.843,-50.0,1.556,5099.1
27894,28,admin.,single,university.degree,no,no,no,cellular,mar,wed,2,999,0,nonexistent,-1.8,92.843,-50.0,1.548,5099.1
27906,36,management,married,university.degree,no,yes,yes,cellular,mar,thu,1,999,0,nonexistent,-1.8,92.843,-50.0,1.538,5099.1
27914,28,admin.,single,high.school,no,yes,no,cellular,mar,thu,2,999,0,nonexistent,-1.8,92.843,-50.0,1.538,5099.1
27923,28,admin.,single,high.school,no,yes,no,cellular,mar,fri,2,999,0,nonexistent,-1.8,92.843,-50.0,1.531,5099.1
27924,41,technician,married,professional.course,no,no,no,cellular,mar,fri,2,999,0,nonexistent,-1.8,92.843,-50.0,1.531,5099.1
27940,28,admin.,single,high.school,no,no,no,cellular,mar,fri,2,999,0,nonexistent,-1.8,92.843,-50.0,1.531,5099.1
27941,30,blue-collar,single,university.degree,no,yes,yes,cellular,mar,fri,2,999,0,nonexistent,-1.8,92.843,-50.0,1.531,5099.1
27944,28,admin.,single,high.school,no,no,no,cellular,mar,fri,2,999,0,nonexistent,-1.8,92.843,-50.0,1.531,5099.1
27955,21,student,single,basic.4y,no,no,no,cellular,mar,mon,2,999,0,nonexistent,-1.8,92.843,-50.0,1.52,5099.1
27975,43,self-employed,married,high.school,unknown,yes,no,cellular,apr,wed,1,999,0,nonexistent,-1.8,93.075,-47.1,1.498,5099.1
27979,29,admin.,married,university.degree,no,yes,no,cellular,apr,wed,1,999,0,nonexistent,-1.8,93.075,-47.1,1.498,5099.1
27981,30,services,single,high.school,no,yes,no,cellular,apr,wed,2,999,0,nonexistent,-1.8,93.075,-47.1,1.498,5099.1
27988,33,management,single,university.degree,no,yes,yes,cellular,apr,wed,1,999,0,nonexistent,-1.8,93.075,-47.1,1.498,5099.1
28000,44,admin.,married,unknown,no,no,no,cellular,apr,wed,4,999,1,failure,-1.8,93.075,-47.1,1.498,5099.1
28004,20,student,single,unknown,no,yes,no,cellular,apr,wed,4,999,0,nonexistent,-1.8,93.075,-47.1,1.498,5099.1
28008,30,admin.,married,university.degree,no,yes,no,cellular,apr,thu,3,999,0,nonexistent,-1.8,93.075,-47.1,1.483,5099.1
28021,34,technician,single,professional.course,no,no,no,cellular,apr,thu,1,999,1,failure,-1.8,93.075,-47.1,1.483,5099.1
28028,39,blue-collar,single,basic.9y,no,no,no,cellular,apr,thu,2,999,0,nonexistent,-1.8,93.075,-47.1,1.483,5099.1
28032,28,technician,single,professional.course,no,yes,no,cellular,apr,thu,2,999,1,failure,-1.8,93.075,-47.1,1.483,5099.1
28043,32,technician,single,university.degree,no,yes,no,cellular,apr,thu,2,999,1,failure,-1.8,93.075,-47.1,1.483,5099.1
28048,39,blue-collar,single,basic.9y,no,yes,no,cellular,apr,thu,2,999,0,nonexistent,-1.8,93.075,-47.1,1.483,5099.1
28063,45,blue-collar,married,basic.4y,unknown,yes,no,cellular,apr,fri,1,999,1,failure,-1.8,93.075,-47.1,1.479,5099.1
28072,30,technician,married,university.degree,no,yes,no,cellular,apr,fri,1,999,0,nonexistent,-1.8,93.075,-47.1,1.479,5099.1
28082,44,services,married,high.school,no,yes,no,cellular,apr,fri,1,999,2,failure,-1.8,93.075,-47.1,1.479,5099.1
28090,33,entrepreneur,married,high.school,no,yes,no,cellular,apr,fri,2,999,1,failure,-1.8,93.075,-47.1,1.479,5099.1
28092,39,blue-collar,married,basic.6y,no,no,no,cellular,apr,fri,2,999,0,nonexistent,-1.8,93.075,-47.1,1.479,5099.1
28097,48,admin.,married,high.school,no,yes,no,cellular,apr,fri,1,999,0,nonexistent,-1.8,93.075,-47.1,1.479,5099.1
28101,32,services,married,high.school,no,no,no,cellular,apr,fri,1,999,0,nonexistent,-1.8,93.075,-47.1,1.479,5099.1
28103,49,services,married,basic.6y,no,no,yes,cellular,apr,fri,1,999,0,nonexistent,-1.8,93.075,-47.1,1.479,5099.1
28104,50,blue-collar,married,basic.4y,no,yes,no,cellular,apr,fri,3,999,0,nonexistent,-1.8,93.075,-47.1,1.479,5099.1
28111,47,technician,married,high.school,no,yes,no,cellular,apr,fri,2,999,0,nonexistent,-1.8,93.075,-47.1,1.479,5099.1
28112,36,services,single,high.school,no,no,yes,telephone,apr,fri,2,999,0,nonexistent,-1.8,93.075,-47.1,1.479,5099.1
28127,40,management,married,university.degree,no,yes,no,cellular,apr,mon,1,999,0,nonexistent,-1.8,93.075,-47.1,1.466,5099.1
28129,40,services,single,high.school,no,no,no,cellular,apr,mon,1,999,0,nonexistent,-1.8,93.075,-47.1,1.466,5099.1
28136,56,retired,married,basic.6y,no,yes,no,telephone,apr,mon,1,999,0,nonexistent,-1.8,93.075,-47.1,1.466,5099.1
28140,55,management,divorced,university.degree,no,yes,no,cellular,apr,mon,3,999,0,nonexistent,-1.8,93.075,-47.1,1.466,5099.1
28148,44,technician,married,unknown,no,yes,no,cellular,apr,mon,1,999,1,failure,-1.8,93.075,-47.1,1.466,5099.1
28151,45,blue-collar,single,basic.9y,no,no,no,cellular,apr,mon,1,999,0,nonexistent,-1.8,93.075,-47.1,1.466,5099.1
28161,43,services,married,professional.course,no,no,no,cellular,apr,mon,1,999,0,nonexistent,-1.8,93.075,-47.1,1.466,5099.1
28174,38,blue-collar,married,basic.9y,no,no,yes,cellular,apr,mon,2,999,0,nonexistent,-1.8,93.075,-47.1,1.466,5099.1
28178,60,retired,divorced,basic.4y,no,no,no,cellular,apr,tue,4,999,0,nonexistent,-1.8,93.075,-47.1,1.453,5099.1
28199,36,blue-collar,married,basic.9y,no,yes,no,cellular,apr,tue,1,999,0,nonexistent,-1.8,93.075,-47.1,1.453,5099.1
28201,57,blue-collar,married,high.school,no,yes,no,cellular,apr,tue,2,999,0,nonexistent,-1.8,93.075,-47.1,1.453,5099.1
28208,32,technician,single,university.degree,no,no,no,cellular,apr,tue,4,999,0,nonexistent,-1.8,93.075,-47.1,1.453,5099.1
28211,40,technician,married,professional.course,no,no,no,cellular,apr,tue,1,999,0,nonexistent,-1.8,93.075,-47.1,1.453,5099.1
28235,40,retired,single,basic.4y,no,yes,yes,cellular,apr,tue,1,999,0,nonexistent,-1.8,93.075,-47.1,1.453,5099.1
28237,25,student,single,high.school,no,no,no,cellular,apr,tue,2,999,0,nonexistent,-1.8,93.075,-47.1,1.453,5099.1
28256,36,entrepreneur,married,high.school,no,yes,no,cellular,apr,tue,7,999,0,nonexistent,-1.8,93.075,-47.1,1.453,5099.1
28269,55,admin.,divorced,university.degree,no,yes,no,cellular,apr,wed,1,999,1,failure,-1.8,93.075,-47.1,1.445,5099.1
28272,61,retired,married,university.degree,no,yes,no,cellular,apr,wed,2,999,0,nonexistent,-1.8,93.075,-47.1,1.445,5099.1
28278,41,blue-collar,married,basic.4y,no,yes,no,cellular,apr,wed,1,999,0,nonexistent,-1.8,93.075,-47.1,1.445,5099.1
28280,25,unemployed,single,professional.course,no,yes,no,cellular,apr,wed,1,999,0,nonexistent,-1.8,93.075,-47.1,1.445,5099.1
28293,38,admin.,married,high.school,no,no,yes,cellular,apr,wed,1,999,1,failure,-1.8,93.075,-47.1,1.445,5099.1
28296,36,housemaid,married,basic.9y,no,yes,no,cellular,apr,wed,1,999,1,failure,-1.8,93.075,-47.1,1.445,5099.1
28303,63,retired,married,unknown,no,no,no,telephone,apr,wed,1,999,0,nonexistent,-1.8,93.075,-47.1,1.445,5099.1
28312,36,management,married,university.degree,no,no,yes,cellular,apr,wed,2,999,0,nonexistent,-1.8,93.075,-47.1,1.445,5099.1
28327,35,technician,divorced,professional.course,no,yes,no,cellular,apr,wed,1,999,0,nonexistent,-1.8,93.075,-47.1,1.445,5099.1
28328,35,technician,divorced,professional.course,no,yes,no,cellular,apr,wed,1,999,1,failure,-1.8,93.075,-47.1,1.445,5099.1
28341,22,management,single,university.degree,no,yes,no,cellular,apr,wed,2,999,0,nonexistent,-1.8,93.075,-47.1,1.445,5099.1
28348,46,technician,married,basic.6y,unknown,yes,no,cellular,apr,wed,2,999,0,nonexistent,-1.8,93.075,-47.1,1.445,5099.1
28349,47,admin.,married,unknown,no,no,yes,cellular,apr,wed,2,999,0,nonexistent,-1.8,93.075,-47.1,1.445,5099.1
28358,29,admin.,married,university.degree,no,yes,no,cellular,apr,wed,2,999,0,nonexistent,-1.8,93.075,-47.1,1.445,5099.1
28384,38,technician,married,high.school,no,no,no,cellular,apr,thu,1,999,0,nonexistent,-1.8,93.075,-47.1,1.435,5099.1
28386,32,services,divorced,high.school,no,no,no,cellular,apr,thu,3,999,0,nonexistent,-1.8,93.075,-47.1,1.435,5099.1
28389,67,retired,married,university.degree,no,yes,no,telephone,apr,thu,4,999,0,nonexistent,-1.8,93.075,-47.1,1.435,5099.1
28393,41,technician,married,university.degree,unknown,no,yes,cellular,apr,thu,1,999,1,failure,-1.8,93.075,-47.1,1.435,5099.1
28397,48,blue-collar,married,basic.9y,unknown,yes,yes,cellular,apr,thu,2,999,0,nonexistent,-1.8,93.075,-47.1,1.435,5099.1
28415,37,technician,divorced,professional.course,no,yes,no,cellular,apr,thu,1,999,0,nonexistent,-1.8,93.075,-47.1,1.435,5099.1
28433,36,admin.,single,university.degree,no,no,no,cellular,apr,thu,12,999,1,failure,-1.8,93.075,-47.1,1.435,5099.1
28436,41,admin.,married,university.degree,unknown,yes,yes,cellular,apr,thu,3,999,0,nonexistent,-1.8,93.075,-47.1,1.435,5099.1
28448,30,admin.,married,university.degree,no,no,no,cellular,apr,tue,1,999,0,nonexistent,-1.8,93.075,-47.1,1.423,5099.1
28465,59,blue-collar,married,basic.9y,no,no,no,telephone,apr,tue,3,999,1,failure,-1.8,93.075,-47.1,1.423,5099.1
28473,48,blue-collar,single,basic.9y,no,yes,no,cellular,apr,tue,1,999,1,failure,-1.8,93.075,-47.1,1.423,5099.1
28484,55,admin.,single,high.school,no,yes,no,cellular,apr,tue,2,999,1,failure,-1.8,93.075,-47.1,1.423,5099.1
28508,42,self-employed,married,university.degree,no,yes,no,cellular,apr,tue,1,999,1,failure,-1.8,93.075,-47.1,1.423,5099.1
28549,45,services,married,high.school,no,yes,no,cellular,apr,wed,4,999,0,nonexistent,-1.8,93.075,-47.1,1.415,5099.1
28554,44,management,married,basic.6y,no,yes,no,cellular,apr,wed,1,999,0,nonexistent,-1.8,93.075,-47.1,1.415,5099.1
28555,44,management,married,basic.6y,no,yes,yes,cellular,apr,wed,1,999,0,nonexistent,-1.8,93.075,-47.1,1.415,5099.1
28564,41,services,single,high.school,no,no,no,cellular,apr,wed,1,999,0,nonexistent,-1.8,93.075,-47.1,1.415,5099.1
28584,32,unemployed,single,university.degree,no,yes,no,cellular,apr,wed,2,999,0,nonexistent,-1.8,93.075,-47.1,1.415,5099.1
28585,44,technician,single,professional.course,no,yes,no,cellular,apr,wed,2,999,0,nonexistent,-1.8,93.075,-47.1,1.415,5099.1
28594,33,admin.,married,university.degree,no,yes,no,cellular,apr,wed,1,999,0,nonexistent,-1.8,93.075,-47.1,1.415,5099.1
28604,25,student,single,high.school,no,no,no,cellular,apr,wed,1,999,0,nonexistent,-1.8,93.075,-47.1,1.415,5099.1
28641,40,entrepreneur,married,professional.course,unknown,yes,no,cellular,apr,thu,1,999,1,failure,-1.8,93.075,-47.1,1.41,5099.1
28646,64,retired,married,basic.6y,no,yes,no,cellular,apr,thu,4,999,0,nonexistent,-1.8,93.075,-47.1,1.41,5099.1
28665,44,entrepreneur,divorced,university.degree,no,no,no,cellular,apr,thu,1,999,0,nonexistent,-1.8,93.075,-47.1,1.41,5099.1
28687,24,management,single,university.degree,no,yes,no,cellular,apr,thu,1,999,0,nonexistent,-1.8,93.075,-47.1,1.41,5099.1
28695,35,admin.,married,professional.course,no,no,yes,cellular,apr,thu,1,999,0,nonexistent,-1.8,93.075,-47.1,1.41,5099.1
28696,27,blue-collar,single,basic.4y,no,yes,no,cellular,apr,thu,2,999,1,failure,-1.8,93.075,-47.1,1.41,5099.1
28701,43,management,married,unknown,unknown,no,yes,cellular,apr,thu,1,999,0,nonexistent,-1.8,93.075,-47.1,1.41,5099.1
28706,37,technician,divorced,professional.course,no,yes,no,cellular,apr,thu,1,999,0,nonexistent,-1.8,93.075,-47.1,1.41,5099.1
28707,50,blue-collar,married,basic.9y,unknown,yes,no,cellular,apr,thu,1,999,1,failure,-1.8,93.075,-47.1,1.41,5099.1
28727,36,blue-collar,married,unknown,no,no,no,cellular,apr,thu,1,999,0,nonexistent,-1.8,93.075,-47.1,1.41,5099.1
28735,20,student,single,high.school,no,yes,no,telephone,apr,thu,1,999,0,nonexistent,-1.8,93.075,-47.1,1.41,5099.1
28743,42,entrepreneur,married,basic.9y,no,yes,no,cellular,apr,thu,3,999,0,nonexistent,-1.8,93.075,-47.1,1.41,5099.1
28751,37,admin.,married,professional.course,no,yes,no,cellular,apr,thu,2,999,1,failure,-1.8,93.075,-47.1,1.41,5099.1
28756,41,services,married,high.school,no,yes,no,cellular,apr,thu,2,999,0,nonexistent,-1.8,93.075,-47.1,1.41,5099.1
28760,38,admin.,married,high.school,no,yes,no,cellular,apr,thu,2,999,1,failure,-1.8,93.075,-47.1,1.41,5099.1
28766,24,blue-collar,married,basic.9y,no,no,no,cellular,apr,thu,1,999,0,nonexistent,-1.8,93.075,-47.1,1.41,5099.1
28770,49,management,married,university.degree,no,no,no,cellular,apr,thu,1,999,1,failure,-1.8,93.075,-47.1,1.41,5099.1
28777,29,services,single,basic.9y,unknown,yes,no,cellular,apr,thu,2,999,0,nonexistent,-1.8,93.075,-47.1,1.41,5099.1
28779,56,services,divorced,high.school,unknown,yes,no,cellular,apr,thu,2,999,0,nonexistent,-1.8,93.075,-47.1,1.41,5099.1
28782,37,admin.,married,professional.course,no,yes,yes,cellular,apr,thu,5,999,0,nonexistent,-1.8,93.075,-47.1,1.41,5099.1
28785,48,services,divorced,high.school,unknown,no,no,cellular,apr,thu,2,999,1,failure,-1.8,93.075,-47.1,1.41,5099.1
28791,29,admin.,single,high.school,no,yes,yes,cellular,apr,thu,3,9,1,success,-1.8,93.075,-47.1,1.41,5099.1
28795,53,management,married,high.school,no,yes,no,cellular,apr,thu,2,999,1,failure,-1.8,93.075,-47.1,1.41,5099.1
28797,42,admin.,divorced,high.school,no,no,no,cellular,apr,thu,3,999,0,nonexistent,-1.8,93.075,-47.1,1.41,5099.1
28799,47,admin.,married,basic.6y,unknown,yes,no,cellular,apr,thu,2,999,1,failure,-1.8,93.075,-47.1,1.41,5099.1
28802,40,services,single,high.school,no,yes,no,cellular,apr,thu,2,999,1,failure,-1.8,93.075,-47.1,1.41,5099.1
28805,38,services,married,basic.9y,no,yes,no,cellular,apr,thu,2,999,0,nonexistent,-1.8,93.075,-47.1,1.41,5099.1
28809,28,technician,single,professional.course,no,unknown,unknown,cellular,apr,thu,2,999,1,failure,-1.8,93.075,-47.1,1.41,5099.1
28810,37,technician,single,high.school,no,yes,no,telephone,apr,thu,2,999,2,failure,-1.8,93.075,-47.1,1.41,5099.1
28812,42,entrepreneur,married,basic.9y,no,no,yes,cellular,apr,thu,2,999,0,nonexistent,-1.8,93.075,-47.1,1.41,5099.1
28818,36,blue-collar,single,high.school,no,yes,no,telephone,apr,thu,3,999,1,failure,-1.8,93.075,-47.1,1.41,5099.1
28835,55,admin.,married,university.degree,no,yes,no,cellular,apr,thu,3,999,0,nonexistent,-1.8,93.075,-47.1,1.41,5099.1
28836,36,admin.,single,university.degree,no,yes,no,cellular,apr,thu,2,999,0,nonexistent,-1.8,93.075,-47.1,1.41,5099.1
28837,31,admin.,married,high.school,no,yes,no,cellular,apr,thu,1,999,0,nonexistent,-1.8,93.075,-47.1,1.41,5099.1
28844,44,entrepreneur,divorced,university.degree,no,yes,no,cellular,apr,thu,1,999,1,failure,-1.8,93.075,-47.1,1.41,5099.1
28882,42,entrepreneur,married,university.degree,unknown,no,no,cellular,apr,fri,4,999,0,nonexistent,-1.8,93.075,-47.1,1.405,5099.1
28888,37,blue-collar,single,professional.course,no,no,no,cellular,apr,fri,1,999,0,nonexistent,-1.8,93.075,-47.1,1.405,5099.1
28892,47,technician,married,professional.course,unknown,yes,no,cellular,apr,fri,1,999,0,nonexistent,-1.8,93.075,-47.1,1.405,5099.1
28904,45,management,married,university.degree,no,yes,no,cellular,apr,fri,1,999,0,nonexistent,-1.8,93.075,-47.1,1.405,5099.1
28937,34,management,married,university.degree,no,yes,no,cellular,apr,fri,1,999,0,nonexistent,-1.8,93.075,-47.1,1.405,5099.1
28947,42,blue-collar,married,basic.4y,no,yes,no,cellular,apr,fri,1,999,1,failure,-1.8,93.075,-47.1,1.405,5099.1
28948,32,management,single,university.degree,no,yes,no,cellular,apr,fri,1,999,0,nonexistent,-1.8,93.075,-47.1,1.405,5099.1
28951,37,admin.,divorced,high.school,no,no,no,cellular,apr,fri,1,999,1,failure,-1.8,93.075,-47.1,1.405,5099.1
28964,30,services,single,high.school,unknown,yes,no,cellular,apr,fri,1,999,0,nonexistent,-1.8,93.075,-47.1,1.405,5099.1
29002,47,admin.,married,high.school,unknown,no,yes,cellular,apr,fri,1,999,0,nonexistent,-1.8,93.075,-47.1,1.405,5099.1
29019,40,blue-collar,single,basic.6y,unknown,no,no,cellular,apr,fri,1,999,1,failure,-1.8,93.075,-47.1,1.405,5099.1
29020,24,services,single,high.school,no,yes,no,cellular,apr,fri,1,999,0,nonexistent,-1.8,93.075,-47.1,1.405,5099.1
29023,37,blue-collar,divorced,basic.9y,no,yes,yes,cellular,apr,fri,1,999,0,nonexistent,-1.8,93.075,-47.1,1.405,5099.1
29054,29,services,married,basic.6y,no,no,yes,cellular,apr,fri,1,999,0,nonexistent,-1.8,93.075,-47.1,1.405,5099.1
29059,44,management,married,professional.course,no,yes,no,cellular,apr,fri,1,999,0,nonexistent,-1.8,93.075,-47.1,1.405,5099.1
29068,41,technician,married,professional.course,no,yes,no,cellular,apr,fri,6,999,0,nonexistent,-1.8,93.075,-47.1,1.405,5099.1
29075,38,blue-collar,married,basic.9y,no,no,no,cellular,apr,fri,1,999,0,nonexistent,-1.8,93.075,-47.1,1.405,5099.1
29102,39,services,married,high.school,unknown,yes,no,cellular,apr,fri,1,999,0,nonexistent,-1.8,93.075,-47.1,1.405,5099.1
29107,31,admin.,single,university.degree,no,no,yes,cellular,apr,fri,1,999,0,nonexistent,-1.8,93.075,-47.1,1.405,5099.1
29148,40,technician,single,professional.course,no,yes,no,cellular,apr,fri,1,999,1,failure,-1.8,93.075,-47.1,1.405,5099.1
29159,35,blue-collar,divorced,basic.6y,no,yes,no,cellular,apr,fri,1,999,0,nonexistent,-1.8,93.075,-47.1,1.405,5099.1
29162,41,blue-collar,married,basic.4y,unknown,yes,no,cellular,apr,fri,1,999,0,nonexistent,-1.8,93.075,-47.1,1.405,5099.1
29165,45,blue-collar,married,basic.9y,no,yes,no,cellular,apr,fri,1,999,0,nonexistent,-1.8,93.075,-47.1,1.405,5099.1
29170,41,admin.,single,professional.course,no,yes,yes,cellular,apr,fri,1,999,0,nonexistent,-1.8,93.075,-47.1,1.405,5099.1
29187,40,self-employed,married,university.degree,no,no,no,cellular,apr,fri,1,999,0,nonexistent,-1.8,93.075,-47.1,1.405,5099.1
29201,56,blue-collar,unknown,basic.4y,no,no,no,cellular,apr,fri,1,999,0,nonexistent,-1.8,93.075,-47.1,1.405,5099.1
29215,34,blue-collar,married,professional.course,no,no,no,cellular,apr,fri,1,999,0,nonexistent,-1.8,93.075,-47.1,1.405,5099.1
29229,34,technician,married,university.degree,no,no,no,cellular,apr,fri,1,999,0,nonexistent,-1.8,93.075,-47.1,1.405,5099.1
29237,41,blue-collar,married,basic.4y,unknown,yes,no,cellular,apr,fri,2,999,1,failure,-1.8,93.075,-47.1,1.405,5099.1
29247,29,services,single,high.school,no,no,no,cellular,apr,fri,2,999,1,failure,-1.8,93.075,-47.1,1.405,5099.1
29256,29,student,single,unknown,no,yes,no,cellular,apr,fri,5,999,0,nonexistent,-1.8,93.075,-47.1,1.405,5099.1
29257,34,blue-collar,married,basic.9y,no,yes,no,cellular,apr,fri,2,999,0,nonexistent,-1.8,93.075,-47.1,1.405,5099.1
29266,34,entrepreneur,married,university.degree,no,yes,no,cellular,apr,fri,3,999,0,nonexistent,-1.8,93.075,-47.1,1.405,5099.1
29280,48,services,single,high.school,no,no,no,cellular,apr,fri,3,999,0,nonexistent,-1.8,93.075,-47.1,1.405,5099.1
29281,26,technician,single,professional.course,no,yes,no,cellular,apr,fri,1,999,0,nonexistent,-1.8,93.075,-47.1,1.405,5099.1
29295,24,services,single,high.school,no,no,yes,cellular,apr,fri,2,999,1,failure,-1.8,93.075,-47.1,1.405,5099.1
29296,47,admin.,married,basic.9y,no,yes,yes,cellular,apr,fri,3,999,1,failure,-1.8,93.075,-47.1,1.405,5099.1
29321,46,blue-collar,single,basic.4y,no,unknown,unknown,cellular,apr,fri,2,999,1,failure,-1.8,93.075,-47.1,1.405,5099.1
29323,36,admin.,single,high.school,no,yes,no,cellular,apr,fri,5,999,0,nonexistent,-1.8,93.075,-47.1,1.405,5099.1
29327,34,blue-collar,divorced,basic.4y,no,no,no,cellular,apr,fri,5,999,0,nonexistent,-1.8,93.075,-47.1,1.405,5099.1
29328,34,management,divorced,professional.course,no,yes,no,cellular,apr,fri,2,999,0,nonexistent,-1.8,93.075,-47.1,1.405,5099.1
29332,32,blue-collar,single,high.school,no,no,no,cellular,apr,fri,4,999,1,failure,-1.8,93.075,-47.1,1.405,5099.1
29336,29,entrepreneur,single,university.degree,no,no,no,cellular,apr,fri,2,999,0,nonexistent,-1.8,93.075,-47.1,1.405,5099.1
29349,38,technician,divorced,high.school,no,no,no,telephone,apr,fri,3,6,1,success,-1.8,93.075,-47.1,1.405,5099.1
29352,35,blue-collar,married,professional.course,no,no,no,cellular,apr,fri,2,999,1,failure,-1.8,93.075,-47.1,1.405,5099.1
29373,41,blue-collar,married,basic.9y,unknown,yes,no,cellular,apr,fri,2,999,0,nonexistent,-1.8,93.075,-47.1,1.405,5099.1
29380,50,management,married,basic.6y,no,no,no,cellular,apr,fri,4,999,0,nonexistent,-1.8,93.075,-47.1,1.405,5099.1
29384,29,admin.,divorced,university.degree,no,yes,no,cellular,apr,fri,3,999,0,nonexistent,-1.8,93.075,-47.1,1.405,5099.1
29398,32,admin.,married,high.school,no,no,no,cellular,apr,mon,5,999,0,nonexistent,-1.8,93.075,-47.1,1.405,5099.1
29400,34,self-employed,single,university.degree,no,yes,yes,cellular,apr,mon,2,999,0,nonexistent,-1.8,93.075,-47.1,1.405,5099.1
29404,60,retired,married,basic.6y,no,yes,yes,telephone,apr,mon,5,999,0,nonexistent,-1.8,93.075,-47.1,1.405,5099.1
29415,51,blue-collar,married,basic.9y,unknown,no,no,cellular,apr,mon,5,999,0,nonexistent,-1.8,93.075,-47.1,1.405,5099.1
29431,37,blue-collar,divorced,basic.9y,no,yes,yes,cellular,apr,mon,1,999,0,nonexistent,-1.8,93.075,-47.1,1.405,5099.1
29434,45,blue-collar,married,basic.4y,no,yes,no,telephone,apr,mon,1,999,0,nonexistent,-1.8,93.075,-47.1,1.405,5099.1
29439,33,blue-collar,single,basic.4y,no,no,no,cellular,apr,mon,1,999,0,nonexistent,-1.8,93.075,-47.1,1.405,5099.1
29456,39,entrepreneur,married,university.degree,unknown,yes,no,cellular,apr,mon,1,999,0,nonexistent,-1.8,93.075,-47.1,1.405,5099.1
29467,42,blue-collar,single,unknown,unknown,no,no,cellular,apr,mon,1,999,0,nonexistent,-1.8,93.075,-47.1,1.405,5099.1
29477,43,technician,divorced,professional.course,unknown,no,no,cellular,apr,mon,2,999,1,failure,-1.8,93.075,-47.1,1.405,5099.1
29501,31,technician,single,professional.course,no,yes,no,cellular,apr,mon,6,999,0,nonexistent,-1.8,93.075,-47.1,1.405,5099.1
29551,38,blue-collar,divorced,basic.6y,no,yes,yes,cellular,apr,mon,1,999,1,failure,-1.8,93.075,-47.1,1.405,5099.1
29553,36,technician,married,high.school,no,no,no,cellular,apr,mon,1,999,0,nonexistent,-1.8,93.075,-47.1,1.405,5099.1
29559,45,services,divorced,basic.9y,no,no,no,cellular,apr,mon,1,999,0,nonexistent,-1.8,93.075,-47.1,1.405,5099.1
29566,34,blue-collar,single,basic.9y,unknown,yes,no,cellular,apr,mon,2,999,1,failure,-1.8,93.075,-47.1,1.405,5099.1
29581,47,management,married,university.degree,no,no,no,cellular,apr,mon,3,999,0,nonexistent,-1.8,93.075,-47.1,1.405,5099.1
29582,30,blue-collar,married,basic.4y,no,no,no,cellular,apr,mon,5,999,0,nonexistent,-1.8,93.075,-47.1,1.405,5099.1
29619,45,services,married,basic.4y,no,unknown,unknown,cellular,apr,mon,3,999,0,nonexistent,-1.8,93.075,-47.1,1.405,5099.1
29624,57,services,married,high.school,unknown,yes,no,cellular,apr,mon,1,999,0,nonexistent,-1.8,93.075,-47.1,1.405,5099.1
29625,53,housemaid,married,basic.6y,unknown,unknown,unknown,cellular,apr,mon,2,999,0,nonexistent,-1.8,93.075,-47.1,1.405,5099.1
29645,43,management,married,university.degree,no,yes,no,cellular,apr,mon,2,999,1,failure,-1.8,93.075,-47.1,1.405,5099.1
29648,45,blue-collar,married,basic.6y,no,no,no,cellular,apr,mon,1,1,1,success,-1.8,93.075,-47.1,1.405,5099.1
29654,33,blue-collar,married,high.school,no,unknown,unknown,cellular,apr,mon,5,999,0,nonexistent,-1.8,93.075,-47.1,1.405,5099.1
29662,41,blue-collar,married,basic.4y,unknown,no,no,cellular,apr,mon,3,999,0,nonexistent,-1.8,93.075,-47.1,1.405,5099.1
29663,40,admin.,single,university.degree,no,yes,no,cellular,apr,mon,1,999,0,nonexistent,-1.8,93.075,-47.1,1.405,5099.1
29672,52,services,married,basic.6y,no,yes,no,cellular,apr,mon,1,999,0,nonexistent,-1.8,93.075,-47.1,1.405,5099.1
29673,49,entrepreneur,married,university.degree,no,yes,no,cellular,apr,mon,1,999,1,failure,-1.8,93.075,-47.1,1.405,5099.1
29679,46,admin.,married,high.school,unknown,yes,no,cellular,apr,mon,1,999,0,nonexistent,-1.8,93.075,-47.1,1.405,5099.1
29686,50,technician,married,professional.course,no,yes,no,cellular,apr,mon,1,999,0,nonexistent,-1.8,93.075,-47.1,1.405,5099.1
29689,37,blue-collar,divorced,basic.9y,no,yes,no,cellular,apr,mon,4,999,0,nonexistent,-1.8,93.075,-47.1,1.405,5099.1
29711,35,admin.,married,university.degree,no,yes,no,cellular,apr,mon,1,999,1,failure,-1.8,93.075,-47.1,1.405,5099.1
29718,38,self-employed,married,university.degree,unknown,yes,no,cellular,apr,mon,3,999,0,nonexistent,-1.8,93.075,-47.1,1.405,5099.1
29726,55,admin.,married,university.degree,no,yes,no,cellular,apr,mon,1,999,1,failure,-1.8,93.075,-47.1,1.405,5099.1
29733,30,technician,divorced,university.degree,no,no,no,cellular,apr,mon,1,999,0,nonexistent,-1.8,93.075,-47.1,1.405,5099.1
29742,30,technician,single,university.degree,no,unknown,unknown,cellular,apr,mon,1,999,0,nonexistent,-1.8,93.075,-47.1,1.405,5099.1
29754,43,management,married,university.degree,no,yes,no,cellular,apr,mon,2,999,1,failure,-1.8,93.075,-47.1,1.405,5099.1
29755,37,admin.,married,high.school,no,no,no,cellular,apr,mon,3,999,0,nonexistent,-1.8,93.075,-47.1,1.405,5099.1
29763,46,services,married,high.school,unknown,yes,no,cellular,apr,mon,2,999,0,nonexistent,-1.8,93.075,-47.1,1.405,5099.1
29784,44,blue-collar,divorced,basic.4y,unknown,yes,yes,cellular,apr,mon,3,999,2,failure,-1.8,93.075,-47.1,1.405,5099.1
29804,19,student,single,unknown,no,yes,no,cellular,apr,mon,3,999,0,nonexistent,-1.8,93.075,-47.1,1.405,5099.1
29821,54,management,married,university.degree,unknown,no,yes,cellular,apr,mon,3,999,0,nonexistent,-1.8,93.075,-47.1,1.405,5099.1
29828,37,blue-collar,married,basic.4y,unknown,yes,yes,cellular,apr,mon,6,999,1,failure,-1.8,93.075,-47.1,1.405,5099.1
29831,37,blue-collar,married,basic.6y,no,yes,no,cellular,apr,mon,2,999,0,nonexistent,-1.8,93.075,-47.1,1.405,5099.1
29836,37,admin.,married,basic.9y,no,yes,no,cellular,apr,mon,7,999,1,failure,-1.8,93.075,-47.1,1.405,5099.1
29842,46,services,married,high.school,unknown,no,no,cellular,apr,mon,2,999,1,failure,-1.8,93.075,-47.1,1.405,5099.1
29856,50,blue-collar,married,basic.9y,no,yes,no,cellular,apr,mon,3,999,1,failure,-1.8,93.075,-47.1,1.405,5099.1
29858,33,blue-collar,divorced,basic.9y,no,no,no,cellular,apr,mon,6,999,0,nonexistent,-1.8,93.075,-47.1,1.405,5099.1
29866,36,technician,married,basic.9y,no,yes,yes,cellular,apr,mon,3,999,0,nonexistent,-1.8,93.075,-47.1,1.405,5099.1
29867,33,housemaid,married,basic.4y,no,yes,no,cellular,apr,mon,3,999,0,nonexistent,-1.8,93.075,-47.1,1.405,5099.1
29885,29,technician,single,unknown,no,no,no,cellular,apr,mon,2,999,0,nonexistent,-1.8,93.075,-47.1,1.405,5099.1
29892,60,blue-collar,married,basic.4y,unknown,no,no,cellular,apr,mon,3,999,1,failure,-1.8,93.075,-47.1,1.405,5099.1
29898,31,blue-collar,married,professional.course,unknown,yes,no,cellular,apr,mon,4,999,0,nonexistent,-1.8,93.075,-47.1,1.405,5099.1
29904,56,technician,married,professional.course,unknown,no,no,cellular,apr,mon,3,999,0,nonexistent,-1.8,93.075,-47.1,1.405,5099.1
29915,51,blue-collar,married,basic.9y,no,yes,no,cellular,apr,mon,4,999,0,nonexistent,-1.8,93.075,-47.1,1.405,5099.1
29924,46,admin.,married,basic.9y,no,no,no,cellular,apr,mon,2,999,0,nonexistent,-1.8,93.075,-47.1,1.405,5099.1
29926,55,admin.,married,university.degree,no,yes,yes,cellular,apr,mon,3,999,0,nonexistent,-1.8,93.075,-47.1,1.405,5099.1
29934,38,services,married,high.school,no,no,no,cellular,apr,mon,2,999,0,nonexistent,-1.8,93.075,-47.1,1.405,5099.1
29949,40,blue-collar,married,basic.9y,unknown,no,no,cellular,apr,mon,2,999,0,nonexistent,-1.8,93.075,-47.1,1.405,5099.1
29951,40,admin.,married,professional.course,unknown,no,no,cellular,apr,mon,3,999,0,nonexistent,-1.8,93.075,-47.1,1.405,5099.1
29962,48,services,divorced,high.school,no,yes,no,cellular,apr,mon,2,999,0,nonexistent,-1.8,93.075,-47.1,1.405,5099.1
29968,37,blue-collar,married,high.school,no,no,no,cellular,apr,mon,3,999,0,nonexistent,-1.8,93.075,-47.1,1.405,5099.1
29987,61,retired,married,professional.course,no,unknown,unknown,cellular,apr,tue,1,999,0,nonexistent,-1.8,93.075,-47.1,1.405,5099.1
29996,20,student,single,unknown,no,yes,yes,cellular,apr,tue,2,999,0,nonexistent,-1.8,93.075,-47.1,1.405,5099.1
30006,19,student,single,unknown,no,yes,yes,cellular,apr,tue,3,999,0,nonexistent,-1.8,93.075,-47.1,1.405,5099.1
30028,64,retired,married,basic.4y,no,yes,no,cellular,apr,wed,1,999,2,failure,-1.8,93.075,-47.1,1.405,5099.1
30063,38,technician,married,professional.course,no,yes,yes,cellular,apr,thu,1,999,0,nonexistent,-1.8,93.075,-47.1,1.406,5099.1
30089,71,retired,married,university.degree,no,yes,yes,telephone,apr,mon,12,999,0,nonexistent,-1.8,93.075,-47.1,1.392,5099.1
30099,55,services,divorced,professional.course,no,no,no,cellular,apr,mon,1,999,1,failure,-1.8,93.075,-47.1,1.392,5099.1
30109,27,admin.,single,university.degree,no,yes,no,cellular,apr,tue,3,999,0,nonexistent,-1.8,93.075,-47.1,1.384,5099.1
30112,61,retired,divorced,university.degree,no,yes,no,cellular,apr,tue,2,999,0,nonexistent,-1.8,93.075,-47.1,1.384,5099.1
30120,47,services,married,high.school,no,yes,no,cellular,apr,wed,2,999,0,nonexistent,-1.8,93.075,-47.1,1.372,5099.1
30135,60,admin.,married,professional.course,no,yes,no,cellular,apr,thu,1,999,0,nonexistent,-1.8,93.075,-47.1,1.365,5099.1
30159,40,admin.,married,university.degree,no,no,yes,cellular,apr,thu,1,999,0,nonexistent,-1.8,93.075,-47.1,1.365,5099.1
30165,54,management,married,university.degree,no,yes,no,cellular,apr,thu,1,999,0,nonexistent,-1.8,93.075,-47.1,1.365,5099.1
30166,54,management,married,university.degree,no,yes,no,cellular,apr,thu,1,999,0,nonexistent,-1.8,93.075,-47.1,1.365,5099.1
30175,48,entrepreneur,married,university.degree,no,yes,no,cellular,apr,thu,1,999,0,nonexistent,-1.8,93.075,-47.1,1.365,5099.1
30186,40,admin.,married,university.degree,no,no,no,cellular,apr,thu,1,999,0,nonexistent,-1.8,93.075,-47.1,1.365,5099.1
30190,41,technician,divorced,professional.course,no,unknown,unknown,cellular,apr,thu,1,999,0,nonexistent,-1.8,93.075,-47.1,1.365,5099.1
30195,48,entrepreneur,married,university.degree,no,no,no,cellular,apr,thu,2,2,1,success,-1.8,93.075,-47.1,1.365,5099.1
30202,54,housemaid,married,high.school,no,yes,yes,cellular,apr,thu,1,999,1,failure,-1.8,93.075,-47.1,1.365,5099.1
30247,33,services,married,high.school,no,yes,no,cellular,apr,thu,2,999,0,nonexistent,-1.8,93.075,-47.1,1.365,5099.1
30248,39,technician,married,professional.course,no,no,no,cellular,apr,thu,1,2,1,success,-1.8,93.075,-47.1,1.365,5099.1
30254,48,technician,divorced,high.school,no,yes,no,cellular,apr,thu,1,999,1,failure,-1.8,93.075,-47.1,1.365,5099.1
30265,56,entrepreneur,married,university.degree,no,no,no,cellular,apr,thu,1,999,0,nonexistent,-1.8,93.075,-47.1,1.365,5099.1
30307,37,self-employed,single,university.degree,no,yes,no,cellular,apr,thu,1,999,0,nonexistent,-1.8,93.075,-47.1,1.365,5099.1
30308,37,admin.,married,high.school,no,yes,no,cellular,apr,thu,1,2,1,success,-1.8,93.075,-47.1,1.365,5099.1
30309,24,student,single,high.school,no,yes,no,cellular,apr,thu,1,999,0,nonexistent,-1.8,93.075,-47.1,1.365,5099.1
30312,48,unemployed,single,basic.9y,no,yes,no,cellular,apr,thu,1,2,1,success,-1.8,93.075,-47.1,1.365,5099.1
30323,27,student,single,unknown,unknown,yes,no,cellular,apr,thu,1,999,0,nonexistent,-1.8,93.075,-47.1,1.365,5099.1
30365,28,student,single,high.school,no,yes,no,cellular,apr,thu,1,999,1,failure,-1.8,93.075,-47.1,1.365,5099.1
30375,28,admin.,married,university.degree,no,no,no,cellular,apr,thu,2,999,1,failure,-1.8,93.075,-47.1,1.365,5099.1
30388,25,blue-collar,single,basic.9y,no,yes,no,cellular,apr,thu,1,999,0,nonexistent,-1.8,93.075,-47.1,1.365,5099.1
30398,24,admin.,single,university.degree,no,yes,no,cellular,apr,thu,3,999,0,nonexistent,-1.8,93.075,-47.1,1.365,5099.1
30410,60,admin.,married,professional.course,no,yes,no,cellular,apr,thu,1,999,0,nonexistent,-1.8,93.075,-47.1,1.365,5099.1
30420,30,admin.,married,university.degree,no,no,no,cellular,apr,thu,1,999,0,nonexistent,-1.8,93.075,-47.1,1.365,5099.1
30422,32,student,married,high.school,no,no,no,cellular,apr,thu,2,999,0,nonexistent,-1.8,93.075,-47.1,1.365,5099.1
30423,42,services,married,high.school,no,yes,no,cellular,apr,thu,1,999,0,nonexistent,-1.8,93.075,-47.1,1.365,5099.1
30500,35,services,married,high.school,no,no,no,cellular,may,mon,4,999,0,nonexistent,-1.8,92.893,-46.2,1.354,5099.1
30501,26,admin.,single,university.degree,no,yes,no,telephone,may,mon,2,999,0,nonexistent,-1.8,92.893,-46.2,1.354,5099.1
30509,34,services,married,professional.course,no,no,no,cellular,may,mon,3,999,0,nonexistent,-1.8,92.893,-46.2,1.354,5099.1
30512,60,blue-collar,married,unknown,unknown,yes,no,cellular,may,mon,5,999,0,nonexistent,-1.8,92.893,-46.2,1.354,5099.1
30516,53,management,married,high.school,no,yes,no,cellular,may,mon,2,999,1,failure,-1.8,92.893,-46.2,1.354,5099.1
30551,44,self-employed,single,professional.course,no,yes,no,cellular,may,mon,4,999,0,nonexistent,-1.8,92.893,-46.2,1.354,5099.1
30552,30,self-employed,married,university.degree,no,no,no,cellular,may,mon,4,999,0,nonexistent,-1.8,92.893,-46.2,1.354,5099.1
30571,56,admin.,married,basic.9y,no,yes,yes,cellular,may,mon,2,999,0,nonexistent,-1.8,92.893,-46.2,1.354,5099.1
30572,30,unemployed,married,high.school,no,yes,yes,telephone,may,mon,4,999,0,nonexistent,-1.8,92.893,-46.2,1.354,5099.1
30573,30,admin.,married,university.degree,no,yes,yes,cellular,may,mon,4,999,0,nonexistent,-1.8,92.893,-46.2,1.354,5099.1
30590,81,retired,married,basic.4y,no,no,no,cellular,may,mon,2,999,0,nonexistent,-1.8,92.893,-46.2,1.354,5099.1
30598,39,admin.,married,high.school,no,no,no,telephone,may,mon,4,999,0,nonexistent,-1.8,92.893,-46.2,1.354,5099.1
30602,39,admin.,married,high.school,no,no,no,cellular,may,mon,5,999,0,nonexistent,-1.8,92.893,-46.2,1.354,5099.1
30608,34,services,married,professional.course,no,yes,no,cellular,may,mon,5,999,0,nonexistent,-1.8,92.893,-46.2,1.354,5099.1
30613,43,admin.,married,high.school,no,yes,no,cellular,may,mon,4,3,1,success,-1.8,92.893,-46.2,1.354,5099.1
30618,32,services,single,high.school,no,no,no,cellular,may,mon,1,999,0,nonexistent,-1.8,92.893,-46.2,1.354,5099.1
30634,31,services,married,high.school,unknown,no,no,telephone,may,mon,3,999,0,nonexistent,-1.8,92.893,-46.2,1.354,5099.1
30640,25,management,single,university.degree,no,yes,no,cellular,may,mon,5,999,0,nonexistent,-1.8,92.893,-46.2,1.354,5099.1
30646,39,blue-collar,single,basic.4y,no,no,yes,cellular,may,tue,2,999,0,nonexistent,-1.8,92.893,-46.2,1.344,5099.1
30693,35,services,married,high.school,unknown,yes,no,cellular,may,tue,1,999,0,nonexistent,-1.8,92.893,-46.2,1.344,5099.1
30704,33,admin.,married,high.school,unknown,no,no,cellular,may,tue,1,999,1,failure,-1.8,92.893,-46.2,1.344,5099.1
30707,41,blue-collar,married,basic.9y,no,yes,no,cellular,may,tue,1,999,0,nonexistent,-1.8,92.893,-46.2,1.344,5099.1
30709,47,services,married,high.school,unknown,yes,no,cellular,may,tue,1,999,1,failure,-1.8,92.893,-46.2,1.344,5099.1
30712,36,blue-collar,married,basic.4y,unknown,no,no,cellular,may,tue,1,999,0,nonexistent,-1.8,92.893,-46.2,1.344,5099.1
30717,38,entrepreneur,married,professional.course,no,no,yes,cellular,may,tue,1,999,1,failure,-1.8,92.893,-46.2,1.344,5099.1
30728,41,blue-collar,married,basic.9y,no,no,no,cellular,may,tue,1,999,0,nonexistent,-1.8,92.893,-46.2,1.344,5099.1
30730,58,admin.,single,university.degree,no,yes,no,cellular,may,tue,1,999,0,nonexistent,-1.8,92.893,-46.2,1.344,5099.1
30745,34,blue-collar,married,high.school,no,yes,no,cellular,may,tue,1,3,2,success,-1.8,92.893,-46.2,1.344,5099.1
30752,42,blue-collar,married,basic.9y,no,no,no,cellular,may,tue,1,999,1,failure,-1.8,92.893,-46.2,1.344,5099.1
30754,40,management,married,university.degree,no,yes,no,cellular,may,tue,1,999,0,nonexistent,-1.8,92.893,-46.2,1.344,5099.1
30757,35,blue-collar,divorced,high.school,no,yes,no,cellular,may,tue,1,999,0,nonexistent,-1.8,92.893,-46.2,1.344,5099.1
30764,39,blue-collar,married,basic.6y,no,yes,no,cellular,may,tue,1,999,2,failure,-1.8,92.893,-46.2,1.344,5099.1
30790,34,technician,single,professional.course,no,yes,no,cellular,may,tue,1,999,0,nonexistent,-1.8,92.893,-46.2,1.344,5099.1
30791,45,blue-collar,married,basic.4y,unknown,no,yes,cellular,may,tue,1,999,0,nonexistent,-1.8,92.893,-46.2,1.344,5099.1
30793,44,blue-collar,married,basic.4y,unknown,no,no,cellular,may,tue,1,999,1,failure,-1.8,92.893,-46.2,1.344,5099.1
30841,35,blue-collar,married,basic.4y,no,yes,no,cellular,may,tue,1,999,0,nonexistent,-1.8,92.893,-46.2,1.344,5099.1
30862,34,admin.,married,high.school,no,no,no,cellular,may,tue,2,999,0,nonexistent,-1.8,92.893,-46.2,1.344,5099.1
30870,58,services,divorced,high.school,unknown,yes,no,cellular,may,tue,4,999,2,failure,-1.8,92.893,-46.2,1.344,5099.1
30872,49,blue-collar,married,professional.course,no,no,no,cellular,may,tue,2,999,0,nonexistent,-1.8,92.893,-46.2,1.344,5099.1
30878,52,blue-collar,married,high.school,no,no,no,cellular,may,tue,1,999,0,nonexistent,-1.8,92.893,-46.2,1.344,5099.1
30915,36,technician,married,basic.9y,no,yes,yes,cellular,may,tue,1,999,1,failure,-1.8,92.893,-46.2,1.344,5099.1
30921,37,services,married,basic.6y,no,yes,no,cellular,may,tue,1,999,0,nonexistent,-1.8,92.893,-46.2,1.344,5099.1
30926,39,services,married,high.school,no,yes,yes,cellular,may,tue,1,999,0,nonexistent,-1.8,92.893,-46.2,1.344,5099.1
30942,41,blue-collar,married,basic.4y,no,yes,no,cellular,may,tue,1,999,0,nonexistent,-1.8,92.893,-46.2,1.344,5099.1
30958,37,technician,married,university.degree,no,no,no,cellular,may,tue,2,999,0,nonexistent,-1.8,92.893,-46.2,1.344,5099.1
30992,34,blue-collar,married,basic.4y,no,no,no,cellular,may,tue,2,999,1,failure,-1.8,92.893,-46.2,1.344,5099.1
31012,45,blue-collar,married,basic.9y,no,yes,no,cellular,may,tue,2,999,0,nonexistent,-1.8,92.893,-46.2,1.344,5099.1
31022,48,blue-collar,single,basic.4y,no,no,no,cellular,may,tue,1,999,0,nonexistent,-1.8,92.893,-46.2,1.344,5099.1
31023,41,blue-collar,married,basic.9y,no,yes,yes,cellular,may,tue,1,999,0,nonexistent,-1.8,92.893,-46.2,1.344,5099.1
31033,33,blue-collar,married,basic.9y,unknown,yes,no,telephone,may,tue,2,999,1,failure,-1.8,92.893,-46.2,1.344,5099.1
31050,42,services,married,high.school,no,yes,no,cellular,may,wed,1,999,0,nonexistent,-1.8,92.893,-46.2,1.334,5099.1
31053,36,blue-collar,single,professional.course,unknown,yes,no,cellular,may,wed,1,999,0,nonexistent,-1.8,92.893,-46.2,1.334,5099.1
31054,52,management,divorced,university.degree,no,no,no,cellular,may,wed,1,999,1,failure,-1.8,92.893,-46.2,1.334,5099.1
31057,54,blue-collar,married,basic.9y,unknown,yes,no,cellular,may,wed,1,999,0,nonexistent,-1.8,92.893,-46.2,1.334,5099.1
31076,31,blue-collar,married,high.school,no,yes,no,cellular,may,wed,1,999,1,failure,-1.8,92.893,-46.2,1.334,5099.1
31081,48,blue-collar,married,basic.6y,unknown,yes,no,cellular,may,wed,2,999,1,failure,-1.8,92.893,-46.2,1.334,5099.1
31091,29,admin.,single,university.degree,no,no,no,cellular,may,wed,1,999,1,failure,-1.8,92.893,-46.2,1.334,5099.1
31096,25,student,single,basic.9y,no,no,yes,cellular,may,wed,1,999,0,nonexistent,-1.8,92.893,-46.2,1.334,5099.1
31108,45,entrepreneur,married,university.degree,no,no,no,cellular,may,wed,6,999,0,nonexistent,-1.8,92.893,-46.2,1.334,5099.1
31110,48,technician,single,professional.course,no,yes,no,cellular,may,wed,2,999,0,nonexistent,-1.8,92.893,-46.2,1.334,5099.1
31114,37,blue-collar,divorced,basic.9y,no,yes,no,cellular,may,wed,2,999,0,nonexistent,-1.8,92.893,-46.2,1.334,5099.1
31115,38,blue-collar,married,basic.4y,no,yes,no,cellular,may,wed,1,999,0,nonexistent,-1.8,92.893,-46.2,1.334,5099.1
31125,48,entrepreneur,married,basic.6y,no,no,no,cellular,may,wed,1,999,0,nonexistent,-1.8,92.893,-46.2,1.334,5099.1
31140,36,admin.,single,university.degree,unknown,yes,no,cellular,may,wed,1,999,0,nonexistent,-1.8,92.893,-46.2,1.334,5099.1
31141,31,blue-collar,single,high.school,no,yes,no,cellular,may,wed,1,999,0,nonexistent,-1.8,92.893,-46.2,1.334,5099.1
31145,36,management,married,basic.9y,no,yes,no,cellular,may,wed,2,999,1,failure,-1.8,92.893,-46.2,1.334,5099.1
31151,35,services,married,high.school,unknown,yes,no,cellular,may,wed,1,999,1,failure,-1.8,92.893,-46.2,1.334,5099.1
31155,41,blue-collar,single,basic.9y,no,no,no,cellular,may,wed,1,999,0,nonexistent,-1.8,92.893,-46.2,1.334,5099.1
31160,49,admin.,married,high.school,no,yes,no,cellular,may,wed,1,999,1,failure,-1.8,92.893,-46.2,1.334,5099.1
31162,30,blue-collar,married,basic.9y,no,no,no,cellular,may,wed,1,999,0,nonexistent,-1.8,92.893,-46.2,1.334,5099.1
31192,35,blue-collar,single,basic.9y,no,yes,no,cellular,may,wed,1,999,0,nonexistent,-1.8,92.893,-46.2,1.334,5099.1
31200,34,blue-collar,married,basic.4y,no,yes,yes,cellular,may,wed,4,999,0,nonexistent,-1.8,92.893,-46.2,1.334,5099.1
31201,36,entrepreneur,married,university.degree,no,yes,no,cellular,may,wed,1,999,1,failure,-1.8,92.893,-46.2,1.334,5099.1
31203,28,technician,single,professional.course,no,no,no,cellular,may,wed,1,999,0,nonexistent,-1.8,92.893,-46.2,1.334,5099.1
31210,39,technician,divorced,professional.course,no,no,no,cellular,may,wed,8,999,0,nonexistent,-1.8,92.893,-46.2,1.334,5099.1
31215,53,admin.,married,university.degree,unknown,yes,no,cellular,may,wed,1,999,1,failure,-1.8,92.893,-46.2,1.334,5099.1
31223,38,blue-collar,married,basic.4y,no,no,no,cellular,may,wed,1,999,1,failure,-1.8,92.893,-46.2,1.334,5099.1
31244,38,self-employed,married,basic.9y,no,yes,no,cellular,may,wed,5,999,0,nonexistent,-1.8,92.893,-46.2,1.334,5099.1
31250,27,admin.,married,high.school,no,no,yes,cellular,may,wed,1,999,0,nonexistent,-1.8,92.893,-46.2,1.334,5099.1
31258,46,admin.,married,high.school,no,no,no,cellular,may,wed,1,999,1,failure,-1.8,92.893,-46.2,1.334,5099.1
31266,33,entrepreneur,married,university.degree,unknown,yes,no,cellular,may,wed,2,999,1,failure,-1.8,92.893,-46.2,1.334,5099.1
31283,51,blue-collar,married,basic.9y,unknown,yes,no,cellular,may,wed,1,999,1,failure,-1.8,92.893,-46.2,1.334,5099.1
31313,31,blue-collar,single,basic.9y,no,no,no,cellular,may,wed,4,999,0,nonexistent,-1.8,92.893,-46.2,1.334,5099.1
31325,32,admin.,married,high.school,no,yes,yes,cellular,may,wed,2,999,0,nonexistent,-1.8,92.893,-46.2,1.334,5099.1
31332,58,blue-collar,married,basic.4y,unknown,yes,yes,cellular,may,wed,2,999,2,failure,-1.8,92.893,-46.2,1.334,5099.1
31339,47,blue-collar,married,basic.9y,unknown,no,no,cellular,may,wed,1,999,0,nonexistent,-1.8,92.893,-46.2,1.334,5099.1
31346,36,admin.,single,basic.6y,no,yes,no,cellular,may,wed,2,999,1,failure,-1.8,92.893,-46.2,1.334,5099.1
31364,33,admin.,single,university.degree,no,yes,no,cellular,may,wed,2,999,0,nonexistent,-1.8,92.893,-46.2,1.334,5099.1
31377,39,blue-collar,divorced,basic.9y,unknown,no,no,cellular,may,wed,2,999,0,nonexistent,-1.8,92.893,-46.2,1.334,5099.1
31379,29,admin.,single,university.degree,no,no,no,cellular,may,wed,2,999,2,failure,-1.8,92.893,-46.2,1.334,5099.1
31381,33,blue-collar,single,basic.9y,no,yes,no,cellular,may,wed,2,999,1,failure,-1.8,92.893,-46.2,1.334,5099.1
31383,29,services,married,high.school,unknown,unknown,unknown,cellular,may,wed,2,999,0,nonexistent,-1.8,92.893,-46.2,1.334,5099.1
31389,37,housemaid,married,basic.6y,unknown,yes,yes,cellular,may,wed,2,999,0,nonexistent,-1.8,92.893,-46.2,1.334,5099.1
31395,39,blue-collar,married,basic.9y,no,no,no,cellular,may,wed,3,999,0,nonexistent,-1.8,92.893,-46.2,1.334,5099.1
31409,58,self-employed,married,unknown,unknown,no,no,cellular,may,wed,2,999,0,nonexistent,-1.8,92.893,-46.2,1.334,5099.1
31426,30,management,single,high.school,no,no,yes,cellular,may,wed,2,999,0,nonexistent,-1.8,92.893,-46.2,1.334,5099.1
31429,36,technician,single,professional.course,unknown,yes,no,cellular,may,wed,2,999,0,nonexistent,-1.8,92.893,-46.2,1.334,5099.1
31436,32,technician,divorced,basic.9y,no,yes,yes,cellular,may,wed,3,999,1,failure,-1.8,92.893,-46.2,1.334,5099.1
31438,40,blue-collar,married,unknown,no,yes,no,cellular,may,wed,1,999,1,failure,-1.8,92.893,-46.2,1.334,5099.1
31446,52,admin.,single,unknown,unknown,no,yes,cellular,may,wed,3,999,0,nonexistent,-1.8,92.893,-46.2,1.334,5099.1
31449,36,management,single,university.degree,no,yes,yes,cellular,may,wed,2,999,1,failure,-1.8,92.893,-46.2,1.334,5099.1
31469,28,admin.,single,university.degree,no,yes,no,cellular,may,wed,2,999,0,nonexistent,-1.8,92.893,-46.2,1.334,5099.1
31488,44,admin.,married,basic.9y,unknown,no,no,cellular,may,wed,3,999,1,failure,-1.8,92.893,-46.2,1.334,5099.1
31496,29,blue-collar,married,basic.4y,no,yes,no,cellular,may,wed,2,999,0,nonexistent,-1.8,92.893,-46.2,1.334,5099.1
31521,31,blue-collar,married,basic.4y,no,yes,no,cellular,may,wed,2,999,0,nonexistent,-1.8,92.893,-46.2,1.334,5099.1
31531,44,blue-collar,married,basic.9y,no,no,no,cellular,may,thu,2,999,0,nonexistent,-1.8,92.893,-46.2,1.327,5099.1
31532,28,services,married,basic.9y,unknown,yes,no,cellular,may,thu,3,999,0,nonexistent,-1.8,92.893,-46.2,1.327,5099.1
31535,45,admin.,divorced,basic.9y,unknown,no,no,cellular,may,thu,3,999,0,nonexistent,-1.8,92.893,-46.2,1.327,5099.1
31539,27,admin.,single,high.school,no,yes,no,cellular,may,thu,1,999,0,nonexistent,-1.8,92.893,-46.2,1.327,5099.1
31541,33,technician,married,university.degree,no,yes,no,telephone,may,thu,3,999,1,failure,-1.8,92.893,-46.2,1.327,5099.1
31560,36,blue-collar,married,basic.4y,no,unknown,unknown,cellular,may,thu,1,999,0,nonexistent,-1.8,92.893,-46.2,1.327,5099.1
31594,32,admin.,married,high.school,no,yes,no,cellular,may,thu,1,999,1,failure,-1.8,92.893,-46.2,1.327,5099.1
31595,32,admin.,married,high.school,no,no,no,cellular,may,thu,1,999,1,failure,-1.8,92.893,-46.2,1.327,5099.1
31597,32,admin.,married,high.school,no,no,no,cellular,may,thu,1,999,0,nonexistent,-1.8,92.893,-46.2,1.327,5099.1
31605,36,blue-collar,married,basic.9y,no,yes,no,telephone,may,thu,2,999,0,nonexistent,-1.8,92.893,-46.2,1.327,5099.1
31617,33,blue-collar,married,basic.6y,no,yes,no,cellular,may,thu,1,999,0,nonexistent,-1.8,92.893,-46.2,1.327,5099.1
31619,41,self-employed,married,professional.course,no,yes,no,cellular,may,thu,1,999,0,nonexistent,-1.8,92.893,-46.2,1.327,5099.1
31623,31,admin.,married,university.degree,no,yes,yes,cellular,may,thu,2,999,1,failure,-1.8,92.893,-46.2,1.327,5099.1
31625,25,services,single,high.school,no,no,no,cellular,may,thu,1,999,0,nonexistent,-1.8,92.893,-46.2,1.327,5099.1
31627,30,blue-collar,married,basic.9y,no,unknown,unknown,cellular,may,thu,1,999,1,failure,-1.8,92.893,-46.2,1.327,5099.1
31633,38,technician,single,high.school,unknown,yes,yes,cellular,may,thu,1,999,0,nonexistent,-1.8,92.893,-46.2,1.327,5099.1
31662,40,blue-collar,married,basic.6y,no,yes,no,cellular,may,thu,1,999,0,nonexistent,-1.8,92.893,-46.2,1.327,5099.1
31677,35,blue-collar,married,basic.6y,no,yes,no,cellular,may,thu,1,999,0,nonexistent,-1.8,92.893,-46.2,1.327,5099.1
31688,38,blue-collar,divorced,high.school,no,yes,no,cellular,may,thu,1,999,0,nonexistent,-1.8,92.893,-46.2,1.327,5099.1
31695,41,management,married,basic.6y,unknown,no,no,cellular,may,thu,2,999,0,nonexistent,-1.8,92.893,-46.2,1.327,5099.1
31702,36,technician,single,high.school,no,yes,no,cellular,may,thu,1,999,0,nonexistent,-1.8,92.893,-46.2,1.327,5099.1
31703,43,blue-collar,married,basic.4y,unknown,yes,no,cellular,may,thu,1,999,0,nonexistent,-1.8,92.893,-46.2,1.327,5099.1
31704,38,blue-collar,married,basic.9y,no,yes,no,cellular,may,thu,1,999,0,nonexistent,-1.8,92.893,-46.2,1.327,5099.1
31715,35,technician,single,professional.course,no,yes,no,cellular,may,thu,1,999,0,nonexistent,-1.8,92.893,-46.2,1.327,5099.1
31719,39,services,single,professional.course,unknown,yes,no,cellular,may,thu,1,999,1,failure,-1.8,92.893,-46.2,1.327,5099.1
31732,37,self-employed,married,basic.4y,no,no,no,cellular,may,thu,1,999,0,nonexistent,-1.8,92.893,-46.2,1.327,5099.1
31775,29,blue-collar,married,basic.6y,no,no,no,cellular,may,thu,2,999,0,nonexistent,-1.8,92.893,-46.2,1.327,5099.1
31776,45,admin.,divorced,basic.9y,unknown,yes,no,cellular,may,thu,1,999,0,nonexistent,-1.8,92.893,-46.2,1.327,5099.1
31787,39,management,single,university.degree,unknown,no,no,cellular,may,thu,2,999,0,nonexistent,-1.8,92.893,-46.2,1.327,5099.1
31796,27,blue-collar,single,basic.9y,unknown,yes,no,cellular,may,thu,1,999,0,nonexistent,-1.8,92.893,-46.2,1.327,5099.1
31802,39,management,married,university.degree,no,yes,no,cellular,may,thu,1,999,0,nonexistent,-1.8,92.893,-46.2,1.327,5099.1
31812,50,admin.,married,basic.9y,no,unknown,unknown,cellular,may,thu,6,999,1,failure,-1.8,92.893,-46.2,1.327,5099.1
31816,38,blue-collar,married,basic.9y,unknown,no,no,cellular,may,thu,1,999,0,nonexistent,-1.8,92.893,-46.2,1.327,5099.1
31817,39,blue-collar,married,basic.6y,no,yes,no,cellular,may,thu,1,999,0,nonexistent,-1.8,92.893,-46.2,1.327,5099.1
31820,36,blue-collar,married,basic.9y,no,no,no,cellular,may,thu,2,999,0,nonexistent,-1.8,92.893,-46.2,1.327,5099.1
31822,42,services,single,high.school,no,no,no,cellular,may,thu,2,999,0,nonexistent,-1.8,92.893,-46.2,1.327,5099.1
31832,36,technician,married,professional.course,no,yes,no,cellular,may,thu,2,999,0,nonexistent,-1.8,92.893,-46.2,1.327,5099.1
31856,41,admin.,single,high.school,no,yes,no,cellular,may,thu,2,999,0,nonexistent,-1.8,92.893,-46.2,1.327,5099.1
31859,37,blue-collar,single,university.degree,unknown,yes,no,cellular,may,thu,2,999,0,nonexistent,-1.8,92.893,-46.2,1.327,5099.1
31861,39,unemployed,married,basic.4y,no,no,no,cellular,may,thu,2,999,0,nonexistent,-1.8,92.893,-46.2,1.327,5099.1
31890,33,blue-collar,married,professional.course,unknown,no,no,cellular,may,thu,2,999,0,nonexistent,-1.8,92.893,-46.2,1.327,5099.1
31904,35,management,married,university.degree,no,no,no,cellular,may,thu,3,999,1,failure,-1.8,92.893,-46.2,1.327,5099.1
31913,33,admin.,single,university.degree,no,no,yes,cellular,may,thu,2,999,1,failure,-1.8,92.893,-46.2,1.327,5099.1
31924,30,blue-collar,married,basic.4y,no,no,no,cellular,may,thu,2,999,0,nonexistent,-1.8,92.893,-46.2,1.327,5099.1
31939,37,services,married,high.school,no,no,no,cellular,may,thu,2,999,0,nonexistent,-1.8,92.893,-46.2,1.327,5099.1
31941,30,services,single,high.school,no,no,no,cellular,may,thu,2,999,0,nonexistent,-1.8,92.893,-46.2,1.327,5099.1
31942,28,services,married,basic.9y,unknown,no,no,telephone,may,thu,2,999,0,nonexistent,-1.8,92.893,-46.2,1.327,5099.1
31945,36,blue-collar,single,basic.9y,no,no,yes,cellular,may,thu,2,999,0,nonexistent,-1.8,92.893,-46.2,1.327,5099.1
31966,40,services,married,high.school,unknown,no,no,cellular,may,thu,2,999,1,failure,-1.8,92.893,-46.2,1.327,5099.1
31967,31,services,married,high.school,no,yes,no,cellular,may,thu,2,999,0,nonexistent,-1.8,92.893,-46.2,1.327,5099.1
31971,46,blue-collar,single,basic.9y,no,yes,no,cellular,may,thu,3,999,0,nonexistent,-1.8,92.893,-46.2,1.327,5099.1
31991,38,technician,married,university.degree,no,yes,no,cellular,may,thu,3,999,1,failure,-1.8,92.893,-46.2,1.327,5099.1
31993,47,management,married,university.degree,no,yes,no,cellular,may,thu,6,999,0,nonexistent,-1.8,92.893,-46.2,1.327,5099.1
32005,37,blue-collar,married,basic.6y,unknown,no,no,cellular,may,thu,2,999,0,nonexistent,-1.8,92.893,-46.2,1.327,5099.1
32018,55,unemployed,divorced,university.degree,no,no,no,cellular,may,thu,2,999,0,nonexistent,-1.8,92.893,-46.2,1.327,5099.1
32024,33,admin.,married,university.degree,no,no,no,cellular,may,thu,5,999,1,failure,-1.8,92.893,-46.2,1.327,5099.1
32044,31,blue-collar,married,basic.9y,no,no,no,cellular,may,thu,1,999,0,nonexistent,-1.8,92.893,-46.2,1.327,5099.1
32051,28,technician,married,university.degree,no,yes,no,cellular,may,thu,1,999,0,nonexistent,-1.8,92.893,-46.2,1.327,5099.1
32064,25,admin.,single,high.school,no,no,no,telephone,may,fri,8,999,0,nonexistent,-1.8,92.893,-46.2,1.313,5099.1
32069,32,admin.,married,high.school,unknown,yes,no,telephone,may,fri,9,999,0,nonexistent,-1.8,92.893,-46.2,1.313,5099.1
32092,25,admin.,single,high.school,no,yes,yes,cellular,may,fri,6,999,1,failure,-1.8,92.893,-46.2,1.313,5099.1
32098,38,blue-collar,single,basic.6y,unknown,no,no,cellular,may,fri,1,999,0,nonexistent,-1.8,92.893,-46.2,1.313,5099.1
32099,36,admin.,married,basic.9y,no,no,no,cellular,may,fri,1,999,1,failure,-1.8,92.893,-46.2,1.313,5099.1
32105,30,technician,single,professional.course,no,yes,no,cellular,may,fri,1,999,1,failure,-1.8,92.893,-46.2,1.313,5099.1
32110,28,student,single,university.degree,no,no,no,cellular,may,fri,1,999,1,failure,-1.8,92.893,-46.2,1.313,5099.1
32111,28,student,single,university.degree,no,yes,no,cellular,may,fri,1,999,0,nonexistent,-1.8,92.893,-46.2,1.313,5099.1
32122,37,blue-collar,single,basic.9y,no,yes,no,cellular,may,fri,1,999,1,failure,-1.8,92.893,-46.2,1.313,5099.1
32124,42,technician,married,professional.course,no,yes,no,cellular,may,fri,1,999,0,nonexistent,-1.8,92.893,-46.2,1.313,5099.1
32128,31,admin.,single,university.degree,unknown,yes,no,cellular,may,fri,3,999,0,nonexistent,-1.8,92.893,-46.2,1.313,5099.1
32132,34,blue-collar,married,basic.9y,no,yes,yes,cellular,may,fri,1,999,0,nonexistent,-1.8,92.893,-46.2,1.313,5099.1
32134,35,blue-collar,married,basic.9y,no,yes,no,cellular,may,fri,1,999,1,failure,-1.8,92.893,-46.2,1.313,5099.1
32137,35,blue-collar,married,basic.9y,no,no,no,cellular,may,fri,1,999,1,failure,-1.8,92.893,-46.2,1.313,5099.1
32177,39,services,married,high.school,unknown,yes,yes,cellular,may,fri,6,999,0,nonexistent,-1.8,92.893,-46.2,1.313,5099.1
32185,33,technician,married,professional.course,no,no,no,cellular,may,fri,1,999,0,nonexistent,-1.8,92.893,-46.2,1.313,5099.1
32187,35,blue-collar,married,basic.9y,unknown,yes,yes,cellular,may,fri,1,999,1,failure,-1.8,92.893,-46.2,1.313,5099.1
32189,33,blue-collar,single,basic.6y,no,unknown,unknown,cellular,may,fri,1,999,0,nonexistent,-1.8,92.893,-46.2,1.313,5099.1
32191,31,services,single,high.school,unknown,no,no,cellular,may,fri,2,999,2,failure,-1.8,92.893,-46.2,1.313,5099.1
32220,33,management,married,university.degree,no,no,no,cellular,may,fri,1,999,1,failure,-1.8,92.893,-46.2,1.313,5099.1
32226,55,blue-collar,divorced,basic.4y,no,no,no,cellular,may,fri,1,999,0,nonexistent,-1.8,92.893,-46.2,1.313,5099.1
32230,35,blue-collar,married,basic.9y,no,no,no,cellular,may,fri,1,999,0,nonexistent,-1.8,92.893,-46.2,1.313,5099.1
32232,28,services,married,high.school,no,no,yes,cellular,may,fri,1,999,1,failure,-1.8,92.893,-46.2,1.313,5099.1
32233,42,services,married,high.school,no,yes,no,cellular,may,fri,1,999,0,nonexistent,-1.8,92.893,-46.2,1.313,5099.1
32242,37,blue-collar,married,basic.9y,no,no,no,telephone,may,fri,1,999,0,nonexistent,-1.8,92.893,-46.2,1.313,5099.1
32243,41,blue-collar,divorced,basic.9y,no,yes,no,cellular,may,fri,1,999,1,failure,-1.8,92.893,-46.2,1.313,5099.1
32250,49,blue-collar,married,basic.9y,no,yes,no,cellular,may,fri,1,999,1,failure,-1.8,92.893,-46.2,1.313,5099.1
32252,33,blue-collar,single,basic.4y,no,yes,no,cellular,may,fri,3,999,0,nonexistent,-1.8,92.893,-46.2,1.313,5099.1
32264,32,admin.,married,university.degree,no,yes,no,cellular,may,fri,2,999,0,nonexistent,-1.8,92.893,-46.2,1.313,5099.1
32291,28,blue-collar,married,basic.9y,no,no,yes,cellular,may,fri,4,999,0,nonexistent,-1.8,92.893,-46.2,1.313,5099.1
32292,24,technician,single,basic.9y,no,no,no,cellular,may,fri,3,999,0,nonexistent,-1.8,92.893,-46.2,1.313,5099.1
32323,37,blue-collar,married,basic.6y,no,no,no,cellular,may,fri,1,999,1,failure,-1.8,92.893,-46.2,1.313,5099.1
32330,37,admin.,married,university.degree,no,yes,yes,cellular,may,fri,2,999,0,nonexistent,-1.8,92.893,-46.2,1.313,5099.1
32333,38,technician,married,university.degree,no,no,no,cellular,may,fri,1,999,1,failure,-1.8,92.893,-46.2,1.313,5099.1
32358,42,admin.,divorced,university.degree,no,yes,no,cellular,may,fri,1,999,0,nonexistent,-1.8,92.893,-46.2,1.313,5099.1
32376,29,blue-collar,single,basic.4y,unknown,yes,no,cellular,may,fri,1,999,0,nonexistent,-1.8,92.893,-46.2,1.313,5099.1
32400,54,admin.,divorced,professional.course,no,yes,no,telephone,may,fri,2,999,0,nonexistent,-1.8,92.893,-46.2,1.313,5099.1
32402,33,admin.,married,high.school,no,no,yes,cellular,may,fri,2,999,0,nonexistent,-1.8,92.893,-46.2,1.313,5099.1
32406,34,admin.,married,university.degree,no,yes,no,cellular,may,fri,2,999,1,failure,-1.8,92.893,-46.2,1.313,5099.1
32407,37,services,single,professional.course,no,yes,no,cellular,may,fri,2,999,0,nonexistent,-1.8,92.893,-46.2,1.313,5099.1
32409,51,admin.,married,high.school,unknown,no,no,cellular,may,fri,2,999,0,nonexistent,-1.8,92.893,-46.2,1.313,5099.1
32442,42,blue-collar,married,basic.4y,no,no,no,cellular,may,fri,2,999,0,nonexistent,-1.8,92.893,-46.2,1.313,5099.1
32443,49,blue-collar,single,unknown,unknown,yes,no,cellular,may,fri,2,999,0,nonexistent,-1.8,92.893,-46.2,1.313,5099.1
32453,27,services,single,high.school,no,yes,no,cellular,may,fri,4,999,0,nonexistent,-1.8,92.893,-46.2,1.313,5099.1
32454,46,admin.,married,high.school,no,no,no,cellular,may,fri,2,999,1,failure,-1.8,92.893,-46.2,1.313,5099.1
32455,37,admin.,married,high.school,unknown,yes,no,cellular,may,fri,1,999,0,nonexistent,-1.8,92.893,-46.2,1.313,5099.1
32459,39,services,married,high.school,unknown,yes,yes,telephone,may,fri,4,999,1,failure,-1.8,92.893,-46.2,1.313,5099.1
32468,28,services,married,high.school,no,yes,no,cellular,may,fri,4,999,0,nonexistent,-1.8,92.893,-46.2,1.313,5099.1
32483,43,blue-collar,married,basic.6y,no,yes,no,cellular,may,fri,3,999,0,nonexistent,-1.8,92.893,-46.2,1.313,5099.1
32495,35,entrepreneur,married,university.degree,no,yes,yes,cellular,may,fri,2,999,1,failure,-1.8,92.893,-46.2,1.313,5099.1
32496,33,admin.,single,university.degree,no,yes,yes,cellular,may,fri,3,999,1,failure,-1.8,92.893,-46.2,1.313,5099.1
32506,35,admin.,married,university.degree,no,yes,no,cellular,may,fri,4,999,0,nonexistent,-1.8,92.893,-46.2,1.313,5099.1
32533,34,admin.,married,basic.9y,no,yes,no,cellular,may,fri,1,999,0,nonexistent,-1.8,92.893,-46.2,1.313,5099.1
32536,36,services,married,high.school,unknown,yes,yes,cellular,may,fri,1,999,0,nonexistent,-1.8,92.893,-46.2,1.313,5099.1
32538,44,blue-collar,married,basic.9y,no,no,no,cellular,may,fri,1,999,0,nonexistent,-1.8,92.893,-46.2,1.313,5099.1
32545,38,blue-collar,married,professional.course,no,yes,no,telephone,may,fri,3,999,0,nonexistent,-1.8,92.893,-46.2,1.313,5099.1
32547,34,blue-collar,married,basic.9y,no,no,no,cellular,may,fri,1,999,0,nonexistent,-1.8,92.893,-46.2,1.313,5099.1
32551,28,unemployed,married,basic.9y,no,yes,no,cellular,may,fri,1,999,0,nonexistent,-1.8,92.893,-46.2,1.313,5099.1
32567,50,blue-collar,married,unknown,unknown,yes,yes,telephone,may,mon,8,999,0,nonexistent,-1.8,92.893,-46.2,1.299,5099.1
32599,27,blue-collar,married,basic.9y,no,yes,no,cellular,may,mon,1,999,0,nonexistent,-1.8,92.893,-46.2,1.299,5099.1
32620,26,student,single,high.school,no,yes,no,cellular,may,mon,1,999,0,nonexistent,-1.8,92.893,-46.2,1.299,5099.1
32624,37,management,single,basic.9y,no,yes,no,cellular,may,mon,1,999,0,nonexistent,-1.8,92.893,-46.2,1.299,5099.1
32625,37,management,single,basic.9y,no,no,no,cellular,may,mon,1,999,0,nonexistent,-1.8,92.893,-46.2,1.299,5099.1
32631,25,admin.,married,university.degree,no,no,no,cellular,may,mon,1,999,0,nonexistent,-1.8,92.893,-46.2,1.299,5099.1
32635,37,entrepreneur,married,basic.9y,no,no,no,cellular,may,mon,1,999,0,nonexistent,-1.8,92.893,-46.2,1.299,5099.1
32642,37,entrepreneur,married,basic.9y,no,yes,no,cellular,may,mon,1,999,2,failure,-1.8,92.893,-46.2,1.299,5099.1
32667,40,blue-collar,married,basic.4y,no,no,no,cellular,may,mon,7,999,0,nonexistent,-1.8,92.893,-46.2,1.299,5099.1
32669,34,technician,married,professional.course,no,yes,no,cellular,may,mon,1,999,1,failure,-1.8,92.893,-46.2,1.299,5099.1
32670,36,blue-collar,divorced,basic.9y,no,yes,no,cellular,may,mon,1,12,1,success,-1.8,92.893,-46.2,1.299,5099.1
32675,30,admin.,single,university.degree,no,yes,no,cellular,may,mon,1,999,0,nonexistent,-1.8,92.893,-46.2,1.299,5099.1
32693,48,blue-collar,married,basic.9y,unknown,no,no,cellular,may,mon,1,999,0,nonexistent,-1.8,92.893,-46.2,1.299,5099.1
32702,39,services,married,high.school,no,yes,no,cellular,may,mon,1,999,1,failure,-1.8,92.893,-46.2,1.299,5099.1
32721,50,blue-collar,married,basic.4y,no,no,no,cellular,may,mon,1,9,1,success,-1.8,92.893,-46.2,1.299,5099.1
32725,31,blue-collar,single,basic.9y,no,yes,no,cellular,may,mon,1,999,0,nonexistent,-1.8,92.893,-46.2,1.299,5099.1
32728,56,management,married,professional.course,no,yes,no,cellular,may,mon,2,999,1,failure,-1.8,92.893,-46.2,1.299,5099.1
32736,30,services,single,high.school,no,no,no,cellular,may,mon,1,999,1,failure,-1.8,92.893,-46.2,1.299,5099.1
32740,30,services,single,high.school,no,yes,yes,cellular,may,mon,1,999,0,nonexistent,-1.8,92.893,-46.2,1.299,5099.1
32757,40,admin.,single,high.school,unknown,yes,no,cellular,may,mon,2,999,1,failure,-1.8,92.893,-46.2,1.299,5099.1
32758,34,management,married,basic.9y,no,no,yes,cellular,may,mon,2,999,0,nonexistent,-1.8,92.893,-46.2,1.299,5099.1
32765,35,admin.,single,university.degree,no,yes,no,cellular,may,mon,5,999,0,nonexistent,-1.8,92.893,-46.2,1.299,5099.1
32775,27,unknown,single,high.school,unknown,yes,yes,cellular,may,mon,1,999,0,nonexistent,-1.8,92.893,-46.2,1.299,5099.1
32784,33,unemployed,married,basic.9y,no,yes,yes,cellular,may,mon,6,999,0,nonexistent,-1.8,92.893,-46.2,1.299,5099.1
32795,31,management,single,university.degree,no,yes,no,cellular,may,mon,1,999,0,nonexistent,-1.8,92.893,-46.2,1.299,5099.1
32798,32,technician,single,professional.course,no,yes,yes,cellular,may,mon,3,999,1,failure,-1.8,92.893,-46.2,1.299,5099.1
32819,36,admin.,married,high.school,no,no,no,cellular,may,mon,1,999,0,nonexistent,-1.8,92.893,-46.2,1.299,5099.1
32831,23,blue-collar,single,basic.9y,no,yes,no,cellular,may,mon,1,999,0,nonexistent,-1.8,92.893,-46.2,1.299,5099.1
32833,30,management,married,university.degree,no,yes,no,cellular,may,mon,1,999,1,failure,-1.8,92.893,-46.2,1.299,5099.1
32840,39,blue-collar,married,basic.9y,unknown,yes,no,cellular,may,mon,2,999,1,failure,-1.8,92.893,-46.2,1.299,5099.1
32852,28,blue-collar,married,basic.4y,no,no,no,cellular,may,mon,2,999,0,nonexistent,-1.8,92.893,-46.2,1.299,5099.1
32868,46,management,married,basic.6y,no,yes,yes,telephone,may,mon,1,999,0,nonexistent,-1.8,92.893,-46.2,1.299,5099.1
32877,38,blue-collar,divorced,basic.4y,unknown,no,no,telephone,may,mon,3,999,0,nonexistent,-1.8,92.893,-46.2,1.299,5099.1
32884,50,admin.,single,basic.9y,unknown,no,yes,telephone,may,mon,1,999,0,nonexistent,-1.8,92.893,-46.2,1.299,5099.1
32889,32,technician,married,professional.course,no,yes,no,cellular,may,mon,1,999,0,nonexistent,-1.8,92.893,-46.2,1.299,5099.1
32907,35,blue-collar,married,basic.4y,no,yes,no,cellular,may,mon,1,999,0,nonexistent,-1.8,92.893,-46.2,1.299,5099.1
32912,38,admin.,divorced,university.degree,no,no,no,cellular,may,mon,3,999,0,nonexistent,-1.8,92.893,-46.2,1.299,5099.1
32926,49,blue-collar,married,basic.9y,unknown,no,yes,cellular,may,mon,1,999,1,failure,-1.8,92.893,-46.2,1.299,5099.1
32934,57,technician,married,high.school,no,yes,no,cellular,may,mon,1,999,0,nonexistent,-1.8,92.893,-46.2,1.299,5099.1
32960,55,management,married,university.degree,no,yes,no,cellular,may,mon,2,999,0,nonexistent,-1.8,92.893,-46.2,1.299,5099.1
32967,26,student,single,high.school,no,no,no,cellular,may,mon,2,999,0,nonexistent,-1.8,92.893,-46.2,1.299,5099.1
32969,30,services,single,high.school,no,yes,no,cellular,may,mon,2,999,1,failure,-1.8,92.893,-46.2,1.299,5099.1
32973,32,blue-collar,married,basic.4y,no,no,no,cellular,may,mon,3,999,0,nonexistent,-1.8,92.893,-46.2,1.299,5099.1
32977,32,admin.,single,high.school,no,yes,no,cellular,may,mon,2,999,0,nonexistent,-1.8,92.893,-46.2,1.299,5099.1
32981,46,blue-collar,married,basic.9y,no,yes,yes,telephone,may,mon,2,999,0,nonexistent,-1.8,92.893,-46.2,1.299,5099.1
32986,42,entrepreneur,married,basic.4y,unknown,no,no,cellular,may,mon,2,999,1,failure,-1.8,92.893,-46.2,1.299,5099.1
32993,35,blue-collar,married,basic.9y,no,no,no,telephone,may,mon,2,999,1,failure,-1.8,92.893,-46.2,1.299,5099.1
32999,40,services,married,high.school,unknown,yes,no,cellular,may,mon,5,999,0,nonexistent,-1.8,92.893,-46.2,1.299,5099.1
33007,50,services,married,high.school,unknown,no,no,cellular,may,mon,2,999,1,failure,-1.8,92.893,-46.2,1.299,5099.1
33020,29,blue-collar,married,basic.9y,no,yes,no,cellular,may,mon,2,999,2,failure,-1.8,92.893,-46.2,1.299,5099.1
33031,37,blue-collar,married,basic.9y,unknown,unknown,unknown,cellular,may,mon,3,999,1,failure,-1.8,92.893,-46.2,1.299,5099.1
33037,35,blue-collar,married,basic.6y,no,yes,no,cellular,may,mon,2,999,0,nonexistent,-1.8,92.893,-46.2,1.299,5099.1
33062,35,admin.,single,university.degree,no,yes,yes,cellular,may,mon,2,999,0,nonexistent,-1.8,92.893,-46.2,1.299,5099.1
33080,26,self-employed,married,basic.4y,no,no,no,telephone,may,tue,3,999,0,nonexistent,-1.8,92.893,-46.2,1.291,5099.1
33087,43,blue-collar,single,basic.4y,no,yes,no,telephone,may,tue,2,999,1,failure,-1.8,92.893,-46.2,1.291,5099.1
33094,29,admin.,single,professional.course,no,yes,no,cellular,may,tue,2,999,0,nonexistent,-1.8,92.893,-46.2,1.291,5099.1
33101,36,services,divorced,basic.9y,no,yes,no,cellular,may,tue,2,999,0,nonexistent,-1.8,92.893,-46.2,1.291,5099.1
33109,49,admin.,married,high.school,no,no,no,cellular,may,tue,3,999,1,failure,-1.8,92.893,-46.2,1.291,5099.1
33116,31,blue-collar,married,basic.6y,no,no,no,cellular,may,tue,3,999,1,failure,-1.8,92.893,-46.2,1.291,5099.1
33132,43,blue-collar,married,unknown,no,no,yes,telephone,may,tue,6,999,0,nonexistent,-1.8,92.893,-46.2,1.291,5099.1
33133,36,blue-collar,married,high.school,no,yes,no,cellular,may,tue,8,999,1,failure,-1.8,92.893,-46.2,1.291,5099.1
33155,38,services,single,basic.9y,no,no,yes,cellular,may,tue,1,999,1,failure,-1.8,92.893,-46.2,1.291,5099.1
33166,44,admin.,divorced,high.school,no,no,no,cellular,may,tue,1,999,0,nonexistent,-1.8,92.893,-46.2,1.291,5099.1
33173,35,technician,married,basic.9y,no,no,no,cellular,may,tue,1,999,0,nonexistent,-1.8,92.893,-46.2,1.291,5099.1
33185,41,housemaid,married,basic.4y,no,yes,no,cellular,may,tue,1,999,1,failure,-1.8,92.893,-46.2,1.291,5099.1
33186,54,blue-collar,married,basic.4y,no,yes,no,telephone,may,tue,5,999,0,nonexistent,-1.8,92.893,-46.2,1.291,5099.1
33195,43,admin.,single,university.degree,no,no,no,cellular,may,tue,1,999,0,nonexistent,-1.8,92.893,-46.2,1.291,5099.1
33199,58,blue-collar,married,basic.4y,unknown,yes,no,cellular,may,tue,2,999,1,failure,-1.8,92.893,-46.2,1.291,5099.1
33201,36,entrepreneur,single,university.degree,no,no,no,cellular,may,tue,1,999,0,nonexistent,-1.8,92.893,-46.2,1.291,5099.1
33213,49,blue-collar,married,basic.9y,unknown,yes,no,cellular,may,tue,6,999,1,failure,-1.8,92.893,-46.2,1.291,5099.1
33241,32,entrepreneur,married,high.school,no,unknown,unknown,cellular,may,tue,1,999,0,nonexistent,-1.8,92.893,-46.2,1.291,5099.1
33247,40,blue-collar,single,high.school,unknown,no,no,cellular,may,tue,1,999,0,nonexistent,-1.8,92.893,-46.2,1.291,5099.1
33249,28,admin.,single,high.school,no,yes,no,cellular,may,tue,2,999,0,nonexistent,-1.8,92.893,-46.2,1.291,5099.1
33258,29,blue-collar,married,basic.6y,no,no,no,cellular,may,tue,1,999,1,failure,-1.8,92.893,-46.2,1.291,5099.1
33275,29,services,married,basic.9y,no,no,no,cellular,may,tue,1,999,0,nonexistent,-1.8,92.893,-46.2,1.291,5099.1
33287,31,services,single,high.school,no,yes,no,cellular,may,tue,1,999,0,nonexistent,-1.8,92.893,-46.2,1.291,5099.1
33326,39,technician,single,professional.course,no,yes,no,telephone,may,tue,1,999,0,nonexistent,-1.8,92.893,-46.2,1.291,5099.1
33349,46,blue-collar,married,basic.9y,unknown,no,no,cellular,may,tue,3,999,0,nonexistent,-1.8,92.893,-46.2,1.291,5099.1
33355,48,management,married,basic.9y,no,yes,no,cellular,may,tue,1,999,0,nonexistent,-1.8,92.893,-46.2,1.291,5099.1
33380,31,unemployed,married,professional.course,no,unknown,unknown,cellular,may,tue,1,999,0,nonexistent,-1.8,92.893,-46.2,1.291,5099.1
33382,28,admin.,single,basic.9y,no,no,yes,cellular,may,tue,1,999,0,nonexistent,-1.8,92.893,-46.2,1.291,5099.1
33385,34,services,married,high.school,unknown,no,no,cellular,may,tue,2,999,0,nonexistent,-1.8,92.893,-46.2,1.291,5099.1
33388,36,blue-collar,married,basic.9y,no,no,no,cellular,may,tue,2,999,0,nonexistent,-1.8,92.893,-46.2,1.291,5099.1
33389,29,blue-collar,married,high.school,no,yes,yes,cellular,may,tue,1,999,1,failure,-1.8,92.893,-46.2,1.291,5099.1
33393,55,admin.,married,high.school,unknown,yes,no,cellular,may,tue,2,999,0,nonexistent,-1.8,92.893,-46.2,1.291,5099.1
33398,33,blue-collar,single,basic.4y,no,unknown,unknown,cellular,may,tue,1,999,0,nonexistent,-1.8,92.893,-46.2,1.291,5099.1
33412,44,unemployed,married,high.school,no,yes,no,cellular,may,tue,1,999,0,nonexistent,-1.8,92.893,-46.2,1.291,5099.1
33419,33,blue-collar,married,basic.9y,no,yes,yes,cellular,may,tue,4,999,0,nonexistent,-1.8,92.893,-46.2,1.291,5099.1
33422,41,housemaid,married,basic.6y,no,yes,no,cellular,may,tue,4,999,1,failure,-1.8,92.893,-46.2,1.291,5099.1
33425,48,blue-collar,single,basic.4y,no,yes,no,cellular,may,tue,1,999,0,nonexistent,-1.8,92.893,-46.2,1.291,5099.1
33432,25,technician,married,university.degree,no,yes,no,cellular,may,tue,1,12,1,success,-1.8,92.893,-46.2,1.291,5099.1
33434,28,technician,single,basic.9y,no,yes,no,cellular,may,tue,1,999,0,nonexistent,-1.8,92.893,-46.2,1.291,5099.1
33452,41,blue-collar,married,basic.6y,unknown,no,no,cellular,may,tue,4,999,0,nonexistent,-1.8,92.893,-46.2,1.291,5099.1
33466,48,admin.,divorced,university.degree,no,no,no,cellular,may,tue,9,999,0,nonexistent,-1.8,92.893,-46.2,1.291,5099.1
33469,28,blue-collar,single,basic.9y,no,yes,yes,cellular,may,tue,3,999,0,nonexistent,-1.8,92.893,-46.2,1.291,5099.1
33470,35,admin.,single,basic.9y,no,yes,no,cellular,may,tue,3,9,1,success,-1.8,92.893,-46.2,1.291,5099.1
33478,43,blue-collar,married,basic.4y,no,no,no,cellular,may,tue,1,999,0,nonexistent,-1.8,92.893,-46.2,1.291,5099.1
33495,24,admin.,single,high.school,unknown,no,no,telephone,may,tue,6,999,1,failure,-1.8,92.893,-46.2,1.291,5099.1
33497,40,services,single,high.school,no,yes,no,cellular,may,tue,4,999,0,nonexistent,-1.8,92.893,-46.2,1.291,5099.1
33502,27,blue-collar,married,basic.4y,no,no,no,cellular,may,tue,2,999,0,nonexistent,-1.8,92.893,-46.2,1.291,5099.1
33510,35,blue-collar,single,high.school,no,yes,yes,cellular,may,tue,3,999,0,nonexistent,-1.8,92.893,-46.2,1.291,5099.1
33526,36,blue-collar,single,university.degree,no,yes,no,cellular,may,tue,2,999,1,failure,-1.8,92.893,-46.2,1.291,5099.1
33529,32,blue-collar,married,basic.4y,no,no,no,cellular,may,tue,3,999,0,nonexistent,-1.8,92.893,-46.2,1.291,5099.1
33532,31,services,single,high.school,no,yes,no,cellular,may,tue,2,999,0,nonexistent,-1.8,92.893,-46.2,1.291,5099.1
33533,57,retired,divorced,basic.9y,no,yes,no,telephone,may,tue,5,999,1,failure,-1.8,92.893,-46.2,1.291,5099.1
33535,28,management,single,university.degree,no,yes,no,cellular,may,tue,2,999,0,nonexistent,-1.8,92.893,-46.2,1.291,5099.1
33542,32,blue-collar,single,professional.course,no,no,no,cellular,may,tue,6,999,1,failure,-1.8,92.893,-46.2,1.291,5099.1
33549,38,services,divorced,basic.6y,no,yes,no,telephone,may,tue,2,10,1,success,-1.8,92.893,-46.2,1.291,5099.1
33555,49,admin.,divorced,high.school,no,yes,no,cellular,may,tue,4,999,1,failure,-1.8,92.893,-46.2,1.291,5099.1
33558,28,services,single,high.school,no,yes,no,cellular,may,tue,4,999,0,nonexistent,-1.8,92.893,-46.2,1.291,5099.1
33566,50,entrepreneur,married,university.degree,no,yes,no,cellular,may,tue,3,999,0,nonexistent,-1.8,92.893,-46.2,1.291,5099.1
33574,31,admin.,married,high.school,no,unknown,unknown,cellular,may,tue,6,999,0,nonexistent,-1.8,92.893,-46.2,1.291,5099.1
33602,42,blue-collar,married,basic.4y,no,no,no,telephone,may,tue,4,999,0,nonexistent,-1.8,92.893,-46.2,1.291,5099.1
33620,37,admin.,divorced,university.degree,unknown,yes,no,cellular,may,wed,7,999,1,failure,-1.8,92.893,-46.2,1.281,5099.1
33621,38,technician,single,professional.course,no,yes,no,cellular,may,wed,2,999,0,nonexistent,-1.8,92.893,-46.2,1.281,5099.1
33622,33,blue-collar,married,basic.4y,no,no,yes,cellular,may,wed,2,999,1,failure,-1.8,92.893,-46.2,1.281,5099.1
33623,26,blue-collar,single,basic.9y,no,yes,yes,cellular,may,wed,3,999,0,nonexistent,-1.8,92.893,-46.2,1.281,5099.1
33637,29,management,divorced,basic.9y,no,yes,yes,cellular,may,wed,2,999,0,nonexistent,-1.8,92.893,-46.2,1.281,5099.1
33640,55,blue-collar,divorced,basic.4y,unknown,yes,no,cellular,may,wed,3,999,0,nonexistent,-1.8,92.893,-46.2,1.281,5099.1
33666,31,blue-collar,married,basic.9y,unknown,yes,yes,cellular,may,wed,3,999,1,failure,-1.8,92.893,-46.2,1.281,5099.1
33673,36,blue-collar,divorced,basic.9y,no,yes,no,cellular,may,wed,1,999,0,nonexistent,-1.8,92.893,-46.2,1.281,5099.1
33694,35,self-employed,single,high.school,no,yes,no,cellular,may,wed,1,999,1,failure,-1.8,92.893,-46.2,1.281,5099.1
33701,29,blue-collar,married,high.school,no,yes,no,cellular,may,wed,2,999,0,nonexistent,-1.8,92.893,-46.2,1.281,5099.1
33703,31,admin.,single,high.school,no,yes,yes,cellular,may,wed,1,999,0,nonexistent,-1.8,92.893,-46.2,1.281,5099.1
33716,26,blue-collar,single,basic.9y,no,yes,no,cellular,may,wed,2,999,1,failure,-1.8,92.893,-46.2,1.281,5099.1
33718,32,unemployed,single,university.degree,no,yes,no,cellular,may,wed,1,999,0,nonexistent,-1.8,92.893,-46.2,1.281,5099.1
33732,34,blue-collar,single,high.school,no,yes,no,cellular,may,wed,1,10,1,success,-1.8,92.893,-46.2,1.281,5099.1
33747,31,unemployed,married,basic.9y,no,no,no,cellular,may,wed,1,999,0,nonexistent,-1.8,92.893,-46.2,1.281,5099.1
33759,23,blue-collar,married,basic.9y,no,yes,no,cellular,may,wed,1,999,1,failure,-1.8,92.893,-46.2,1.281,5099.1
33775,31,technician,single,professional.course,no,yes,yes,cellular,may,wed,2,999,0,nonexistent,-1.8,92.893,-46.2,1.281,5099.1
33782,33,services,single,basic.6y,unknown,no,no,cellular,may,wed,3,999,0,nonexistent,-1.8,92.893,-46.2,1.281,5099.1
33793,23,student,single,high.school,no,yes,no,cellular,may,wed,2,999,0,nonexistent,-1.8,92.893,-46.2,1.281,5099.1
33795,29,admin.,married,university.degree,no,no,no,cellular,may,wed,5,999,1,failure,-1.8,92.893,-46.2,1.281,5099.1
33802,33,services,single,basic.6y,unknown,no,no,cellular,may,wed,4,999,0,nonexistent,-1.8,92.893,-46.2,1.281,5099.1
33810,59,admin.,divorced,high.school,no,unknown,unknown,telephone,may,wed,3,999,0,nonexistent,-1.8,92.893,-46.2,1.281,5099.1
33831,30,blue-collar,married,basic.9y,unknown,no,no,cellular,may,wed,1,999,1,failure,-1.8,92.893,-46.2,1.281,5099.1
33862,47,services,married,professional.course,no,yes,no,cellular,may,wed,3,999,0,nonexistent,-1.8,92.893,-46.2,1.281,5099.1
33886,28,technician,single,professional.course,no,yes,no,telephone,may,wed,1,999,1,failure,-1.8,92.893,-46.2,1.281,5099.1
33888,28,technician,single,professional.course,no,yes,no,cellular,may,wed,1,999,0,nonexistent,-1.8,92.893,-46.2,1.281,5099.1
33927,29,blue-collar,married,basic.9y,no,no,no,cellular,may,wed,1,999,0,nonexistent,-1.8,92.893,-46.2,1.281,5099.1
33934,35,admin.,single,university.degree,no,no,no,telephone,may,wed,1,999,0,nonexistent,-1.8,92.893,-46.2,1.281,5099.1
33941,29,blue-collar,single,basic.9y,no,no,no,cellular,may,wed,1,999,0,nonexistent,-1.8,92.893,-46.2,1.281,5099.1
33946,34,technician,single,high.school,no,no,no,cellular,may,wed,1,999,0,nonexistent,-1.8,92.893,-46.2,1.281,5099.1
33947,22,admin.,single,high.school,no,yes,no,cellular,may,wed,2,999,0,nonexistent,-1.8,92.893,-46.2,1.281,5099.1
33952,24,student,single,high.school,unknown,yes,no,cellular,may,wed,1,999,1,failure,-1.8,92.893,-46.2,1.281,5099.1
33956,40,admin.,single,high.school,no,no,yes,cellular,may,wed,1,999,0,nonexistent,-1.8,92.893,-46.2,1.281,5099.1
33964,29,admin.,married,high.school,no,no,no,cellular,may,wed,1,999,1,failure,-1.8,92.893,-46.2,1.281,5099.1
33971,35,blue-collar,single,basic.4y,unknown,yes,no,cellular,may,wed,3,999,1,failure,-1.8,92.893,-46.2,1.281,5099.1
33981,37,blue-collar,married,basic.4y,no,no,yes,cellular,may,wed,1,999,1,failure,-1.8,92.893,-46.2,1.281,5099.1
33989,29,technician,single,high.school,no,no,no,cellular,may,wed,4,12,1,success,-1.8,92.893,-46.2,1.281,5099.1
33991,36,services,single,high.school,no,no,no,cellular,may,wed,6,999,0,nonexistent,-1.8,92.893,-46.2,1.281,5099.1
33997,34,management,married,university.degree,no,yes,no,cellular,may,wed,4,999,0,nonexistent,-1.8,92.893,-46.2,1.281,5099.1
34007,40,technician,married,basic.6y,no,yes,no,cellular,may,wed,5,999,1,failure,-1.8,92.893,-46.2,1.281,5099.1
34009,33,admin.,married,university.degree,no,yes,yes,cellular,may,wed,1,999,1,failure,-1.8,92.893,-46.2,1.281,5099.1
34018,34,admin.,married,basic.6y,no,yes,no,cellular,may,wed,2,999,0,nonexistent,-1.8,92.893,-46.2,1.281,5099.1
34031,40,blue-collar,single,basic.9y,no,yes,no,cellular,may,wed,3,999,0,nonexistent,-1.8,92.893,-46.2,1.281,5099.1
34064,35,technician,married,professional.course,no,no,no,cellular,may,wed,2,999,1,failure,-1.8,92.893,-46.2,1.281,5099.1
34075,37,blue-collar,married,basic.6y,no,no,yes,cellular,may,wed,5,999,0,nonexistent,-1.8,92.893,-46.2,1.281,5099.1
34079,47,blue-collar,single,basic.6y,unknown,no,no,cellular,may,wed,2,999,2,failure,-1.8,92.893,-46.2,1.281,5099.1
34083,36,admin.,single,university.degree,no,yes,no,cellular,may,wed,3,999,0,nonexistent,-1.8,92.893,-46.2,1.281,5099.1
34084,43,admin.,married,high.school,unknown,no,no,cellular,may,wed,2,999,0,nonexistent,-1.8,92.893,-46.2,1.281,5099.1
34101,34,blue-collar,married,high.school,no,no,no,telephone,may,wed,2,999,0,nonexistent,-1.8,92.893,-46.2,1.281,5099.1
34106,34,services,married,university.degree,no,yes,no,cellular,may,wed,2,999,1,failure,-1.8,92.893,-46.2,1.281,5099.1
34109,43,admin.,married,high.school,no,yes,no,telephone,may,wed,2,999,1,failure,-1.8,92.893,-46.2,1.281,5099.1
34121,31,blue-collar,single,basic.9y,unknown,yes,no,cellular,may,wed,3,999,0,nonexistent,-1.8,92.893,-46.2,1.281,5099.1
34128,34,technician,single,professional.course,no,no,no,cellular,may,wed,3,999,0,nonexistent,-1.8,92.893,-46.2,1.281,5099.1
34135,40,blue-collar,married,basic.9y,unknown,yes,yes,cellular,may,wed,2,999,0,nonexistent,-1.8,92.893,-46.2,1.281,5099.1
34138,35,services,single,high.school,no,yes,no,cellular,may,wed,2,999,1,failure,-1.8,92.893,-46.2,1.281,5099.1
34141,29,admin.,married,university.degree,no,no,no,cellular,may,wed,5,999,0,nonexistent,-1.8,92.893,-46.2,1.281,5099.1
34201,49,entrepreneur,married,basic.4y,unknown,yes,no,cellular,may,wed,2,999,0,nonexistent,-1.8,92.893,-46.2,1.281,5099.1
34208,32,technician,single,university.degree,no,yes,no,cellular,may,wed,4,999,0,nonexistent,-1.8,92.893,-46.2,1.281,5099.1
34232,30,blue-collar,single,basic.9y,no,no,no,cellular,may,wed,8,999,0,nonexistent,-1.8,92.893,-46.2,1.281,5099.1
34249,37,services,married,high.school,no,yes,yes,cellular,may,thu,3,999,0,nonexistent,-1.8,92.893,-46.2,1.266,5099.1
34284,31,admin.,single,high.school,no,no,no,cellular,may,thu,1,999,1,failure,-1.8,92.893,-46.2,1.266,5099.1
34289,33,blue-collar,married,basic.6y,no,no,no,cellular,may,thu,1,999,0,nonexistent,-1.8,92.893,-46.2,1.266,5099.1
34297,35,services,single,high.school,no,no,no,cellular,may,thu,1,999,0,nonexistent,-1.8,92.893,-46.2,1.266,5099.1
34307,29,blue-collar,married,basic.9y,no,no,no,cellular,may,thu,1,999,0,nonexistent,-1.8,92.893,-46.2,1.266,5099.1
34328,27,admin.,married,high.school,no,no,no,cellular,may,thu,1,999,1,failure,-1.8,92.893,-46.2,1.266,5099.1
34384,29,services,single,high.school,no,no,no,cellular,may,thu,2,999,1,failure,-1.8,92.893,-46.2,1.266,5099.1
34397,41,technician,married,professional.course,no,yes,no,cellular,may,thu,4,999,0,nonexistent,-1.8,92.893,-46.2,1.266,5099.1
34454,36,admin.,single,university.degree,no,no,no,telephone,may,thu,1,999,0,nonexistent,-1.8,92.893,-46.2,1.266,5099.1
34463,35,blue-collar,married,basic.6y,no,yes,no,cellular,may,thu,1,12,1,success,-1.8,92.893,-46.2,1.266,5099.1
34466,39,blue-collar,married,basic.9y,no,yes,no,cellular,may,thu,3,999,0,nonexistent,-1.8,92.893,-46.2,1.266,5099.1
34484,28,blue-collar,single,basic.9y,no,yes,no,cellular,may,thu,1,999,1,failure,-1.8,92.893,-46.2,1.266,5099.1
34496,33,admin.,single,high.school,no,yes,no,cellular,may,thu,1,999,0,nonexistent,-1.8,92.893,-46.2,1.266,5099.1
34499,33,admin.,single,high.school,no,no,no,cellular,may,thu,1,12,2,failure,-1.8,92.893,-46.2,1.266,5099.1
34501,21,admin.,single,high.school,no,no,yes,cellular,may,thu,1,999,0,nonexistent,-1.8,92.893,-46.2,1.266,5099.1
34508,30,technician,single,professional.course,no,yes,no,cellular,may,thu,1,999,0,nonexistent,-1.8,92.893,-46.2,1.266,5099.1
34509,41,blue-collar,married,basic.4y,no,yes,yes,cellular,may,thu,2,999,0,nonexistent,-1.8,92.893,-46.2,1.266,5099.1
34526,30,services,divorced,high.school,no,yes,no,cellular,may,thu,1,999,0,nonexistent,-1.8,92.893,-46.2,1.266,5099.1
34531,45,admin.,married,unknown,no,no,no,cellular,may,thu,2,999,0,nonexistent,-1.8,92.893,-46.2,1.266,5099.1
34544,37,services,single,high.school,no,yes,no,cellular,may,thu,6,999,0,nonexistent,-1.8,92.893,-46.2,1.266,5099.1
34565,21,services,single,high.school,no,yes,no,cellular,may,thu,1,999,1,failure,-1.8,92.893,-46.2,1.266,5099.1
34578,26,admin.,single,university.degree,no,no,no,telephone,may,thu,2,999,0,nonexistent,-1.8,92.893,-46.2,1.266,5099.1
34583,28,management,single,basic.9y,no,yes,no,telephone,may,thu,1,999,0,nonexistent,-1.8,92.893,-46.2,1.266,5099.1
34593,33,admin.,married,university.degree,no,yes,no,cellular,may,thu,1,999,0,nonexistent,-1.8,92.893,-46.2,1.266,5099.1
34596,30,blue-collar,married,basic.6y,no,no,no,cellular,may,thu,2,999,1,failure,-1.8,92.893,-46.2,1.266,5099.1
34608,28,blue-collar,married,basic.6y,no,yes,no,cellular,may,thu,4,999,0,nonexistent,-1.8,92.893,-46.2,1.266,5099.1
34615,26,admin.,single,high.school,no,yes,no,cellular,may,thu,2,999,0,nonexistent,-1.8,92.893,-46.2,1.266,5099.1
34617,54,blue-collar,married,basic.9y,no,no,no,cellular,may,thu,3,999,0,nonexistent,-1.8,92.893,-46.2,1.266,5099.1
34626,49,services,married,high.school,no,yes,yes,cellular,may,thu,2,999,0,nonexistent,-1.8,92.893,-46.2,1.266,5099.1
34635,39,entrepreneur,married,basic.9y,unknown,yes,yes,cellular,may,thu,2,999,0,nonexistent,-1.8,92.893,-46.2,1.266,5099.1
34636,27,blue-collar,married,basic.4y,no,yes,no,cellular,may,thu,2,999,0,nonexistent,-1.8,92.893,-46.2,1.266,5099.1
34644,33,management,single,university.degree,no,no,no,cellular,may,thu,1,999,0,nonexistent,-1.8,92.893,-46.2,1.266,5099.1
34665,27,admin.,married,high.school,no,no,yes,cellular,may,thu,4,999,0,nonexistent,-1.8,92.893,-46.2,1.266,5099.1
34680,28,services,single,high.school,no,no,no,cellular,may,thu,4,999,1,failure,-1.8,92.893,-46.2,1.266,5099.1
34697,35,blue-collar,married,basic.6y,unknown,no,yes,telephone,may,thu,1,999,0,nonexistent,-1.8,92.893,-46.2,1.266,5099.1
34717,28,blue-collar,single,basic.9y,no,yes,no,cellular,may,thu,2,999,0,nonexistent,-1.8,92.893,-46.2,1.266,5099.1
34719,29,admin.,single,high.school,no,yes,no,cellular,may,thu,2,999,0,nonexistent,-1.8,92.893,-46.2,1.266,5099.1
34736,31,admin.,single,high.school,no,yes,no,cellular,may,thu,2,999,0,nonexistent,-1.8,92.893,-46.2,1.266,5099.1
34759,23,technician,single,high.school,no,yes,no,cellular,may,thu,3,999,0,nonexistent,-1.8,92.893,-46.2,1.266,5099.1
34762,26,blue-collar,single,basic.9y,unknown,yes,no,cellular,may,thu,4,999,0,nonexistent,-1.8,92.893,-46.2,1.266,5099.1
34773,29,blue-collar,married,basic.9y,no,no,no,telephone,may,thu,4,999,0,nonexistent,-1.8,92.893,-46.2,1.266,5099.1
34779,25,admin.,single,high.school,no,yes,no,cellular,may,thu,6,999,1,failure,-1.8,92.893,-46.2,1.266,5099.1
34781,33,blue-collar,married,basic.9y,unknown,no,yes,telephone,may,thu,3,999,0,nonexistent,-1.8,92.893,-46.2,1.266,5099.1
34787,24,management,married,university.degree,no,no,no,telephone,may,thu,5,999,0,nonexistent,-1.8,92.893,-46.2,1.266,5099.1
34792,43,blue-collar,married,basic.4y,no,yes,no,cellular,may,thu,5,999,0,nonexistent,-1.8,92.893,-46.2,1.266,5099.1
34798,28,blue-collar,married,basic.9y,no,yes,no,cellular,may,thu,3,999,0,nonexistent,-1.8,92.893,-46.2,1.266,5099.1
34834,32,admin.,single,unknown,no,yes,no,cellular,may,fri,2,999,1,failure,-1.8,92.893,-46.2,1.25,5099.1
34841,32,technician,single,professional.course,no,no,no,cellular,may,fri,2,999,0,nonexistent,-1.8,92.893,-46.2,1.25,5099.1
34848,23,admin.,single,unknown,no,yes,no,telephone,may,fri,4,999,0,nonexistent,-1.8,92.893,-46.2,1.25,5099.1
34855,29,admin.,single,high.school,no,no,no,cellular,may,fri,4,999,0,nonexistent,-1.8,92.893,-46.2,1.25,5099.1
34871,26,technician,single,basic.9y,no,no,no,cellular,may,fri,1,999,1,failure,-1.8,92.893,-46.2,1.25,5099.1
34880,39,entrepreneur,single,university.degree,no,no,no,cellular,may,fri,1,999,0,nonexistent,-1.8,92.893,-46.2,1.25,5099.1
34884,32,technician,single,professional.course,no,yes,no,cellular,may,fri,1,999,0,nonexistent,-1.8,92.893,-46.2,1.25,5099.1
34889,35,blue-collar,married,basic.4y,unknown,yes,no,cellular,may,fri,1,999,0,nonexistent,-1.8,92.893,-46.2,1.25,5099.1
34890,39,entrepreneur,single,university.degree,no,yes,no,cellular,may,fri,1,999,0,nonexistent,-1.8,92.893,-46.2,1.25,5099.1
34898,54,management,married,university.degree,no,yes,yes,cellular,may,fri,1,999,0,nonexistent,-1.8,92.893,-46.2,1.25,5099.1
34900,54,management,married,university.degree,no,yes,no,cellular,may,fri,1,999,0,nonexistent,-1.8,92.893,-46.2,1.25,5099.1
34904,35,blue-collar,divorced,basic.9y,no,no,no,cellular,may,fri,1,999,1,failure,-1.8,92.893,-46.2,1.25,5099.1
34919,29,blue-collar,divorced,high.school,no,no,no,cellular,may,fri,1,999,0,nonexistent,-1.8,92.893,-46.2,1.25,5099.1
34936,55,services,married,high.school,no,no,no,cellular,may,fri,1,999,0,nonexistent,-1.8,92.893,-46.2,1.25,5099.1
34943,51,technician,married,professional.course,no,yes,no,cellular,may,fri,1,999,1,failure,-1.8,92.893,-46.2,1.25,5099.1
34949,34,admin.,married,university.degree,no,no,no,cellular,may,fri,1,999,0,nonexistent,-1.8,92.893,-46.2,1.25,5099.1
34960,25,technician,single,basic.9y,no,yes,no,cellular,may,fri,4,999,0,nonexistent,-1.8,92.893,-46.2,1.25,5099.1
34974,30,technician,single,professional.course,no,yes,no,cellular,may,fri,6,999,0,nonexistent,-1.8,92.893,-46.2,1.25,5099.1
34982,53,services,married,basic.6y,no,no,no,cellular,may,fri,1,999,1,failure,-1.8,92.893,-46.2,1.25,5099.1
35012,25,blue-collar,single,basic.9y,no,yes,no,cellular,may,fri,2,999,0,nonexistent,-1.8,92.893,-46.2,1.25,5099.1
35013,55,management,married,basic.6y,unknown,no,yes,cellular,may,fri,1,999,0,nonexistent,-1.8,92.893,-46.2,1.25,5099.1
35016,51,admin.,married,high.school,no,no,yes,cellular,may,fri,1,999,1,failure,-1.8,92.893,-46.2,1.25,5099.1
35017,50,services,married,high.school,no,no,no,cellular,may,fri,1,999,0,nonexistent,-1.8,92.893,-46.2,1.25,5099.1
35020,26,self-employed,single,university.degree,no,no,no,cellular,may,fri,3,999,0,nonexistent,-1.8,92.893,-46.2,1.25,5099.1
35027,33,technician,divorced,high.school,no,unknown,unknown,cellular,may,fri,1,999,0,nonexistent,-1.8,92.893,-46.2,1.25,5099.1
35029,32,admin.,divorced,high.school,no,no,no,cellular,may,fri,1,999,0,nonexistent,-1.8,92.893,-46.2,1.25,5099.1
35031,37,blue-collar,single,basic.6y,no,yes,no,cellular,may,fri,2,999,0,nonexistent,-1.8,92.893,-46.2,1.25,5099.1
35035,32,technician,single,university.degree,no,no,no,cellular,may,fri,1,999,0,nonexistent,-1.8,92.893,-46.2,1.25,5099.1
35050,23,blue-collar,single,basic.4y,no,yes,no,cellular,may,fri,2,999,0,nonexistent,-1.8,92.893,-46.2,1.25,5099.1
35062,58,management,married,university.degree,no,yes,yes,cellular,may,fri,1,999,0,nonexistent,-1.8,92.893,-46.2,1.25,5099.1
35074,32,blue-collar,single,basic.6y,unknown,no,no,cellular,may,fri,6,999,0,nonexistent,-1.8,92.893,-46.2,1.25,5099.1
35086,47,services,married,high.school,no,yes,no,cellular,may,fri,1,999,0,nonexistent,-1.8,92.893,-46.2,1.25,5099.1
35119,44,entrepreneur,single,university.degree,no,yes,no,cellular,may,fri,2,999,0,nonexistent,-1.8,92.893,-46.2,1.25,5099.1
35123,33,blue-collar,married,basic.9y,unknown,yes,no,cellular,may,fri,4,999,0,nonexistent,-1.8,92.893,-46.2,1.25,5099.1
35125,37,services,married,high.school,no,yes,no,cellular,may,fri,2,999,1,failure,-1.8,92.893,-46.2,1.25,5099.1
35151,40,management,divorced,university.degree,no,no,no,cellular,may,fri,2,999,0,nonexistent,-1.8,92.893,-46.2,1.25,5099.1
35153,25,blue-collar,single,basic.9y,no,no,no,cellular,may,fri,2,999,0,nonexistent,-1.8,92.893,-46.2,1.25,5099.1
35177,27,blue-collar,married,basic.9y,no,yes,yes,cellular,may,fri,3,999,0,nonexistent,-1.8,92.893,-46.2,1.25,5099.1
35182,29,unemployed,married,university.degree,no,yes,no,cellular,may,fri,1,999,0,nonexistent,-1.8,92.893,-46.2,1.25,5099.1
35185,30,blue-collar,single,high.school,no,yes,yes,cellular,may,fri,2,999,1,failure,-1.8,92.893,-46.2,1.25,5099.1
35191,32,blue-collar,married,professional.course,no,yes,no,cellular,may,fri,1,999,1,failure,-1.8,92.893,-46.2,1.25,5099.1
35193,54,entrepreneur,married,high.school,no,yes,no,cellular,may,fri,1,999,1,failure,-1.8,92.893,-46.2,1.25,5099.1
35197,52,admin.,married,university.degree,no,yes,no,cellular,may,fri,1,999,0,nonexistent,-1.8,92.893,-46.2,1.25,5099.1
35213,39,blue-collar,married,basic.6y,unknown,no,no,cellular,may,fri,2,999,0,nonexistent,-1.8,92.893,-46.2,1.25,5099.1
35215,24,services,married,high.school,unknown,yes,no,cellular,may,fri,3,999,0,nonexistent,-1.8,92.893,-46.2,1.25,5099.1
35217,37,admin.,divorced,high.school,no,yes,yes,cellular,may,fri,2,999,0,nonexistent,-1.8,92.893,-46.2,1.25,5099.1
35243,29,admin.,single,basic.6y,no,yes,no,cellular,may,fri,3,999,1,failure,-1.8,92.893,-46.2,1.25,5099.1
35244,31,services,single,high.school,no,yes,no,telephone,may,fri,9,999,0,nonexistent,-1.8,92.893,-46.2,1.25,5099.1
35248,30,blue-collar,married,professional.course,no,no,no,cellular,may,fri,4,999,1,failure,-1.8,92.893,-46.2,1.25,5099.1
35254,30,services,single,high.school,no,no,no,cellular,may,fri,3,999,1,failure,-1.8,92.893,-46.2,1.25,5099.1
35261,31,admin.,single,basic.9y,no,no,no,cellular,may,fri,4,999,0,nonexistent,-1.8,92.893,-46.2,1.25,5099.1
35267,26,blue-collar,married,basic.9y,unknown,yes,no,cellular,may,fri,8,999,0,nonexistent,-1.8,92.893,-46.2,1.25,5099.1
35284,29,admin.,single,high.school,no,unknown,unknown,cellular,may,fri,8,999,1,failure,-1.8,92.893,-46.2,1.25,5099.1
35292,23,admin.,single,high.school,no,no,no,cellular,may,fri,8,999,0,nonexistent,-1.8,92.893,-46.2,1.25,5099.1
35327,50,blue-collar,married,basic.6y,no,yes,no,cellular,may,fri,6,999,0,nonexistent,-1.8,92.893,-46.2,1.25,5099.1
35354,29,admin.,single,high.school,no,no,no,cellular,may,fri,2,999,1,failure,-1.8,92.893,-46.2,1.25,5099.1
35373,54,management,married,university.degree,no,no,no,cellular,may,fri,2,999,0,nonexistent,-1.8,92.893,-46.2,1.25,5099.1
35378,29,admin.,married,high.school,no,yes,no,cellular,may,fri,4,999,0,nonexistent,-1.8,92.893,-46.2,1.25,5099.1
35398,26,services,married,high.school,no,yes,no,cellular,may,fri,3,999,0,nonexistent,-1.8,92.893,-46.2,1.25,5099.1
35410,50,admin.,single,high.school,no,no,yes,cellular,may,fri,8,999,0,nonexistent,-1.8,92.893,-46.2,1.25,5099.1
35411,26,admin.,single,high.school,no,yes,no,cellular,may,fri,3,999,0,nonexistent,-1.8,92.893,-46.2,1.25,5099.1
35421,50,housemaid,married,basic.9y,no,yes,no,cellular,may,mon,2,999,1,failure,-1.8,92.893,-46.2,1.244,5099.1
35456,40,admin.,single,high.school,no,no,no,cellular,may,mon,5,999,1,failure,-1.8,92.893,-46.2,1.244,5099.1
35457,57,admin.,single,high.school,no,yes,no,telephone,may,mon,5,12,1,success,-1.8,92.893,-46.2,1.244,5099.1
35465,54,retired,divorced,professional.course,no,yes,no,cellular,may,mon,8,999,0,nonexistent,-1.8,92.893,-46.2,1.244,5099.1
35471,38,technician,single,professional.course,no,yes,yes,cellular,may,mon,9,999,0,nonexistent,-1.8,92.893,-46.2,1.244,5099.1
35480,53,technician,divorced,unknown,no,yes,no,cellular,may,mon,6,999,0,nonexistent,-1.8,92.893,-46.2,1.244,5099.1
35487,31,admin.,married,university.degree,no,yes,yes,cellular,may,mon,1,999,0,nonexistent,-1.8,92.893,-46.2,1.244,5099.1
35520,44,entrepreneur,divorced,university.degree,no,yes,no,telephone,may,mon,1,999,0,nonexistent,-1.8,92.893,-46.2,1.244,5099.1
35526,38,technician,single,university.degree,no,yes,no,cellular,may,mon,13,999,0,nonexistent,-1.8,92.893,-46.2,1.244,5099.1
35537,48,blue-collar,married,basic.4y,no,no,no,cellular,may,mon,3,999,0,nonexistent,-1.8,92.893,-46.2,1.244,5099.1
35542,46,blue-collar,married,high.school,no,no,no,cellular,may,mon,5,999,0,nonexistent,-1.8,92.893,-46.2,1.244,5099.1
35575,36,blue-collar,married,basic.9y,no,yes,no,cellular,may,mon,1,999,1,failure,-1.8,92.893,-46.2,1.244,5099.1
35582,58,self-employed,married,university.degree,no,yes,no,cellular,may,mon,1,999,0,nonexistent,-1.8,92.893,-46.2,1.244,5099.1
35583,31,blue-collar,married,high.school,no,no,no,cellular,may,mon,1,999,0,nonexistent,-1.8,92.893,-46.2,1.244,5099.1
35590,47,services,married,high.school,no,no,no,cellular,may,mon,1,999,0,nonexistent,-1.8,92.893,-46.2,1.244,5099.1
35592,47,services,married,high.school,no,yes,yes,cellular,may,mon,1,999,1,failure,-1.8,92.893,-46.2,1.244,5099.1
35603,45,admin.,divorced,university.degree,no,no,yes,cellular,may,mon,1,999,0,nonexistent,-1.8,92.893,-46.2,1.244,5099.1
35613,37,management,married,university.degree,no,no,no,cellular,may,mon,1,999,0,nonexistent,-1.8,92.893,-46.2,1.244,5099.1
35619,32,admin.,divorced,university.degree,no,yes,yes,cellular,may,mon,5,999,0,nonexistent,-1.8,92.893,-46.2,1.244,5099.1
35623,44,admin.,married,basic.6y,no,yes,no,cellular,may,mon,1,999,0,nonexistent,-1.8,92.893,-46.2,1.244,5099.1
35643,21,blue-collar,single,basic.9y,no,no,no,cellular,may,mon,2,999,0,nonexistent,-1.8,92.893,-46.2,1.244,5099.1
35646,40,admin.,single,high.school,no,yes,no,cellular,may,mon,1,999,0,nonexistent,-1.8,92.893,-46.2,1.244,5099.1
35652,30,admin.,single,high.school,no,yes,no,cellular,may,mon,1,999,0,nonexistent,-1.8,92.893,-46.2,1.244,5099.1
35666,24,student,single,high.school,no,yes,no,cellular,may,mon,1,999,0,nonexistent,-1.8,92.893,-46.2,1.244,5099.1
35681,56,technician,single,professional.course,no,yes,no,cellular,may,mon,3,999,1,failure,-1.8,92.893,-46.2,1.244,5099.1
35685,46,admin.,single,university.degree,no,yes,no,cellular,may,mon,5,999,1,failure,-1.8,92.893,-46.2,1.244,5099.1
35697,50,admin.,married,high.school,no,yes,yes,cellular,may,mon,2,999,0,nonexistent,-1.8,92.893,-46.2,1.244,5099.1
35710,35,blue-collar,single,high.school,no,yes,no,cellular,may,mon,5,999,0,nonexistent,-1.8,92.893,-46.2,1.244,5099.1
35719,34,admin.,married,university.degree,no,yes,no,cellular,may,mon,2,999,0,nonexistent,-1.8,92.893,-46.2,1.244,5099.1
35727,36,student,single,unknown,unknown,yes,no,cellular,may,mon,2,999,0,nonexistent,-1.8,92.893,-46.2,1.244,5099.1
35730,29,admin.,married,high.school,no,yes,no,cellular,may,mon,2,999,0,nonexistent,-1.8,92.893,-46.2,1.244,5099.1
35735,34,blue-collar,married,basic.9y,no,yes,no,cellular,may,mon,2,11,1,success,-1.8,92.893,-46.2,1.244,5099.1
35757,49,retired,married,high.school,no,yes,no,cellular,may,mon,2,999,0,nonexistent,-1.8,92.893,-46.2,1.244,5099.1
35793,47,entrepreneur,married,professional.course,no,unknown,unknown,cellular,may,mon,2,999,0,nonexistent,-1.8,92.893,-46.2,1.244,5099.1
35799,35,admin.,single,university.degree,no,yes,no,cellular,may,mon,2,999,0,nonexistent,-1.8,92.893,-46.2,1.244,5099.1
35842,34,admin.,married,university.degree,no,no,no,cellular,may,fri,1,999,0,nonexistent,-1.8,92.893,-46.2,1.259,5099.1
35847,40,management,married,high.school,no,yes,yes,cellular,may,fri,1,999,0,nonexistent,-1.8,92.893,-46.2,1.259,5099.1
35848,40,management,married,high.school,no,yes,no,cellular,may,fri,7,999,0,nonexistent,-1.8,92.893,-46.2,1.259,5099.1
35851,23,student,single,basic.9y,no,no,yes,cellular,may,fri,1,999,0,nonexistent,-1.8,92.893,-46.2,1.259,5099.1
35852,27,admin.,single,university.degree,no,no,no,cellular,may,fri,1,3,1,success,-1.8,92.893,-46.2,1.259,5099.1
35856,19,student,single,basic.9y,no,yes,no,cellular,may,fri,1,999,0,nonexistent,-1.8,92.893,-46.2,1.259,5099.1
35876,62,technician,married,professional.course,no,yes,no,cellular,may,fri,2,999,1,failure,-1.8,92.893,-46.2,1.259,5099.1
35887,27,admin.,married,high.school,no,yes,no,cellular,may,fri,2,999,0,nonexistent,-1.8,92.893,-46.2,1.259,5099.1
35891,49,admin.,married,university.degree,no,yes,no,cellular,may,fri,2,999,0,nonexistent,-1.8,92.893,-46.2,1.259,5099.1
35897,37,housemaid,single,university.degree,no,no,no,cellular,may,fri,2,999,0,nonexistent,-1.8,92.893,-46.2,1.259,5099.1
35905,34,admin.,married,university.degree,no,yes,no,cellular,may,mon,1,999,1,failure,-1.8,92.893,-46.2,1.264,5099.1
35927,52,entrepreneur,married,basic.6y,no,yes,no,cellular,may,mon,1,999,0,nonexistent,-1.8,92.893,-46.2,1.264,5099.1
35935,46,admin.,single,university.degree,no,no,yes,cellular,may,mon,1,999,0,nonexistent,-1.8,92.893,-46.2,1.264,5099.1
35940,54,admin.,single,university.degree,no,no,no,cellular,may,mon,1,999,0,nonexistent,-1.8,92.893,-46.2,1.264,5099.1
35956,36,admin.,married,university.degree,no,yes,no,cellular,may,mon,1,999,0,nonexistent,-1.8,92.893,-46.2,1.264,5099.1
35958,36,self-employed,married,university.degree,no,yes,no,cellular,may,mon,1,999,0,nonexistent,-1.8,92.893,-46.2,1.264,5099.1
35965,35,admin.,married,high.school,no,yes,no,cellular,may,mon,1,999,0,nonexistent,-1.8,92.893,-46.2,1.264,5099.1
35974,78,retired,married,high.school,no,yes,no,cellular,may,mon,2,3,2,failure,-1.8,92.893,-46.2,1.264,5099.1
35975,55,self-employed,married,university.degree,no,yes,no,cellular,may,mon,2,999,0,nonexistent,-1.8,92.893,-46.2,1.264,5099.1
35989,44,blue-collar,married,professional.course,no,yes,yes,cellular,may,tue,2,999,1,failure,-1.8,92.893,-46.2,1.266,5099.1
36000,60,retired,married,university.degree,no,yes,no,cellular,may,tue,1,3,1,success,-1.8,92.893,-46.2,1.266,5099.1
36007,31,admin.,married,university.degree,no,yes,no,cellular,may,tue,1,999,0,nonexistent,-1.8,92.893,-46.2,1.266,5099.1
36010,39,admin.,married,high.school,no,no,no,cellular,may,tue,1,999,0,nonexistent,-1.8,92.893,-46.2,1.266,5099.1
36018,55,retired,married,high.school,no,no,no,cellular,may,tue,1,999,0,nonexistent,-1.8,92.893,-46.2,1.266,5099.1
36019,51,retired,married,high.school,no,yes,no,cellular,may,tue,1,999,1,failure,-1.8,92.893,-46.2,1.266,5099.1
36051,37,entrepreneur,single,basic.9y,no,yes,no,cellular,may,tue,1,2,1,success,-1.8,92.893,-46.2,1.266,5099.1
36055,42,admin.,married,university.degree,no,no,no,cellular,may,tue,1,999,0,nonexistent,-1.8,92.893,-46.2,1.266,5099.1
36057,31,technician,single,university.degree,no,yes,yes,cellular,may,tue,1,3,1,success,-1.8,92.893,-46.2,1.266,5099.1
36060,29,admin.,single,university.degree,no,yes,no,cellular,may,tue,1,999,0,nonexistent,-1.8,92.893,-46.2,1.266,5099.1
36068,27,services,married,university.degree,no,yes,no,cellular,may,tue,1,999,0,nonexistent,-1.8,92.893,-46.2,1.266,5099.1
36081,48,blue-collar,married,high.school,no,no,no,cellular,may,tue,2,3,1,success,-1.8,92.893,-46.2,1.266,5099.1
36084,29,management,single,university.degree,no,yes,no,cellular,may,tue,1,999,0,nonexistent,-1.8,92.893,-46.2,1.266,5099.1
36098,25,admin.,single,university.degree,no,yes,yes,cellular,may,tue,1,999,0,nonexistent,-1.8,92.893,-46.2,1.266,5099.1
36110,41,blue-collar,married,basic.9y,no,yes,no,cellular,may,tue,1,999,0,nonexistent,-1.8,92.893,-46.2,1.266,5099.1
36124,54,unemployed,married,basic.9y,no,no,no,cellular,may,wed,1,3,1,success,-1.8,92.893,-46.2,1.27,5099.1
36140,37,blue-collar,married,basic.9y,no,yes,no,cellular,may,wed,2,1,1,success,-1.8,92.893,-46.2,1.27,5099.1
36141,56,technician,married,basic.4y,no,no,no,cellular,may,wed,3,3,1,success,-1.8,92.893,-46.2,1.27,5099.1
36150,20,student,single,high.school,no,yes,no,cellular,may,wed,1,999,0,nonexistent,-1.8,92.893,-46.2,1.27,5099.1
36154,25,admin.,single,university.degree,no,no,no,cellular,may,wed,1,999,0,nonexistent,-1.8,92.893,-46.2,1.27,5099.1
36161,26,self-employed,married,university.degree,no,no,no,cellular,may,wed,2,999,0,nonexistent,-1.8,92.893,-46.2,1.27,5099.1
36185,53,self-employed,married,university.degree,no,no,yes,cellular,may,wed,3,6,1,success,-1.8,92.893,-46.2,1.27,5099.1
36199,35,admin.,married,high.school,no,yes,no,cellular,may,thu,2,3,1,success,-1.8,92.893,-46.2,1.27,5099.1
36212,28,technician,single,university.degree,no,no,no,cellular,may,thu,2,999,0,nonexistent,-1.8,92.893,-46.2,1.27,5099.1
36213,23,student,single,high.school,no,no,no,cellular,may,thu,2,999,0,nonexistent,-1.8,92.893,-46.2,1.27,5099.1
36241,29,admin.,married,high.school,no,yes,no,cellular,jun,mon,1,999,0,nonexistent,-2.9,92.963,-40.8,1.266,5076.2
36258,31,services,married,basic.9y,no,yes,no,cellular,jun,mon,1,999,0,nonexistent,-2.9,92.963,-40.8,1.266,5076.2
36259,31,services,married,basic.9y,no,yes,no,cellular,jun,mon,1,999,0,nonexistent,-2.9,92.963,-40.8,1.266,5076.2
36273,33,services,single,high.school,no,no,no,cellular,jun,mon,1,999,1,failure,-2.9,92.963,-40.8,1.266,5076.2
36276,49,management,married,university.degree,no,yes,no,telephone,jun,mon,1,999,0,nonexistent,-2.9,92.963,-40.8,1.266,5076.2
36278,49,management,married,university.degree,no,yes,no,cellular,jun,mon,1,999,1,failure,-2.9,92.963,-40.8,1.266,5076.2
36287,38,blue-collar,divorced,university.degree,no,yes,yes,cellular,jun,mon,2,999,0,nonexistent,-2.9,92.963,-40.8,1.266,5076.2
36290,27,admin.,married,university.degree,no,yes,no,cellular,jun,mon,2,999,0,nonexistent,-2.9,92.963,-40.8,1.266,5076.2
36301,45,unemployed,married,basic.9y,no,no,no,cellular,jun,mon,2,999,0,nonexistent,-2.9,92.963,-40.8,1.266,5076.2
36304,47,management,married,university.degree,no,yes,no,cellular,jun,mon,1,999,0,nonexistent,-2.9,92.963,-40.8,1.266,5076.2
36305,58,retired,divorced,professional.course,no,yes,no,cellular,jun,mon,1,999,0,nonexistent,-2.9,92.963,-40.8,1.266,5076.2
36306,28,student,single,high.school,no,yes,no,cellular,jun,mon,2,999,0,nonexistent,-2.9,92.963,-40.8,1.266,5076.2
36308,37,services,single,high.school,no,yes,no,cellular,jun,mon,3,999,0,nonexistent,-2.9,92.963,-40.8,1.266,5076.2
36313,31,admin.,single,university.degree,no,yes,no,cellular,jun,mon,1,999,0,nonexistent,-2.9,92.963,-40.8,1.266,5076.2
36333,58,retired,divorced,high.school,no,no,yes,cellular,jun,tue,1,999,0,nonexistent,-2.9,92.963,-40.8,1.262,5076.2
36356,49,admin.,divorced,university.degree,no,yes,no,cellular,jun,tue,1,999,0,nonexistent,-2.9,92.963,-40.8,1.262,5076.2
36357,49,admin.,divorced,university.degree,no,yes,no,cellular,jun,tue,1,4,1,success,-2.9,92.963,-40.8,1.262,5076.2
36362,27,student,married,university.degree,no,no,no,cellular,jun,tue,1,999,1,failure,-2.9,92.963,-40.8,1.262,5076.2
36366,33,admin.,single,high.school,no,yes,no,cellular,jun,tue,1,999,0,nonexistent,-2.9,92.963,-40.8,1.262,5076.2
36380,47,management,married,basic.9y,no,no,no,cellular,jun,tue,1,999,0,nonexistent,-2.9,92.963,-40.8,1.262,5076.2
36410,35,admin.,married,high.school,no,yes,yes,cellular,jun,tue,1,999,1,failure,-2.9,92.963,-40.8,1.262,5076.2
36434,34,services,single,high.school,no,no,no,telephone,jun,tue,2,999,0,nonexistent,-2.9,92.963,-40.8,1.262,5076.2
36437,37,admin.,married,university.degree,no,yes,no,cellular,jun,tue,1,999,1,failure,-2.9,92.963,-40.8,1.262,5076.2
36447,43,admin.,married,university.degree,no,yes,yes,cellular,jun,tue,2,999,0,nonexistent,-2.9,92.963,-40.8,1.262,5076.2
36451,40,admin.,married,university.degree,no,no,no,cellular,jun,tue,1,999,1,failure,-2.9,92.963,-40.8,1.262,5076.2
36476,24,blue-collar,single,basic.9y,no,unknown,unknown,cellular,jun,wed,1,999,0,nonexistent,-2.9,92.963,-40.8,1.26,5076.2
36490,36,admin.,married,university.degree,no,no,no,cellular,jun,wed,1,999,0,nonexistent,-2.9,92.963,-40.8,1.26,5076.2
36497,29,admin.,married,high.school,no,yes,no,cellular,jun,wed,1,999,1,failure,-2.9,92.963,-40.8,1.26,5076.2
36505,59,blue-collar,married,basic.4y,unknown,no,no,cellular,jun,wed,1,999,1,failure,-2.9,92.963,-40.8,1.26,5076.2
36508,33,blue-collar,married,professional.course,no,yes,no,cellular,jun,wed,1,999,0,nonexistent,-2.9,92.963,-40.8,1.26,5076.2
36519,32,admin.,married,high.school,no,yes,no,cellular,jun,wed,1,10,1,success,-2.9,92.963,-40.8,1.26,5076.2
36524,38,admin.,divorced,high.school,no,no,no,cellular,jun,wed,1,999,1,failure,-2.9,92.963,-40.8,1.26,5076.2
36527,38,technician,married,university.degree,no,no,no,cellular,jun,wed,1,999,0,nonexistent,-2.9,92.963,-40.8,1.26,5076.2
36549,23,student,single,high.school,no,no,no,cellular,jun,wed,2,999,0,nonexistent,-2.9,92.963,-40.8,1.26,5076.2
36572,54,admin.,single,high.school,no,no,no,cellular,jun,wed,1,999,0,nonexistent,-2.9,92.963,-40.8,1.26,5076.2
36579,56,management,married,university.degree,no,yes,no,telephone,jun,wed,5,999,0,nonexistent,-2.9,92.963,-40.8,1.26,5076.2
36611,36,technician,married,basic.9y,no,yes,no,cellular,jun,thu,1,999,0,nonexistent,-2.9,92.963,-40.8,1.26,5076.2
36620,32,admin.,single,university.degree,no,yes,no,cellular,jun,thu,2,999,0,nonexistent,-2.9,92.963,-40.8,1.26,5076.2
36628,38,technician,single,professional.course,no,yes,no,cellular,jun,thu,1,999,0,nonexistent,-2.9,92.963,-40.8,1.26,5076.2
36629,38,technician,single,professional.course,no,no,no,cellular,jun,thu,1,999,0,nonexistent,-2.9,92.963,-40.8,1.26,5076.2
36633,42,services,divorced,high.school,no,yes,no,telephone,jun,thu,1,999,0,nonexistent,-2.9,92.963,-40.8,1.26,5076.2
36635,25,services,divorced,high.school,no,yes,yes,cellular,jun,thu,2,999,0,nonexistent,-2.9,92.963,-40.8,1.26,5076.2
36640,28,management,single,university.degree,no,yes,no,cellular,jun,thu,1,999,1,failure,-2.9,92.963,-40.8,1.26,5076.2
36643,32,management,married,high.school,no,yes,yes,cellular,jun,thu,2,999,0,nonexistent,-2.9,92.963,-40.8,1.26,5076.2
36653,52,blue-collar,single,basic.9y,no,no,no,cellular,jun,fri,2,3,1,success,-2.9,92.963,-40.8,1.268,5076.2
36670,50,entrepreneur,married,basic.9y,no,no,no,telephone,jun,fri,1,999,0,nonexistent,-2.9,92.963,-40.8,1.268,5076.2
36674,25,student,married,university.degree,no,no,no,cellular,jun,fri,1,999,0,nonexistent,-2.9,92.963,-40.8,1.268,5076.2
36675,49,unemployed,married,professional.course,no,no,no,cellular,jun,fri,1,999,0,nonexistent,-2.9,92.963,-40.8,1.268,5076.2
36694,48,admin.,married,university.degree,no,yes,no,telephone,jun,fri,3,999,0,nonexistent,-2.9,92.963,-40.8,1.268,5076.2
36710,30,technician,single,university.degree,no,yes,no,cellular,jun,fri,2,999,0,nonexistent,-2.9,92.963,-40.8,1.268,5076.2
36714,29,student,single,professional.course,no,no,no,cellular,jun,fri,2,999,0,nonexistent,-2.9,92.963,-40.8,1.268,5076.2
36722,36,technician,single,professional.course,no,no,no,cellular,jun,fri,2,999,0,nonexistent,-2.9,92.963,-40.8,1.268,5076.2
36729,33,admin.,single,university.degree,no,no,no,telephone,jun,fri,1,999,0,nonexistent,-2.9,92.963,-40.8,1.268,5076.2
36733,29,admin.,single,university.degree,no,yes,no,cellular,jun,mon,4,999,0,nonexistent,-2.9,92.963,-40.8,1.281,5076.2
36736,32,management,single,university.degree,no,no,no,cellular,jun,mon,2,3,1,success,-2.9,92.963,-40.8,1.281,5076.2
36744,43,blue-collar,married,basic.6y,no,yes,no,cellular,jun,mon,6,999,0,nonexistent,-2.9,92.963,-40.8,1.281,5076.2
36753,30,self-employed,single,university.degree,no,yes,yes,cellular,jun,tue,4,999,0,nonexistent,-2.9,92.963,-40.8,1.286,5076.2
36756,57,management,married,university.degree,no,yes,no,cellular,jun,tue,3,999,0,nonexistent,-2.9,92.963,-40.8,1.286,5076.2
36763,25,unemployed,married,university.degree,no,no,no,cellular,jun,tue,2,999,0,nonexistent,-2.9,92.963,-40.8,1.286,5076.2
36765,27,student,single,unknown,no,yes,no,cellular,jun,tue,4,999,0,nonexistent,-2.9,92.963,-40.8,1.286,5076.2
36789,33,unemployed,married,university.degree,no,yes,no,cellular,jun,mon,3,999,0,nonexistent,-2.9,92.963,-40.8,1.26,5076.2
36813,29,admin.,single,high.school,no,no,yes,cellular,jun,mon,1,999,0,nonexistent,-2.9,92.963,-40.8,1.26,5076.2
36845,22,student,single,unknown,no,no,no,cellular,jun,mon,1,999,0,nonexistent,-2.9,92.963,-40.8,1.26,5076.2
36850,35,management,married,university.degree,no,no,no,cellular,jun,tue,2,999,0,nonexistent,-2.9,92.963,-40.8,1.252,5076.2
36857,40,unemployed,single,basic.4y,no,no,no,cellular,jun,tue,1,999,0,nonexistent,-2.9,92.963,-40.8,1.252,5076.2
36866,43,admin.,married,university.degree,no,yes,no,telephone,jun,tue,1,999,0,nonexistent,-2.9,92.963,-40.8,1.252,5076.2
36877,26,self-employed,single,university.degree,no,yes,no,cellular,jun,wed,2,999,0,nonexistent,-2.9,92.963,-40.8,1.244,5076.2
36900,40,management,married,university.degree,no,yes,no,cellular,jun,mon,3,999,0,nonexistent,-2.9,92.963,-40.8,1.215,5076.2
36909,53,admin.,married,university.degree,no,no,yes,cellular,jun,mon,1,999,0,nonexistent,-2.9,92.963,-40.8,1.215,5076.2
36910,50,admin.,married,university.degree,no,no,no,cellular,jun,mon,1,3,1,success,-2.9,92.963,-40.8,1.215,5076.2
36919,51,admin.,married,university.degree,no,no,no,telephone,jun,mon,3,999,0,nonexistent,-2.9,92.963,-40.8,1.215,5076.2
36923,30,student,single,unknown,no,no,no,cellular,jun,tue,3,999,0,nonexistent,-2.9,92.963,-40.8,1.206,5076.2
36924,36,services,married,university.degree,no,no,yes,cellular,jun,tue,2,3,1,success,-2.9,92.963,-40.8,1.206,5076.2
36948,51,housemaid,married,basic.4y,no,yes,yes,cellular,jul,thu,1,999,1,failure,-2.9,92.469,-33.6,1.072,5076.2
36953,50,admin.,married,university.degree,no,no,no,cellular,jul,thu,1,999,0,nonexistent,-2.9,92.469,-33.6,1.072,5076.2
36964,54,management,married,unknown,no,yes,no,cellular,jul,thu,1,999,1,failure,-2.9,92.469,-33.6,1.072,5076.2
36966,63,retired,divorced,university.degree,no,no,yes,cellular,jul,thu,1,999,1,failure,-2.9,92.469,-33.6,1.072,5076.2
36972,32,self-employed,single,university.degree,no,yes,no,cellular,jul,thu,1,14,1,success,-2.9,92.469,-33.6,1.072,5076.2
36979,51,technician,married,professional.course,no,yes,no,cellular,jul,thu,2,999,1,failure,-2.9,92.469,-33.6,1.072,5076.2
36989,48,admin.,divorced,university.degree,no,yes,no,cellular,jul,fri,2,999,0,nonexistent,-2.9,92.469,-33.6,1.059,5076.2
36993,57,retired,divorced,basic.9y,no,no,no,cellular,jul,fri,3,999,0,nonexistent,-2.9,92.469,-33.6,1.059,5076.2
37058,28,unemployed,single,university.degree,no,unknown,unknown,telephone,jul,wed,1,999,0,nonexistent,-2.9,92.469,-33.6,1.029,5076.2
37070,59,admin.,married,high.school,no,yes,no,cellular,jul,wed,2,999,0,nonexistent,-2.9,92.469,-33.6,1.029,5076.2
37102,44,admin.,divorced,high.school,no,no,yes,cellular,jul,tue,4,999,0,nonexistent,-2.9,92.469,-33.6,0.908,5076.2
37106,26,admin.,single,university.degree,no,no,yes,cellular,jul,tue,4,999,0,nonexistent,-2.9,92.469,-33.6,0.908,5076.2
37110,38,management,married,university.degree,no,no,no,cellular,jul,tue,5,999,0,nonexistent,-2.9,92.469,-33.6,0.908,5076.2
37131,26,technician,single,university.degree,no,yes,no,cellular,aug,tue,2,999,1,failure,-2.9,92.201,-31.4,0.884,5076.2
37138,72,retired,divorced,university.degree,no,no,no,cellular,aug,tue,1,999,0,nonexistent,-2.9,92.201,-31.4,0.884,5076.2
37141,17,student,single,unknown,no,yes,no,cellular,aug,wed,3,4,2,success,-2.9,92.201,-31.4,0.884,5076.2
37143,59,admin.,married,high.school,no,yes,no,cellular,aug,wed,2,2,1,success,-2.9,92.201,-31.4,0.884,5076.2
37198,35,admin.,single,university.degree,no,yes,no,cellular,aug,thu,1,999,0,nonexistent,-2.9,92.201,-31.4,0.883,5076.2
37213,51,technician,married,professional.course,no,yes,no,telephone,aug,fri,2,999,0,nonexistent,-2.9,92.201,-31.4,0.881,5076.2
37221,25,admin.,single,university.degree,no,yes,no,cellular,aug,fri,1,999,0,nonexistent,-2.9,92.201,-31.4,0.881,5076.2
37233,33,admin.,single,high.school,no,yes,no,cellular,aug,fri,3,999,0,nonexistent,-2.9,92.201,-31.4,0.881,5076.2
37260,29,admin.,single,high.school,no,no,no,cellular,aug,fri,1,999,0,nonexistent,-2.9,92.201,-31.4,0.881,5076.2
37268,44,entrepreneur,married,basic.4y,no,unknown,unknown,cellular,aug,mon,2,999,0,nonexistent,-2.9,92.201,-31.4,0.884,5076.2
37269,46,blue-collar,married,professional.course,no,no,no,telephone,aug,mon,3,999,0,nonexistent,-2.9,92.201,-31.4,0.884,5076.2
37277,27,student,single,high.school,no,no,no,cellular,aug,mon,1,3,2,success,-2.9,92.201,-31.4,0.884,5076.2
37280,36,admin.,divorced,university.degree,no,no,no,cellular,aug,mon,1,5,1,success,-2.9,92.201,-31.4,0.884,5076.2
37284,66,admin.,married,university.degree,no,no,no,cellular,aug,mon,2,4,1,success,-2.9,92.201,-31.4,0.884,5076.2
37288,33,admin.,married,high.school,no,yes,no,cellular,aug,mon,1,6,1,success,-2.9,92.201,-31.4,0.884,5076.2
37318,34,admin.,single,university.degree,no,yes,yes,cellular,aug,tue,1,999,1,failure,-2.9,92.201,-31.4,0.883,5076.2
37332,33,admin.,single,high.school,no,yes,no,cellular,aug,tue,3,999,0,nonexistent,-2.9,92.201,-31.4,0.883,5076.2
37333,26,student,single,professional.course,no,yes,no,cellular,aug,tue,2,999,1,failure,-2.9,92.201,-31.4,0.883,5076.2
37338,61,entrepreneur,married,university.degree,unknown,yes,no,cellular,aug,tue,1,999,0,nonexistent,-2.9,92.201,-31.4,0.883,5076.2
37340,52,management,married,high.school,no,no,no,cellular,aug,tue,1,999,0,nonexistent,-2.9,92.201,-31.4,0.883,5076.2
37341,42,admin.,single,university.degree,no,no,no,cellular,aug,tue,1,999,0,nonexistent,-2.9,92.201,-31.4,0.883,5076.2
37342,85,retired,married,professional.course,no,no,no,cellular,aug,tue,1,999,0,nonexistent,-2.9,92.201,-31.4,0.883,5076.2
37349,33,student,single,unknown,no,yes,yes,cellular,aug,tue,1,999,0,nonexistent,-2.9,92.201,-31.4,0.883,5076.2
37352,60,admin.,married,professional.course,no,no,no,cellular,aug,tue,1,999,0,nonexistent,-2.9,92.201,-31.4,0.883,5076.2
37357,26,admin.,single,university.degree,no,no,no,cellular,aug,tue,1,15,1,success,-2.9,92.201,-31.4,0.883,5076.2
37360,59,admin.,divorced,professional.course,no,yes,no,telephone,aug,tue,1,999,1,failure,-2.9,92.201,-31.4,0.883,5076.2
37379,57,management,married,university.degree,no,no,no,cellular,aug,tue,1,999,0,nonexistent,-2.9,92.201,-31.4,0.883,5076.2
37394,26,student,single,basic.9y,no,yes,no,cellular,aug,wed,1,4,1,success,-2.9,92.201,-31.4,0.879,5076.2
37409,40,management,married,university.degree,no,unknown,unknown,cellular,aug,wed,2,999,1,failure,-2.9,92.201,-31.4,0.879,5076.2
37412,27,admin.,single,university.degree,no,yes,no,cellular,aug,wed,4,999,1,failure,-2.9,92.201,-31.4,0.879,5076.2
37427,36,admin.,divorced,university.degree,no,yes,no,cellular,aug,wed,2,999,0,nonexistent,-2.9,92.201,-31.4,0.879,5076.2
37437,41,services,married,high.school,no,unknown,unknown,cellular,aug,wed,1,999,0,nonexistent,-2.9,92.201,-31.4,0.879,5076.2
37441,44,admin.,married,university.degree,no,no,no,cellular,aug,wed,2,4,1,success,-2.9,92.201,-31.4,0.879,5076.2
37453,28,technician,single,professional.course,no,no,yes,cellular,aug,wed,1,3,1,success,-2.9,92.201,-31.4,0.879,5076.2
37459,27,admin.,single,high.school,no,no,yes,cellular,aug,thu,2,999,1,failure,-2.9,92.201,-31.4,0.873,5076.2
37497,34,management,married,university.degree,no,no,no,cellular,aug,thu,1,999,0,nonexistent,-2.9,92.201,-31.4,0.873,5076.2
37525,39,blue-collar,married,basic.6y,no,no,no,cellular,aug,thu,2,3,1,success,-2.9,92.201,-31.4,0.873,5076.2
37546,70,retired,married,professional.course,no,no,no,cellular,aug,fri,3,999,1,failure,-2.9,92.201,-31.4,0.869,5076.2
37563,48,admin.,single,university.degree,no,yes,no,cellular,aug,fri,2,999,1,failure,-2.9,92.201,-31.4,0.869,5076.2
37566,58,blue-collar,divorced,basic.4y,no,no,no,cellular,aug,fri,1,999,0,nonexistent,-2.9,92.201,-31.4,0.869,5076.2
37573,46,technician,married,professional.course,no,yes,no,cellular,aug,fri,6,999,1,failure,-2.9,92.201,-31.4,0.869,5076.2
37583,29,blue-collar,single,basic.6y,no,no,no,cellular,aug,fri,3,999,0,nonexistent,-2.9,92.201,-31.4,0.869,5076.2
37591,20,student,single,high.school,no,no,no,telephone,aug,fri,2,4,2,success,-2.9,92.201,-31.4,0.869,5076.2
37593,22,student,single,basic.9y,no,no,no,telephone,aug,mon,1,999,0,nonexistent,-2.9,92.201,-31.4,0.861,5076.2
37623,28,admin.,single,university.degree,no,yes,no,cellular,aug,mon,2,999,1,failure,-2.9,92.201,-31.4,0.861,5076.2
37631,28,admin.,single,university.degree,no,no,no,cellular,aug,mon,1,999,0,nonexistent,-2.9,92.201,-31.4,0.861,5076.2
37648,33,admin.,married,high.school,no,no,no,cellular,aug,tue,1,999,1,failure,-2.9,92.201,-31.4,0.859,5076.2
37649,33,admin.,married,high.school,no,no,yes,cellular,aug,tue,1,6,2,success,-2.9,92.201,-31.4,0.859,5076.2
37654,56,management,married,university.degree,no,no,no,telephone,aug,tue,1,999,0,nonexistent,-2.9,92.201,-31.4,0.859,5076.2
37660,35,technician,married,university.degree,no,unknown,unknown,cellular,aug,tue,1,999,0,nonexistent,-2.9,92.201,-31.4,0.859,5076.2
37662,71,retired,married,basic.4y,unknown,unknown,unknown,cellular,aug,tue,1,999,0,nonexistent,-2.9,92.201,-31.4,0.859,5076.2
37663,50,admin.,married,university.degree,no,no,no,cellular,aug,tue,2,999,1,failure,-2.9,92.201,-31.4,0.859,5076.2
37676,74,retired,divorced,basic.4y,no,yes,no,cellular,aug,wed,1,13,1,success,-2.9,92.201,-31.4,0.854,5076.2
37689,55,unknown,married,university.degree,no,yes,no,cellular,aug,wed,1,999,0,nonexistent,-2.9,92.201,-31.4,0.854,5076.2
37702,66,retired,married,basic.4y,no,yes,yes,telephone,aug,wed,3,999,3,failure,-2.9,92.201,-31.4,0.854,5076.2
37741,58,retired,married,university.degree,no,yes,no,cellular,aug,fri,1,999,0,nonexistent,-2.9,92.201,-31.4,0.849,5076.2
37744,87,retired,divorced,basic.4y,no,no,no,cellular,aug,fri,1,999,0,nonexistent,-2.9,92.201,-31.4,0.849,5076.2
37757,79,housemaid,married,basic.4y,no,no,no,cellular,aug,fri,1,3,2,success,-2.9,92.201,-31.4,0.849,5076.2
37760,64,retired,married,unknown,no,yes,no,cellular,aug,fri,3,999,1,failure,-2.9,92.201,-31.4,0.849,5076.2
37772,38,unemployed,single,high.school,no,yes,no,cellular,aug,mon,2,999,0,nonexistent,-2.9,92.201,-31.4,0.843,5076.2
37780,64,retired,married,basic.9y,no,yes,no,cellular,aug,mon,2,3,1,success,-2.9,92.201,-31.4,0.843,5076.2
37787,43,services,married,high.school,no,no,yes,cellular,aug,tue,2,3,2,success,-2.9,92.201,-31.4,0.838,5076.2
37792,51,admin.,divorced,high.school,no,yes,no,cellular,aug,tue,1,999,1,failure,-2.9,92.201,-31.4,0.838,5076.2
37837,31,admin.,single,university.degree,no,yes,no,cellular,aug,fri,2,999,0,nonexistent,-2.9,92.201,-31.4,0.825,5076.2
37858,34,technician,married,university.degree,no,yes,no,cellular,aug,fri,3,999,0,nonexistent,-2.9,92.201,-31.4,0.825,5076.2
37867,26,self-employed,single,university.degree,no,yes,no,cellular,aug,mon,2,999,1,failure,-2.9,92.201,-31.4,0.821,5076.2
37875,40,technician,married,high.school,no,yes,no,cellular,aug,mon,1,999,0,nonexistent,-2.9,92.201,-31.4,0.821,5076.2
37881,38,admin.,married,high.school,no,yes,no,cellular,aug,mon,1,6,2,failure,-2.9,92.201,-31.4,0.821,5076.2
37889,32,admin.,single,university.degree,no,yes,yes,cellular,sep,tue,2,999,0,nonexistent,-3.4,92.379,-29.8,0.819,5017.5
37890,52,admin.,married,unknown,no,no,no,telephone,sep,tue,5,999,0,nonexistent,-3.4,92.379,-29.8,0.819,5017.5
37892,32,admin.,single,university.degree,no,yes,no,cellular,sep,tue,2,999,0,nonexistent,-3.4,92.379,-29.8,0.819,5017.5
37895,35,entrepreneur,married,high.school,no,no,no,cellular,sep,tue,2,999,0,nonexistent,-3.4,92.379,-29.8,0.819,5017.5
37896,48,technician,married,basic.9y,no,no,no,cellular,sep,tue,3,999,1,failure,-3.4,92.379,-29.8,0.819,5017.5
37914,40,unemployed,married,university.degree,no,yes,yes,cellular,sep,wed,4,999,0,nonexistent,-3.4,92.379,-29.8,0.813,5017.5
37926,60,retired,married,professional.course,no,yes,no,cellular,sep,thu,1,3,1,success,-3.4,92.379,-29.8,0.809,5017.5
37933,26,student,single,unknown,no,no,no,cellular,sep,thu,1,999,1,failure,-3.4,92.379,-29.8,0.809,5017.5
37960,63,management,married,unknown,no,yes,no,cellular,sep,fri,2,999,2,failure,-3.4,92.379,-29.8,0.803,5017.5
37973,45,housemaid,single,basic.4y,no,yes,no,cellular,sep,mon,1,999,0,nonexistent,-3.4,92.379,-29.8,0.797,5017.5
37987,25,self-employed,single,university.degree,no,yes,no,cellular,sep,mon,1,999,0,nonexistent,-3.4,92.379,-29.8,0.797,5017.5
38016,69,retired,married,basic.9y,no,yes,no,cellular,sep,wed,1,5,1,success,-3.4,92.379,-29.8,0.781,5017.5
38020,78,unknown,married,unknown,no,yes,no,cellular,sep,wed,1,999,0,nonexistent,-3.4,92.379,-29.8,0.781,5017.5
38037,42,management,married,basic.6y,no,yes,no,cellular,sep,thu,3,999,0,nonexistent,-3.4,92.379,-29.8,0.778,5017.5
38042,31,technician,married,professional.course,no,yes,no,cellular,sep,fri,4,999,0,nonexistent,-3.4,92.379,-29.8,0.773,5017.5
38065,30,self-employed,married,university.degree,no,yes,no,telephone,sep,mon,2,999,0,nonexistent,-3.4,92.379,-29.8,0.771,5017.5
38066,83,retired,married,unknown,no,yes,no,cellular,sep,mon,2,999,0,nonexistent,-3.4,92.379,-29.8,0.771,5017.5
38081,27,admin.,single,university.degree,no,yes,no,cellular,sep,tue,2,999,0,nonexistent,-3.4,92.379,-29.8,0.77,5017.5
38087,69,unknown,married,university.degree,no,yes,yes,cellular,sep,tue,2,3,1,success,-3.4,92.379,-29.8,0.77,5017.5
38091,31,self-employed,married,university.degree,no,no,no,cellular,sep,wed,1,999,0,nonexistent,-3.4,92.379,-29.8,0.768,5017.5
38095,32,technician,married,university.degree,no,no,no,telephone,sep,wed,3,999,0,nonexistent,-3.4,92.379,-29.8,0.768,5017.5
38101,50,blue-collar,married,basic.6y,no,yes,no,cellular,sep,wed,3,999,1,failure,-3.4,92.379,-29.8,0.768,5017.5
38130,70,retired,divorced,university.degree,no,no,no,cellular,sep,fri,2,999,0,nonexistent,-3.4,92.379,-29.8,0.741,5017.5
38139,30,admin.,married,university.degree,no,no,no,cellular,sep,mon,2,6,1,success,-3.4,92.379,-29.8,0.739,5017.5
38142,43,services,married,basic.6y,no,no,no,cellular,sep,tue,1,999,1,failure,-3.4,92.379,-29.8,0.75,5017.5
38144,30,unemployed,single,high.school,no,yes,no,cellular,sep,tue,1,999,1,failure,-3.4,92.379,-29.8,0.75,5017.5
38147,56,management,divorced,university.degree,no,no,no,cellular,sep,tue,1,999,1,failure,-3.4,92.379,-29.8,0.75,5017.5
38154,37,unknown,single,university.degree,no,no,no,cellular,sep,wed,1,1,1,success,-3.4,92.379,-29.8,0.753,5017.5
38193,82,retired,married,university.degree,no,yes,no,cellular,oct,tue,1,999,0,nonexistent,-3.4,92.431,-26.9,0.744,5017.5
38203,63,retired,married,high.school,no,yes,no,cellular,oct,wed,1,999,0,nonexistent,-3.4,92.431,-26.9,0.74,5017.5
38204,30,unemployed,single,high.school,no,yes,yes,cellular,oct,wed,1,999,0,nonexistent,-3.4,92.431,-26.9,0.74,5017.5
38207,86,retired,divorced,basic.4y,no,unknown,unknown,cellular,oct,wed,1,999,0,nonexistent,-3.4,92.431,-26.9,0.74,5017.5
38208,48,management,married,university.degree,no,yes,yes,cellular,oct,wed,2,999,0,nonexistent,-3.4,92.431,-26.9,0.74,5017.5
38216,35,technician,married,university.degree,no,yes,no,telephone,oct,wed,2,999,0,nonexistent,-3.4,92.431,-26.9,0.74,5017.5
38217,38,admin.,married,university.degree,no,no,no,cellular,oct,wed,2,999,1,failure,-3.4,92.431,-26.9,0.74,5017.5
38228,42,management,divorced,unknown,no,yes,no,telephone,oct,thu,1,999,0,nonexistent,-3.4,92.431,-26.9,0.741,5017.5
38236,29,unemployed,divorced,high.school,no,no,no,cellular,oct,mon,2,999,0,nonexistent,-3.4,92.431,-26.9,0.743,5017.5
38255,71,retired,single,university.degree,no,yes,no,cellular,oct,tue,1,999,0,nonexistent,-3.4,92.431,-26.9,0.742,5017.5
38281,44,blue-collar,single,professional.course,no,no,no,cellular,oct,tue,2,999,0,nonexistent,-3.4,92.431,-26.9,0.742,5017.5
38286,36,admin.,single,university.degree,no,no,no,cellular,oct,wed,1,999,1,failure,-3.4,92.431,-26.9,0.742,5017.5
38287,71,retired,married,basic.9y,no,no,no,cellular,oct,wed,1,999,0,nonexistent,-3.4,92.431,-26.9,0.742,5017.5
38290,37,technician,married,university.degree,no,yes,no,cellular,oct,wed,1,999,1,failure,-3.4,92.431,-26.9,0.742,5017.5
38294,38,admin.,married,high.school,no,yes,no,cellular,oct,wed,1,999,0,nonexistent,-3.4,92.431,-26.9,0.742,5017.5
38302,37,blue-collar,married,basic.6y,no,yes,no,cellular,oct,thu,4,999,0,nonexistent,-3.4,92.431,-26.9,0.74,5017.5
38307,30,self-employed,single,high.school,no,no,no,telephone,oct,thu,1,999,0,nonexistent,-3.4,92.431,-26.9,0.74,5017.5
38346,49,admin.,single,high.school,no,yes,no,telephone,oct,fri,1,999,1,failure,-3.4,92.431,-26.9,0.739,5017.5
38348,50,technician,married,professional.course,no,unknown,unknown,cellular,oct,fri,1,8,2,failure,-3.4,92.431,-26.9,0.739,5017.5
38359,70,retired,married,basic.4y,no,yes,no,cellular,oct,mon,1,999,0,nonexistent,-3.4,92.431,-26.9,0.739,5017.5
38362,21,student,single,high.school,no,no,yes,cellular,oct,mon,1,999,0,nonexistent,-3.4,92.431,-26.9,0.739,5017.5
38372,32,services,married,high.school,no,no,no,cellular,oct,mon,1,999,0,nonexistent,-3.4,92.431,-26.9,0.739,5017.5
38383,54,housemaid,married,professional.course,no,no,no,telephone,oct,mon,2,999,0,nonexistent,-3.4,92.431,-26.9,0.739,5017.5
38387,21,student,single,high.school,no,no,no,cellular,oct,mon,1,999,0,nonexistent,-3.4,92.431,-26.9,0.739,5017.5
38389,59,housemaid,married,basic.4y,no,no,no,telephone,oct,tue,1,999,0,nonexistent,-3.4,92.431,-26.9,0.737,5017.5
38402,53,entrepreneur,married,basic.4y,no,yes,no,telephone,oct,tue,2,999,0,nonexistent,-3.4,92.431,-26.9,0.737,5017.5
38407,38,admin.,married,university.degree,no,yes,no,cellular,oct,wed,1,999,1,failure,-3.4,92.431,-26.9,0.735,5017.5
38416,88,retired,divorced,basic.4y,no,no,no,cellular,oct,wed,2,6,1,success,-3.4,92.431,-26.9,0.735,5017.5
38418,36,admin.,married,university.degree,no,no,no,cellular,oct,wed,1,999,0,nonexistent,-3.4,92.431,-26.9,0.735,5017.5
38419,54,admin.,divorced,university.degree,no,yes,no,cellular,oct,wed,2,6,2,success,-3.4,92.431,-26.9,0.735,5017.5
38422,29,blue-collar,single,basic.9y,no,no,yes,cellular,oct,wed,2,999,0,nonexistent,-3.4,92.431,-26.9,0.735,5017.5
38436,35,unemployed,married,university.degree,no,yes,no,cellular,oct,thu,2,999,0,nonexistent,-3.4,92.431,-26.9,0.733,5017.5
38438,30,admin.,single,university.degree,no,yes,no,telephone,oct,thu,4,999,0,nonexistent,-3.4,92.431,-26.9,0.733,5017.5
38442,30,admin.,single,university.degree,no,no,yes,cellular,oct,thu,1,999,1,failure,-3.4,92.431,-26.9,0.733,5017.5
38443,35,unemployed,married,university.degree,no,no,no,cellular,oct,thu,1,6,1,success,-3.4,92.431,-26.9,0.733,5017.5
38448,23,technician,single,university.degree,no,yes,no,cellular,oct,fri,1,999,0,nonexistent,-3.4,92.431,-26.9,0.73,5017.5
38455,35,blue-collar,single,high.school,no,no,no,cellular,oct,fri,1,6,1,success,-3.4,92.431,-26.9,0.73,5017.5
38456,98,retired,married,basic.4y,unknown,yes,no,cellular,oct,fri,2,999,0,nonexistent,-3.4,92.431,-26.9,0.73,5017.5
38472,73,retired,divorced,basic.4y,no,yes,no,cellular,oct,mon,2,999,3,failure,-3.4,92.431,-26.9,0.731,5017.5
38474,50,management,married,basic.9y,no,no,no,cellular,oct,mon,2,6,2,failure,-3.4,92.431,-26.9,0.731,5017.5
38477,33,admin.,single,high.school,no,no,no,cellular,oct,mon,1,999,0,nonexistent,-3.4,92.431,-26.9,0.731,5017.5
38495,33,services,single,high.school,no,no,no,cellular,oct,tue,1,999,0,nonexistent,-3.4,92.431,-26.9,0.728,5017.5
38499,22,student,single,basic.6y,no,yes,no,cellular,oct,tue,1,999,0,nonexistent,-3.4,92.431,-26.9,0.728,5017.5
38507,65,housemaid,married,basic.4y,no,yes,no,cellular,oct,tue,2,999,1,failure,-3.4,92.431,-26.9,0.728,5017.5
38520,60,management,married,professional.course,no,yes,no,cellular,oct,wed,2,999,0,nonexistent,-3.4,92.431,-26.9,0.724,5017.5
38525,35,admin.,married,university.degree,no,yes,no,cellular,oct,wed,1,999,0,nonexistent,-3.4,92.431,-26.9,0.724,5017.5
38567,48,technician,married,high.school,no,no,yes,cellular,oct,thu,3,999,0,nonexistent,-3.4,92.431,-26.9,0.722,5017.5
38596,25,student,single,high.school,no,no,no,cellular,oct,fri,1,999,1,failure,-3.4,92.431,-26.9,0.72,5017.5
38601,78,retired,divorced,basic.6y,no,no,no,telephone,oct,fri,2,999,0,nonexistent,-3.4,92.431,-26.9,0.72,5017.5
38604,34,admin.,single,high.school,no,yes,no,cellular,nov,mon,2,999,1,failure,-3.4,92.649,-30.1,0.722,5017.5
38611,34,technician,married,professional.course,no,yes,no,cellular,nov,mon,2,999,1,failure,-3.4,92.649,-30.1,0.722,5017.5
38616,37,self-employed,married,professional.course,no,yes,yes,cellular,nov,mon,1,5,1,success,-3.4,92.649,-30.1,0.722,5017.5
38619,37,admin.,married,high.school,no,yes,no,telephone,nov,mon,1,999,0,nonexistent,-3.4,92.649,-30.1,0.722,5017.5
38622,47,technician,divorced,high.school,no,yes,no,cellular,nov,mon,1,999,1,failure,-3.4,92.649,-30.1,0.722,5017.5
38624,32,admin.,single,university.degree,no,unknown,unknown,telephone,nov,mon,3,7,1,success,-3.4,92.649,-30.1,0.722,5017.5
38637,52,admin.,divorced,university.degree,no,yes,no,cellular,nov,tue,1,999,3,failure,-3.4,92.649,-30.1,0.72,5017.5
38639,67,self-employed,married,university.degree,no,yes,no,cellular,nov,tue,4,999,1,failure,-3.4,92.649,-30.1,0.72,5017.5
38653,28,self-employed,married,professional.course,no,yes,no,cellular,nov,tue,1,999,0,nonexistent,-3.4,92.649,-30.1,0.72,5017.5
38655,30,admin.,single,university.degree,no,yes,no,cellular,nov,tue,1,999,0,nonexistent,-3.4,92.649,-30.1,0.72,5017.5
38662,58,management,married,basic.4y,no,yes,no,cellular,nov,wed,5,999,0,nonexistent,-3.4,92.649,-30.1,0.719,5017.5
38666,28,admin.,married,high.school,no,yes,no,cellular,nov,wed,1,999,0,nonexistent,-3.4,92.649,-30.1,0.719,5017.5
38689,69,retired,married,high.school,no,no,no,cellular,nov,mon,1,999,0,nonexistent,-3.4,92.649,-30.1,0.715,5017.5
38690,26,admin.,single,high.school,no,yes,no,cellular,nov,mon,1,3,1,success,-3.4,92.649,-30.1,0.715,5017.5
38716,33,admin.,married,university.degree,no,yes,no,cellular,nov,tue,2,3,3,success,-3.4,92.649,-30.1,0.715,5017.5
38731,52,admin.,divorced,university.degree,no,unknown,unknown,cellular,nov,tue,5,999,1,failure,-3.4,92.649,-30.1,0.715,5017.5
38748,20,student,single,high.school,no,no,no,cellular,nov,wed,1,999,3,failure,-3.4,92.649,-30.1,0.715,5017.5
38756,23,student,single,university.degree,no,yes,no,cellular,nov,wed,1,3,2,success,-3.4,92.649,-30.1,0.715,5017.5
38757,33,admin.,married,university.degree,no,yes,no,telephone,nov,wed,1,3,1,success,-3.4,92.649,-30.1,0.715,5017.5
38786,56,blue-collar,divorced,basic.4y,no,no,no,cellular,nov,thu,1,999,0,nonexistent,-3.4,92.649,-30.1,0.714,5017.5
38807,29,admin.,single,university.degree,no,no,no,cellular,nov,fri,1,3,2,success,-3.4,92.649,-30.1,0.714,5017.5
38817,31,admin.,single,high.school,no,no,no,cellular,nov,fri,4,999,3,failure,-3.4,92.649,-30.1,0.714,5017.5
38827,31,admin.,single,high.school,no,no,no,telephone,nov,fri,3,999,1,failure,-3.4,92.649,-30.1,0.714,5017.5
38839,40,technician,single,university.degree,no,no,no,cellular,nov,mon,1,7,2,failure,-3.4,92.649,-30.1,0.714,5017.5
38862,30,admin.,married,high.school,no,unknown,unknown,cellular,nov,mon,1,999,1,failure,-3.4,92.649,-30.1,0.714,5017.5
38870,30,blue-collar,single,high.school,no,no,no,cellular,nov,mon,1,999,2,failure,-3.4,92.649,-30.1,0.714,5017.5
38873,25,admin.,married,university.degree,no,yes,no,telephone,nov,mon,8,999,0,nonexistent,-3.4,92.649,-30.1,0.714,5017.5
38882,40,technician,single,university.degree,no,no,no,cellular,nov,mon,2,3,1,success,-3.4,92.649,-30.1,0.714,5017.5
38896,43,admin.,married,university.degree,no,yes,no,telephone,nov,tue,1,999,0,nonexistent,-3.4,92.649,-30.1,0.715,5017.5
38905,35,management,married,university.degree,no,no,no,cellular,nov,tue,3,7,3,failure,-3.4,92.649,-30.1,0.716,5017.5
38907,30,admin.,single,university.degree,no,yes,no,cellular,nov,tue,2,999,0,nonexistent,-3.4,92.649,-30.1,0.716,5017.5
38924,31,technician,single,university.degree,no,no,no,cellular,nov,wed,1,999,0,nonexistent,-3.4,92.649,-30.1,0.716,5017.5
38927,55,management,married,university.degree,no,yes,no,cellular,nov,wed,1,999,1,failure,-3.4,92.649,-30.1,0.716,5017.5
38940,25,technician,single,professional.course,no,yes,no,cellular,nov,wed,1,999,0,nonexistent,-3.4,92.649,-30.1,0.716,5017.5
38942,32,management,single,university.degree,no,yes,yes,cellular,nov,fri,2,999,1,failure,-3.4,92.649,-30.1,0.718,5017.5
38943,78,retired,married,professional.course,no,no,no,cellular,nov,fri,2,999,1,failure,-3.4,92.649,-30.1,0.718,5017.5
38948,31,blue-collar,married,basic.6y,no,yes,no,cellular,nov,fri,3,999,0,nonexistent,-3.4,92.649,-30.1,0.718,5017.5
38950,44,admin.,divorced,high.school,no,yes,no,telephone,nov,mon,2,6,1,success,-3.4,92.649,-30.1,0.719,5017.5
38955,62,blue-collar,married,basic.4y,no,no,no,cellular,nov,mon,1,999,1,failure,-3.4,92.649,-30.1,0.719,5017.5
38957,31,blue-collar,married,basic.6y,no,yes,no,cellular,nov,mon,1,999,2,failure,-3.4,92.649,-30.1,0.719,5017.5
38966,55,technician,married,high.school,no,yes,no,cellular,dec,thu,1,999,1,failure,-3.0,92.713,-33.0,0.72,5023.5
38984,55,admin.,married,high.school,no,no,no,cellular,dec,fri,2,999,0,nonexistent,-3.0,92.713,-33.0,0.718,5023.5
38985,80,retired,divorced,basic.4y,no,no,yes,cellular,dec,fri,5,999,1,failure,-3.0,92.713,-33.0,0.718,5023.5
39005,42,services,married,university.degree,no,no,no,cellular,dec,wed,1,6,1,success,-3.0,92.713,-33.0,0.715,5023.5
39030,64,housemaid,married,basic.4y,no,no,yes,cellular,dec,thu,1,6,1,success,-3.0,92.713,-33.0,0.714,5023.5
39035,57,admin.,single,high.school,no,no,no,cellular,dec,mon,1,6,2,success,-3.0,92.713,-33.0,0.715,5023.5
39038,48,technician,married,professional.course,no,yes,yes,cellular,dec,mon,3,999,0,nonexistent,-3.0,92.713,-33.0,0.715,5023.5
39054,47,housemaid,married,basic.9y,no,yes,no,cellular,dec,thu,1,999,1,failure,-3.0,92.713,-33.0,0.712,5023.5
39056,76,retired,married,university.degree,no,no,no,cellular,dec,thu,1,999,1,failure,-3.0,92.713,-33.0,0.712,5023.5
39064,38,unemployed,single,high.school,no,yes,no,cellular,dec,fri,4,6,1,success,-3.0,92.713,-33.0,0.71,5023.5
39081,23,student,single,basic.9y,no,yes,no,cellular,dec,tue,2,999,0,nonexistent,-3.0,92.713,-33.0,0.708,5023.5
39083,23,student,single,basic.9y,no,yes,no,cellular,dec,tue,2,999,0,nonexistent,-3.0,92.713,-33.0,0.708,5023.5
39092,41,admin.,married,university.degree,no,no,no,cellular,dec,thu,1,999,0,nonexistent,-3.0,92.713,-33.0,0.707,5023.5
39097,35,unemployed,married,professional.course,no,yes,yes,cellular,dec,thu,3,999,1,failure,-3.0,92.713,-33.0,0.707,5023.5
39103,53,admin.,married,university.degree,no,yes,yes,cellular,dec,mon,1,999,0,nonexistent,-3.0,92.713,-33.0,0.706,5023.5
39126,51,blue-collar,married,professional.course,no,yes,no,cellular,dec,wed,3,999,0,nonexistent,-3.0,92.713,-33.0,0.7,5023.5
39143,31,admin.,married,university.degree,no,unknown,unknown,cellular,mar,tue,1,999,0,nonexistent,-1.8,93.369,-34.8,0.655,5008.7
39145,66,retired,married,professional.course,no,no,no,cellular,mar,tue,1,999,1,failure,-1.8,93.369,-34.8,0.655,5008.7
39157,24,admin.,single,university.degree,no,yes,no,cellular,mar,wed,2,999,1,failure,-1.8,93.369,-34.8,0.655,5008.7
39170,34,technician,single,university.degree,no,no,no,cellular,mar,thu,1,999,2,failure,-1.8,93.369,-34.8,0.654,5008.7
39179,34,admin.,married,professional.course,no,yes,no,cellular,mar,thu,3,999,1,failure,-1.8,93.369,-34.8,0.654,5008.7
39183,41,admin.,divorced,university.degree,no,yes,yes,cellular,mar,fri,1,999,0,nonexistent,-1.8,93.369,-34.8,0.653,5008.7
39191,74,retired,married,unknown,no,no,yes,cellular,mar,fri,2,999,0,nonexistent,-1.8,93.369,-34.8,0.653,5008.7
39204,29,management,single,university.degree,no,yes,no,cellular,mar,mon,2,999,1,failure,-1.8,93.369,-34.8,0.652,5008.7
39218,42,blue-collar,married,basic.6y,no,yes,yes,cellular,mar,tue,1,7,3,failure,-1.8,93.369,-34.8,0.652,5008.7
39230,34,admin.,single,university.degree,no,yes,no,cellular,mar,tue,2,999,0,nonexistent,-1.8,93.369,-34.8,0.652,5008.7
39234,25,unemployed,married,high.school,no,yes,no,cellular,mar,wed,2,6,1,success,-1.8,93.369,-34.8,0.651,5008.7
39239,31,technician,married,university.degree,no,no,no,cellular,mar,wed,4,999,0,nonexistent,-1.8,93.369,-34.8,0.651,5008.7
39252,31,self-employed,married,professional.course,no,yes,no,cellular,mar,thu,4,999,3,failure,-1.8,93.369,-34.8,0.65,5008.7
39254,61,self-employed,divorced,university.degree,no,no,no,cellular,mar,fri,2,999,1,failure,-1.8,93.369,-34.8,0.649,5008.7
39270,48,unemployed,married,university.degree,no,no,yes,cellular,mar,mon,1,999,1,failure,-1.8,93.369,-34.8,0.646,5008.7
39271,53,technician,married,professional.course,no,yes,no,telephone,mar,mon,5,999,2,failure,-1.8,93.369,-34.8,0.646,5008.7
39296,52,admin.,married,university.degree,no,no,no,cellular,mar,tue,1,6,2,success,-1.8,93.369,-34.8,0.646,5008.7
39311,28,admin.,single,university.degree,no,no,no,cellular,mar,thu,1,999,0,nonexistent,-1.8,93.369,-34.8,0.643,5008.7
39316,29,technician,single,professional.course,no,yes,yes,cellular,mar,thu,2,13,1,success,-1.8,93.369,-34.8,0.643,5008.7
39330,39,technician,divorced,high.school,no,no,no,cellular,mar,mon,1,3,1,success,-1.8,93.369,-34.8,0.639,5008.7
39331,36,blue-collar,divorced,high.school,no,no,no,cellular,mar,mon,2,999,1,failure,-1.8,93.369,-34.8,0.639,5008.7
39333,75,retired,married,basic.9y,no,no,no,cellular,mar,mon,2,999,0,nonexistent,-1.8,93.369,-34.8,0.639,5008.7
39352,57,blue-collar,married,basic.9y,no,no,no,cellular,mar,fri,2,999,0,nonexistent,-1.8,93.369,-34.8,0.636,5008.7
39358,27,self-employed,single,university.degree,no,no,no,cellular,mar,fri,1,999,0,nonexistent,-1.8,93.369,-34.8,0.636,5008.7
39360,34,admin.,divorced,high.school,no,no,no,cellular,mar,fri,1,999,0,nonexistent,-1.8,93.369,-34.8,0.636,5008.7
39365,58,services,married,high.school,no,no,no,cellular,mar,mon,2,3,1,success,-1.8,93.369,-34.8,0.635,5008.7
39383,34,management,married,university.degree,no,unknown,unknown,cellular,mar,tue,4,999,0,nonexistent,-1.8,93.369,-34.8,0.635,5008.7
39384,27,admin.,single,university.degree,no,yes,no,cellular,mar,tue,1,999,2,failure,-1.8,93.369,-34.8,0.635,5008.7
39391,56,admin.,single,university.degree,no,yes,no,cellular,mar,wed,1,999,1,failure,-1.8,93.369,-34.8,0.634,5008.7
39395,60,housemaid,married,basic.4y,no,yes,yes,cellular,apr,thu,1,12,1,success,-1.8,93.749,-34.6,0.635,5008.7
39400,27,student,single,unknown,no,yes,no,cellular,apr,thu,1,999,1,failure,-1.8,93.749,-34.6,0.635,5008.7
39410,61,admin.,married,high.school,no,yes,no,cellular,apr,tue,1,999,1,failure,-1.8,93.749,-34.6,0.638,5008.7
39433,48,admin.,married,professional.course,no,yes,no,cellular,apr,mon,1,7,1,success,-1.8,93.749,-34.6,0.642,5008.7
39437,58,housemaid,single,professional.course,no,no,no,cellular,apr,mon,1,6,1,success,-1.8,93.749,-34.6,0.642,5008.7
39443,33,management,single,university.degree,no,no,no,cellular,apr,tue,3,999,1,failure,-1.8,93.749,-34.6,0.644,5008.7
39445,80,housemaid,married,basic.4y,no,yes,yes,cellular,apr,tue,1,12,1,success,-1.8,93.749,-34.6,0.644,5008.7
39459,58,admin.,married,professional.course,no,yes,no,cellular,apr,thu,4,999,2,failure,-1.8,93.749,-34.6,0.644,5008.7
39471,54,admin.,married,high.school,no,no,no,cellular,apr,mon,1,12,1,success,-1.8,93.749,-34.6,0.643,5008.7
39484,49,admin.,divorced,high.school,no,no,no,cellular,apr,wed,2,999,0,nonexistent,-1.8,93.749,-34.6,0.642,5008.7
39502,41,admin.,married,university.degree,no,yes,no,cellular,apr,fri,1,999,0,nonexistent,-1.8,93.749,-34.6,0.645,5008.7
39514,32,technician,married,professional.course,no,no,no,cellular,apr,mon,2,999,0,nonexistent,-1.8,93.749,-34.6,0.645,5008.7
39518,20,student,single,high.school,no,no,no,cellular,apr,mon,1,999,3,failure,-1.8,93.749,-34.6,0.645,5008.7
39530,27,admin.,single,university.degree,no,yes,no,cellular,apr,tue,1,999,0,nonexistent,-1.8,93.749,-34.6,0.646,5008.7
39538,52,admin.,married,unknown,no,yes,no,cellular,apr,wed,2,10,1,success,-1.8,93.749,-34.6,0.654,5008.7
39539,52,admin.,married,unknown,no,yes,no,telephone,apr,wed,1,6,1,success,-1.8,93.749,-34.6,0.654,5008.7
39571,52,admin.,married,university.degree,no,no,no,cellular,may,tue,1,3,2,success,-1.8,93.876,-40.0,0.668,5008.7
39573,30,admin.,single,university.degree,no,no,no,cellular,may,tue,1,6,1,success,-1.8,93.876,-40.0,0.668,5008.7
39578,79,retired,married,basic.9y,no,no,no,cellular,may,tue,1,999,2,failure,-1.8,93.876,-40.0,0.668,5008.7
39591,24,student,single,high.school,no,yes,no,cellular,may,wed,1,999,3,failure,-1.8,93.876,-40.0,0.672,5008.7
39595,29,admin.,single,university.degree,no,no,no,cellular,may,wed,1,6,2,failure,-1.8,93.876,-40.0,0.672,5008.7
39614,31,student,single,unknown,no,no,no,cellular,may,thu,2,999,1,failure,-1.8,93.876,-40.0,0.677,5008.7
39636,50,admin.,married,university.degree,no,unknown,unknown,cellular,may,wed,1,999,1,failure,-1.8,93.876,-40.0,0.682,5008.7
39638,58,admin.,married,high.school,no,yes,no,cellular,may,wed,1,6,1,success,-1.8,93.876,-40.0,0.682,5008.7
39645,48,unemployed,married,professional.course,no,yes,no,cellular,may,wed,1,6,2,success,-1.8,93.876,-40.0,0.682,5008.7
39651,77,retired,married,university.degree,no,yes,no,telephone,may,wed,1,3,4,success,-1.8,93.876,-40.0,0.682,5008.7
39669,52,management,married,university.degree,no,no,no,cellular,may,fri,2,9,1,success,-1.8,93.876,-40.0,0.684,5008.7
39678,65,admin.,married,university.degree,no,yes,no,cellular,may,fri,3,999,1,failure,-1.8,93.876,-40.0,0.684,5008.7
39701,45,unknown,married,university.degree,no,yes,no,cellular,may,thu,1,999,1,failure,-1.8,93.876,-40.0,0.692,5008.7
39727,20,student,single,unknown,no,no,no,cellular,may,tue,2,3,5,success,-1.8,93.876,-40.0,0.697,5008.7
39728,20,student,single,unknown,no,no,no,cellular,may,tue,2,12,1,success,-1.8,93.876,-40.0,0.697,5008.7
39737,31,technician,divorced,university.degree,no,no,no,cellular,may,wed,3,7,3,success,-1.8,93.876,-40.0,0.697,5008.7
39740,28,admin.,married,high.school,no,no,yes,cellular,may,wed,2,999,0,nonexistent,-1.8,93.876,-40.0,0.697,5008.7
39747,37,student,divorced,university.degree,no,yes,no,cellular,may,thu,1,999,1,failure,-1.8,93.876,-40.0,0.699,5008.7
39760,23,unemployed,married,high.school,no,no,no,telephone,may,fri,1,999,0,nonexistent,-1.8,93.876,-40.0,0.699,5008.7
39784,29,blue-collar,single,basic.9y,no,no,no,telephone,jun,tue,1,6,2,success,-1.7,94.055,-39.8,0.702,4991.6
39802,34,blue-collar,married,basic.9y,no,no,no,telephone,jun,tue,1,999,0,nonexistent,-1.7,94.055,-39.8,0.702,4991.6
39818,48,admin.,married,high.school,no,yes,no,telephone,jun,mon,1,999,0,nonexistent,-1.7,94.055,-39.8,0.711,4991.6
39819,32,blue-collar,single,basic.9y,no,yes,no,telephone,jun,tue,1,999,0,nonexistent,-1.7,94.055,-39.8,0.713,4991.6
39823,47,blue-collar,married,basic.9y,no,no,no,cellular,jun,tue,1,999,0,nonexistent,-1.7,94.055,-39.8,0.713,4991.6
39831,33,admin.,single,university.degree,no,no,no,cellular,jun,wed,1,3,1,success,-1.7,94.055,-39.8,0.715,4991.6
39832,44,technician,married,university.degree,no,yes,no,telephone,jun,wed,1,6,3,failure,-1.7,94.055,-39.8,0.715,4991.6
39838,29,admin.,single,university.degree,no,no,no,cellular,jun,wed,2,3,4,success,-1.7,94.055,-39.8,0.715,4991.6
39854,39,technician,married,university.degree,no,yes,no,cellular,jun,mon,2,999,0,nonexistent,-1.7,94.055,-39.8,0.72,4991.6
39869,56,management,married,basic.6y,no,yes,no,cellular,jun,tue,1,7,2,success,-1.7,94.055,-39.8,0.723,4991.6
39883,36,services,married,high.school,no,no,no,cellular,jun,thu,3,999,0,nonexistent,-1.7,94.055,-39.8,0.729,4991.6
39892,24,student,single,high.school,no,no,yes,cellular,jun,thu,2,12,2,failure,-1.7,94.055,-39.8,0.729,4991.6
39896,33,admin.,married,university.degree,no,no,no,telephone,jun,fri,1,999,0,nonexistent,-1.7,94.055,-39.8,0.732,4991.6
39899,41,entrepreneur,married,university.degree,no,yes,no,telephone,jun,fri,1,999,0,nonexistent,-1.7,94.055,-39.8,0.732,4991.6
39913,36,blue-collar,single,high.school,no,yes,yes,cellular,jun,wed,2,3,1,success,-1.7,94.055,-39.8,0.739,4991.6
39917,35,technician,divorced,professional.course,no,yes,yes,cellular,jun,wed,1,999,0,nonexistent,-1.7,94.055,-39.8,0.739,4991.6
39918,37,admin.,married,high.school,no,no,no,cellular,jun,wed,3,999,0,nonexistent,-1.7,94.055,-39.8,0.739,4991.6
39925,30,admin.,single,university.degree,no,yes,no,telephone,jun,thu,1,999,0,nonexistent,-1.7,94.055,-39.8,0.742,4991.6
39927,43,management,married,university.degree,no,no,no,cellular,jun,thu,1,999,0,nonexistent,-1.7,94.055,-39.8,0.742,4991.6
39942,23,student,single,basic.6y,no,no,no,cellular,jun,fri,1,14,1,success,-1.7,94.055,-39.8,0.748,4991.6
39950,69,retired,divorced,professional.course,no,yes,no,telephone,jun,fri,5,999,0,nonexistent,-1.7,94.055,-39.8,0.748,4991.6
39958,53,management,divorced,university.degree,no,no,no,cellular,jun,mon,1,999,0,nonexistent,-1.7,94.055,-39.8,0.754,4991.6
39963,37,self-employed,married,university.degree,no,no,no,telephone,jun,mon,1,999,0,nonexistent,-1.7,94.055,-39.8,0.754,4991.6
39968,68,retired,married,basic.4y,unknown,yes,no,cellular,jun,mon,3,999,0,nonexistent,-1.7,94.055,-39.8,0.754,4991.6
39975,76,retired,married,professional.course,unknown,yes,no,cellular,jun,tue,1,3,1,success,-1.7,94.055,-39.8,0.761,4991.6
39979,27,unemployed,single,basic.4y,no,no,no,cellular,jun,tue,1,999,2,failure,-1.7,94.055,-39.8,0.761,4991.6
39983,25,student,single,high.school,no,yes,yes,cellular,jun,tue,2,6,3,success,-1.7,94.055,-39.8,0.761,4991.6
39988,30,technician,single,professional.course,no,yes,no,telephone,jun,tue,1,999,0,nonexistent,-1.7,94.055,-39.8,0.761,4991.6
39989,33,admin.,married,university.degree,no,no,no,telephone,jun,tue,2,999,0,nonexistent,-1.7,94.055,-39.8,0.761,4991.6
39993,26,admin.,married,high.school,no,no,no,cellular,jun,wed,4,12,3,failure,-1.7,94.055,-39.8,0.767,4991.6
40003,21,student,single,high.school,no,yes,yes,cellular,jun,wed,2,999,0,nonexistent,-1.7,94.055,-39.8,0.767,4991.6
40006,66,retired,married,basic.4y,no,no,yes,cellular,jun,wed,2,999,0,nonexistent,-1.7,94.055,-39.8,0.767,4991.6
40023,37,admin.,single,university.degree,no,yes,no,cellular,jul,fri,2,4,3,success,-1.7,94.215,-40.3,0.79,4991.6
40033,41,admin.,divorced,university.degree,no,no,no,cellular,jul,mon,3,999,0,nonexistent,-1.7,94.215,-40.3,0.793,4991.6
40045,30,admin.,single,university.degree,no,no,no,cellular,jul,tue,1,3,2,success,-1.7,94.215,-40.3,0.797,4991.6
40087,33,blue-collar,single,professional.course,no,no,yes,telephone,jul,fri,1,999,0,nonexistent,-1.7,94.215,-40.3,0.822,4991.6
40089,26,unemployed,single,high.school,no,yes,no,telephone,jul,fri,1,999,0,nonexistent,-1.7,94.215,-40.3,0.822,4991.6
40152,23,blue-collar,single,basic.9y,no,yes,no,cellular,jul,thu,5,999,1,failure,-1.7,94.215,-40.3,0.846,4991.6
40154,52,technician,married,basic.6y,no,yes,no,cellular,jul,thu,1,3,1,success,-1.7,94.215,-40.3,0.846,4991.6
40155,50,management,married,university.degree,no,yes,no,cellular,jul,thu,1,999,0,nonexistent,-1.7,94.215,-40.3,0.846,4991.6
40168,28,self-employed,single,university.degree,no,yes,no,cellular,jul,thu,2,999,0,nonexistent,-1.7,94.215,-40.3,0.846,4991.6
40171,54,retired,single,basic.4y,no,yes,no,cellular,jul,thu,4,999,0,nonexistent,-1.7,94.215,-40.3,0.846,4991.6
40174,26,technician,single,university.degree,no,no,no,cellular,jul,fri,2,6,1,success,-1.7,94.215,-40.3,0.861,4991.6
40185,26,technician,single,university.degree,no,yes,no,cellular,jul,fri,3,6,2,success,-1.7,94.215,-40.3,0.861,4991.6
40196,72,retired,married,basic.4y,no,yes,no,cellular,jul,mon,2,999,1,failure,-1.7,94.215,-40.3,0.87,4991.6
40204,30,technician,married,university.degree,no,yes,yes,cellular,jul,mon,4,999,0,nonexistent,-1.7,94.215,-40.3,0.87,4991.6
40224,24,technician,single,professional.course,no,yes,no,cellular,jul,thu,2,3,1,success,-1.7,94.215,-40.3,0.884,4991.6
40233,34,technician,single,basic.9y,no,no,no,telephone,jul,thu,1,999,1,failure,-1.7,94.215,-40.3,0.884,4991.6
40275,26,student,single,high.school,no,no,no,cellular,jul,tue,1,999,1,failure,-1.7,94.215,-40.3,0.893,4991.6
40278,74,retired,divorced,basic.4y,no,yes,yes,cellular,jul,wed,2,999,0,nonexistent,-1.7,94.215,-40.3,0.896,4991.6
40293,34,admin.,divorced,university.degree,no,yes,no,telephone,jul,thu,3,999,1,failure,-1.7,94.215,-40.3,0.899,4991.6
40295,50,entrepreneur,divorced,university.degree,no,yes,no,cellular,jul,thu,1,6,3,success,-1.7,94.215,-40.3,0.899,4991.6
40296,31,technician,single,university.degree,no,no,no,cellular,jul,thu,4,999,1,failure,-1.7,94.215,-40.3,0.899,4991.6
40304,53,admin.,married,high.school,no,yes,no,cellular,jul,thu,6,999,0,nonexistent,-1.7,94.215,-40.3,0.899,4991.6
40320,55,services,divorced,high.school,no,yes,no,cellular,jul,fri,3,999,0,nonexistent,-1.7,94.215,-40.3,0.896,4991.6
40342,53,services,married,basic.9y,no,yes,no,telephone,aug,mon,2,999,1,failure,-1.7,94.027,-38.3,0.898,4991.6
40343,31,technician,single,unknown,no,yes,no,cellular,aug,mon,2,9,3,success,-1.7,94.027,-38.3,0.898,4991.6
40344,28,admin.,married,university.degree,no,yes,no,cellular,aug,mon,3,999,1,failure,-1.7,94.027,-38.3,0.898,4991.6
40345,77,retired,divorced,professional.course,no,no,no,cellular,aug,mon,1,999,0,nonexistent,-1.7,94.027,-38.3,0.898,4991.6
40354,21,student,single,high.school,no,yes,no,cellular,aug,tue,2,999,1,failure,-1.7,94.027,-38.3,0.899,4991.6
40373,28,student,single,basic.9y,no,no,no,telephone,aug,wed,2,6,2,success,-1.7,94.027,-38.3,0.9,4991.6
40378,34,admin.,married,university.degree,no,yes,no,cellular,aug,wed,1,10,2,failure,-1.7,94.027,-38.3,0.9,4991.6
40418,27,admin.,single,university.degree,no,no,no,cellular,aug,fri,2,3,3,success,-1.7,94.027,-38.3,0.905,4991.6
40439,56,blue-collar,divorced,basic.4y,no,yes,no,telephone,aug,mon,1,12,4,failure,-1.7,94.027,-38.3,0.904,4991.6
40443,26,admin.,single,university.degree,no,no,no,cellular,aug,mon,1,6,5,success,-1.7,94.027,-38.3,0.904,4991.6
40445,55,housemaid,single,university.degree,no,yes,no,telephone,aug,tue,1,999,0,nonexistent,-1.7,94.027,-38.3,0.904,4991.6
40457,37,management,married,university.degree,no,yes,yes,telephone,aug,tue,2,6,1,success,-1.7,94.027,-38.3,0.904,4991.6
40483,33,admin.,married,university.degree,no,no,no,cellular,aug,thu,1,999,0,nonexistent,-1.7,94.027,-38.3,0.899,4991.6
40489,76,retired,married,university.degree,no,no,no,cellular,aug,thu,1,999,1,failure,-1.7,94.027,-38.3,0.899,4991.6
40490,30,admin.,single,high.school,no,no,no,telephone,aug,thu,1,22,1,success,-1.7,94.027,-38.3,0.899,4991.6
40494,25,student,single,high.school,no,yes,yes,telephone,aug,fri,1,999,0,nonexistent,-1.7,94.027,-38.3,0.898,4991.6
40524,33,admin.,divorced,high.school,no,no,no,telephone,aug,fri,1,999,0,nonexistent,-1.7,94.027,-38.3,0.89,4991.6
40537,58,blue-collar,married,high.school,no,yes,no,telephone,aug,fri,1,999,0,nonexistent,-1.7,94.027,-38.3,0.888,4991.6
40538,27,admin.,single,high.school,no,no,no,telephone,aug,fri,1,999,0,nonexistent,-1.7,94.027,-38.3,0.888,4991.6
40543,30,admin.,single,university.degree,no,no,no,cellular,aug,tue,1,999,0,nonexistent,-1.7,94.027,-38.3,0.886,4991.6
40548,60,retired,married,high.school,no,yes,no,cellular,aug,tue,2,999,2,failure,-1.7,94.027,-38.3,0.886,4991.6
40556,34,admin.,married,university.degree,no,yes,no,cellular,sep,wed,1,18,2,failure,-1.1,94.199,-37.5,0.886,4963.6
40576,81,retired,divorced,basic.4y,no,no,no,cellular,sep,wed,2,7,1,success,-1.1,94.199,-37.5,0.886,4963.6
40597,32,admin.,single,university.degree,no,yes,no,cellular,sep,thu,2,10,3,success,-1.1,94.199,-37.5,0.884,4963.6
40600,67,retired,married,professional.course,no,no,no,cellular,sep,fri,2,999,0,nonexistent,-1.1,94.199,-37.5,0.883,4963.6
40635,24,blue-collar,single,high.school,no,yes,no,cellular,sep,mon,1,999,3,failure,-1.1,94.199,-37.5,0.882,4963.6
40646,36,management,divorced,university.degree,no,yes,no,cellular,sep,tue,1,6,1,success,-1.1,94.199,-37.5,0.881,4963.6
40662,31,student,single,unknown,no,unknown,unknown,cellular,sep,wed,2,6,2,success,-1.1,94.199,-37.5,0.88,4963.6
40676,27,technician,single,university.degree,no,yes,no,cellular,sep,thu,1,3,1,success,-1.1,94.199,-37.5,0.879,4963.6
40678,33,admin.,married,high.school,no,yes,no,cellular,sep,thu,1,999,0,nonexistent,-1.1,94.199,-37.5,0.879,4963.6
40681,33,admin.,single,university.degree,no,yes,no,cellular,sep,thu,1,999,0,nonexistent,-1.1,94.199,-37.5,0.879,4963.6
40687,83,retired,divorced,basic.4y,no,no,no,cellular,sep,thu,1,9,3,success,-1.1,94.199,-37.5,0.879,4963.6
40696,32,technician,married,university.degree,no,no,no,cellular,sep,mon,2,999,0,nonexistent,-1.1,94.199,-37.5,0.879,4963.6
40706,31,blue-collar,single,basic.9y,no,yes,no,telephone,sep,mon,1,999,0,nonexistent,-1.1,94.199,-37.5,0.879,4963.6
40708,27,admin.,single,university.degree,no,yes,no,telephone,sep,mon,1,999,0,nonexistent,-1.1,94.199,-37.5,0.879,4963.6
40714,30,technician,single,professional.course,no,no,no,cellular,sep,tue,1,6,1,success,-1.1,94.199,-37.5,0.877,4963.6
40718,30,technician,single,professional.course,no,no,no,cellular,sep,tue,2,999,1,failure,-1.1,94.199,-37.5,0.877,4963.6
40726,30,technician,single,professional.course,no,unknown,unknown,telephone,sep,tue,1,12,2,failure,-1.1,94.199,-37.5,0.877,4963.6
40744,35,admin.,married,university.degree,no,yes,no,telephone,sep,wed,1,999,0,nonexistent,-1.1,94.199,-37.5,0.876,4963.6
40748,36,unemployed,single,high.school,no,yes,no,cellular,sep,thu,1,3,1,success,-1.1,94.199,-37.5,0.879,4963.6
40754,23,admin.,single,university.degree,no,no,no,cellular,sep,thu,3,999,1,failure,-1.1,94.199,-37.5,0.879,4963.6
40781,41,unemployed,married,high.school,no,yes,yes,cellular,sep,wed,1,6,1,success,-1.1,94.199,-37.5,0.879,4963.6
40783,33,admin.,married,university.degree,no,no,yes,cellular,sep,wed,1,999,2,failure,-1.1,94.199,-37.5,0.879,4963.6
40784,33,technician,married,professional.course,no,no,no,cellular,sep,wed,1,999,0,nonexistent,-1.1,94.199,-37.5,0.879,4963.6
40798,58,admin.,married,high.school,no,no,no,cellular,sep,thu,1,6,1,success,-1.1,94.199,-37.5,0.878,4963.6
40799,42,admin.,single,high.school,no,no,no,cellular,sep,thu,1,999,0,nonexistent,-1.1,94.199,-37.5,0.878,4963.6
40811,30,services,single,high.school,no,yes,no,cellular,sep,thu,1,999,3,failure,-1.1,94.199,-37.5,0.878,4963.6
40814,58,admin.,married,university.degree,no,no,no,cellular,sep,thu,4,6,1,success,-1.1,94.199,-37.5,0.878,4963.6
40826,60,retired,married,professional.course,no,no,no,telephone,sep,fri,1,999,1,failure,-1.1,94.199,-37.5,0.879,4963.6
40828,27,admin.,single,high.school,no,no,no,telephone,sep,mon,1,999,0,nonexistent,-1.1,94.199,-37.5,0.879,4963.6
40833,30,student,single,professional.course,no,unknown,unknown,cellular,sep,mon,4,6,3,success,-1.1,94.199,-37.5,0.879,4963.6
40842,32,admin.,single,university.degree,no,yes,no,telephone,sep,tue,1,999,0,nonexistent,-1.1,94.199,-37.5,0.88,4963.6
40845,30,student,single,professional.course,no,yes,no,cellular,sep,tue,2,6,1,success,-1.1,94.199,-37.5,0.88,4963.6
40856,41,admin.,married,unknown,no,no,no,cellular,sep,wed,1,7,3,success,-1.1,94.199,-37.5,0.886,4963.6
40863,27,student,single,university.degree,no,yes,no,cellular,oct,fri,1,999,3,failure,-1.1,94.601,-49.5,0.942,4963.6
40865,58,admin.,married,university.degree,no,yes,no,telephone,oct,mon,1,999,0,nonexistent,-1.1,94.601,-49.5,0.953,4963.6
40884,65,retired,married,basic.4y,no,yes,no,telephone,oct,thu,4,999,0,nonexistent,-1.1,94.601,-49.5,0.965,4963.6
40898,32,services,single,university.degree,no,yes,no,cellular,oct,fri,2,999,2,failure,-1.1,94.601,-49.5,0.972,4963.6
40912,33,services,single,university.degree,no,no,no,cellular,oct,mon,2,999,0,nonexistent,-1.1,94.601,-49.5,0.977,4963.6
40916,74,retired,married,university.degree,no,no,no,telephone,oct,mon,1,999,0,nonexistent,-1.1,94.601,-49.5,0.977,4963.6
40917,25,services,single,high.school,no,no,no,cellular,oct,mon,1,999,1,failure,-1.1,94.601,-49.5,0.977,4963.6
40920,22,unemployed,single,university.degree,no,no,yes,telephone,oct,mon,2,999,0,nonexistent,-1.1,94.601,-49.5,0.977,4963.6
40929,21,student,single,high.school,no,no,no,cellular,oct,tue,1,999,0,nonexistent,-1.1,94.601,-49.5,0.982,4963.6
40931,22,student,single,university.degree,no,yes,no,cellular,oct,tue,1,999,0,nonexistent,-1.1,94.601,-49.5,0.982,4963.6
40932,27,admin.,single,university.degree,no,yes,yes,cellular,oct,tue,1,3,2,success,-1.1,94.601,-49.5,0.982,4963.6
40938,27,blue-collar,single,high.school,no,yes,no,cellular,oct,tue,3,999,1,failure,-1.1,94.601,-49.5,0.982,4963.6
40960,37,admin.,single,high.school,no,no,no,cellular,oct,thu,1,999,0,nonexistent,-1.1,94.601,-49.5,0.987,4963.6
40963,41,admin.,single,high.school,no,no,no,cellular,oct,thu,2,999,0,nonexistent,-1.1,94.601,-49.5,0.987,4963.6
40969,65,retired,married,basic.4y,no,no,no,cellular,oct,fri,2,7,3,success,-1.1,94.601,-49.5,0.993,4963.6
40987,84,retired,divorced,basic.4y,unknown,yes,yes,cellular,oct,mon,4,3,1,success,-1.1,94.601,-49.5,1.0,4963.6
41005,80,retired,married,professional.course,no,yes,no,cellular,oct,thu,1,999,1,failure,-1.1,94.601,-49.5,1.025,4963.6
41007,37,housemaid,married,university.degree,no,no,no,cellular,oct,thu,1,6,2,success,-1.1,94.601,-49.5,1.025,4963.6
41013,65,retired,married,high.school,no,yes,no,cellular,oct,thu,5,3,1,success,-1.1,94.601,-49.5,1.025,4963.6
41029,28,admin.,single,university.degree,no,yes,no,cellular,oct,mon,4,17,3,failure,-1.1,94.601,-49.5,1.032,4963.6
41038,28,admin.,single,university.degree,no,yes,no,cellular,oct,mon,1,6,2,success,-1.1,94.601,-49.5,1.032,4963.6
41053,65,retired,married,basic.4y,no,no,no,cellular,oct,wed,1,999,0,nonexistent,-1.1,94.601,-49.5,1.043,4963.6
41072,61,retired,married,university.degree,no,no,no,cellular,nov,mon,1,999,0,nonexistent,-1.1,94.767,-50.8,1.05,4963.6
41076,34,admin.,married,university.degree,no,no,no,cellular,nov,mon,2,999,0,nonexistent,-1.1,94.767,-50.8,1.05,4963.6
41112,46,admin.,single,university.degree,no,no,yes,cellular,nov,tue,1,999,1,failure,-1.1,94.767,-50.8,1.046,4963.6
41114,34,technician,married,unknown,no,no,no,cellular,nov,tue,1,6,2,success,-1.1,94.767,-50.8,1.046,4963.6
41119,34,technician,married,unknown,no,yes,no,cellular,nov,tue,2,999,2,failure,-1.1,94.767,-50.8,1.046,4963.6
41121,60,admin.,married,unknown,no,no,no,cellular,nov,tue,2,999,0,nonexistent,-1.1,94.767,-50.8,1.046,4963.6
41124,36,blue-collar,single,basic.6y,no,no,no,cellular,nov,tue,4,999,0,nonexistent,-1.1,94.767,-50.8,1.046,4963.6
41125,37,technician,single,professional.course,no,yes,no,cellular,nov,wed,1,6,4,success,-1.1,94.767,-50.8,1.044,4963.6
41126,37,technician,single,professional.course,no,yes,no,cellular,nov,wed,1,999,0,nonexistent,-1.1,94.767,-50.8,1.044,4963.6
41127,61,admin.,married,high.school,no,yes,no,cellular,nov,wed,1,21,5,failure,-1.1,94.767,-50.8,1.044,4963.6
41133,41,unemployed,married,basic.9y,no,no,no,cellular,nov,thu,2,3,2,success,-1.1,94.767,-50.8,1.041,4963.6
41158,31,housemaid,single,university.degree,no,no,no,cellular,nov,mon,4,999,0,nonexistent,-1.1,94.767,-50.8,1.039,4963.6
41160,35,technician,divorced,basic.4y,no,yes,no,cellular,nov,tue,1,9,4,success,-1.1,94.767,-50.8,1.035,4963.6
41173,31,admin.,single,university.degree,no,yes,no,cellular,nov,thu,1,999,0,nonexistent,-1.1,94.767,-50.8,1.031,4963.6
